source_id,cattery_id,cattery_name,breed_original,breed_name_en,scalesync_vbo_id,mapping_decision,association_count,geography,sample_type,organization,denominator,url,accessed_at,limitations_bias
RU-FARUS-CATTERIES-2026-09-09,1000,637/Кр/25 Karat coon,MCO,Maine Coon,VBO:0100154,exact,1,Russia (records with explicit foreign address excluded),active cattery-breed association,FARUS,1006,https://xn--80a6adhc.xn--p1ai/catteries/119/1000.html,2026-09-09,Supply-side federation register; multi-breed catteries contribute once to each listed breed; no animal/litter counts; undated cards retained; unknown codes omitted
RU-FARUS-CATTERIES-2026-09-09,1001,399/Кр/25 Izumrudnyi Lug (Изумрудный луг),MCO,Maine Coon,VBO:0100154,exact,1,Russia (records with explicit foreign address excluded),active cattery-breed association,FARUS,1006,https://xn--80a6adhc.xn--p1ai/catteries/119/1001.html,2026-09-09,Supply-side federation register; multi-breed catteries contribute once to each listed breed; no animal/litter counts; undated cards retained; unknown codes omitted
RU-FARUS-CATTERIES-2026-09-09,1002,1260/Ом/25 Rossali Yin Yang (Россали Инь Янь),MCO,Maine Coon,VBO:0100154,exact,1,Russia (records with explicit foreign address excluded),active cattery-breed association,FARUS,1006,https://xn--80a6adhc.xn--p1ai/catteries/126/1002.html,2026-09-09,Supply-side federation register; multi-breed catteries contribute once to each listed breed; no animal/litter counts; undated cards retained; unknown codes omitted
RU-FARUS-CATTERIES-2026-09-09,1002,1260/Ом/25 Rossali Yin Yang (Россали Инь Янь),MCP,Maine Coon Polydactyl,VBO:0100155,exact,1,Russia (records with explicit foreign address excluded),active cattery-breed association,FARUS,1006,https://xn--80a6adhc.xn--p1ai/catteries/126/1002.html,2026-09-09,Supply-side federation register; multi-breed catteries contribute once to each listed breed; no animal/litter counts; undated cards retained; unknown codes omitted
RU-FARUS-CATTERIES-2026-09-09,1003,1261/ОмП/25 Mirta,MCO,Maine Coon,VBO:0100154,exact,1,Russia (records with explicit foreign address excluded),active cattery-breed association,FARUS,1006,https://xn--80a6adhc.xn--p1ai/catteries/126/1003.html,2026-09-09,Supply-side federation register; multi-breed catteries contribute once to each listed breed; no animal/litter counts; undated cards retained; unknown codes omitted
RU-FARUS-CATTERIES-2026-09-09,1003,1261/ОмП/25 Mirta,MCP,Maine Coon Polydactyl,VBO:0100155,exact,1,Russia (records with explicit foreign address excluded),active cattery-breed association,FARUS,1006,https://xn--80a6adhc.xn--p1ai/catteries/126/1003.html,2026-09-09,Supply-side federation register; multi-breed catteries contribute once to each listed breed; no animal/litter counts; undated cards retained; unknown codes omitted
RU-FARUS-CATTERIES-2026-09-09,1004,1262/Ом/25 Vasabi pride,MCO,Maine Coon,VBO:0100154,exact,1,Russia (records with explicit foreign address excluded),active cattery-breed association,FARUS,1006,https://xn--80a6adhc.xn--p1ai/catteries/126/1004.html,2026-09-09,Supply-side federation register; multi-breed catteries contribute once to each listed breed; no animal/litter counts; undated cards retained; unknown codes omitted
RU-FARUS-CATTERIES-2026-09-09,1004,1262/Ом/25 Vasabi pride,MCP,Maine Coon Polydactyl,VBO:0100155,exact,1,Russia (records with explicit foreign address excluded),active cattery-breed association,FARUS,1006,https://xn--80a6adhc.xn--p1ai/catteries/126/1004.html,2026-09-09,Supply-side federation register; multi-breed catteries contribute once to each listed breed; no animal/litter counts; undated cards retained; unknown codes omitted
RU-FARUS-CATTERIES-2026-09-09,1005,1263/ОмБП/25 ApolloBurm,BUR,Burmese,VBO:0100053,exact,1,Russia (records with explicit foreign address excluded),active cattery-breed association,FARUS,1006,https://xn--80a6adhc.xn--p1ai/catteries/126/1005.html,2026-09-09,Supply-side federation register; multi-breed catteries contribute once to each listed breed; no animal/litter counts; undated cards retained; unknown codes omitted
RU-FARUS-CATTERIES-2026-09-09,1006,1264/М/25 KITTI HALL,BRI,British Shorthair,VBO:0100052,exact,1,Russia (records with explicit foreign address excluded),active cattery-breed association,FARUS,1006,https://xn--80a6adhc.xn--p1ai/catteries/95/1006.html,2026-09-09,Supply-side federation register; multi-breed catteries contribute once to each listed breed; no animal/litter counts; undated cards retained; unknown codes omitted
RU-FARUS-CATTERIES-2026-09-09,1007,1265/М/25 JorTiCat,BEN,Bengal,VBO:0100040,exact,1,Russia (records with explicit foreign address excluded),active cattery-breed association,FARUS,1006,https://xn--80a6adhc.xn--p1ai/catteries/95/1007.html,2026-09-09,Supply-side federation register; multi-breed catteries contribute once to each listed breed; no animal/litter counts; undated cards retained; unknown codes omitted
RU-FARUS-CATTERIES-2026-09-09,1007,1265/М/25 JorTiCat,RAG,Ragdoll,VBO:0100196,exact,1,Russia (records with explicit foreign address excluded),active cattery-breed association,FARUS,1006,https://xn--80a6adhc.xn--p1ai/catteries/95/1007.html,2026-09-09,Supply-side federation register; multi-breed catteries contribute once to each listed breed; no animal/litter counts; undated cards retained; unknown codes omitted
RU-FARUS-CATTERIES-2026-09-09,1008,1266/С-П/25 Anheloso Lujo,BAM,Bambino,VBO:0100037,exact,1,Russia (records with explicit foreign address excluded),active cattery-breed association,FARUS,1006,https://xn--80a6adhc.xn--p1ai/catteries/95/1008.html,2026-09-09,Supply-side federation register; multi-breed catteries contribute once to each listed breed; no animal/litter counts; undated cards retained; unknown codes omitted
RU-FARUS-CATTERIES-2026-09-09,1008,1266/С-П/25 Anheloso Lujo,SPH,Sphynx,VBO:0100230,exact,1,Russia (records with explicit foreign address excluded),active cattery-breed association,FARUS,1006,https://xn--80a6adhc.xn--p1ai/catteries/95/1008.html,2026-09-09,Supply-side federation register; multi-breed catteries contribute once to each listed breed; no animal/litter counts; undated cards retained; unknown codes omitted
RU-FARUS-CATTERIES-2026-09-09,1009,1267/КрС/25 Emilistel,BUR,Burmese,VBO:0100053,exact,1,Russia (records with explicit foreign address excluded),active cattery-breed association,FARUS,1006,https://xn--80a6adhc.xn--p1ai/catteries/95/1009.html,2026-09-09,Supply-side federation register; multi-breed catteries contribute once to each listed breed; no animal/litter counts; undated cards retained; unknown codes omitted
RU-FARUS-CATTERIES-2026-09-09,1009,1267/КрС/25 Emilistel,DRX,Devon Rex,VBO:0100084,exact,1,Russia (records with explicit foreign address excluded),active cattery-breed association,FARUS,1006,https://xn--80a6adhc.xn--p1ai/catteries/95/1009.html,2026-09-09,Supply-side federation register; multi-breed catteries contribute once to each listed breed; no animal/litter counts; undated cards retained; unknown codes omitted
RU-FARUS-CATTERIES-2026-09-09,1010,1268/М/25 Amber Paws,SCS,Scottish Straight,VBO:0100213,exact,1,Russia (records with explicit foreign address excluded),active cattery-breed association,FARUS,1006,https://xn--80a6adhc.xn--p1ai/catteries/95/1010.html,2026-09-09,Supply-side federation register; multi-breed catteries contribute once to each listed breed; no animal/litter counts; undated cards retained; unknown codes omitted
RU-FARUS-CATTERIES-2026-09-09,1010,1268/М/25 Amber Paws,SFS,Scottish Fold,VBO:0100209,exact,1,Russia (records with explicit foreign address excluded),active cattery-breed association,FARUS,1006,https://xn--80a6adhc.xn--p1ai/catteries/95/1010.html,2026-09-09,Supply-side federation register; multi-breed catteries contribute once to each listed breed; no animal/litter counts; undated cards retained; unknown codes omitted
RU-FARUS-CATTERIES-2026-09-09,1011,1269/Ул/25 King`s Way,BRI,British Shorthair,VBO:0100052,exact,1,Russia (records with explicit foreign address excluded),active cattery-breed association,FARUS,1006,https://xn--80a6adhc.xn--p1ai/catteries/95/1011.html,2026-09-09,Supply-side federation register; multi-breed catteries contribute once to each listed breed; no animal/litter counts; undated cards retained; unknown codes omitted
RU-FARUS-CATTERIES-2026-09-09,1011,1269/Ул/25 King`s Way,SKS,Selkirk Rex Shorthair,VBO:0100217,exact,1,Russia (records with explicit foreign address excluded),active cattery-breed association,FARUS,1006,https://xn--80a6adhc.xn--p1ai/catteries/95/1011.html,2026-09-09,Supply-side federation register; multi-breed catteries contribute once to each listed breed; no animal/litter counts; undated cards retained; unknown codes omitted
RU-FARUS-CATTERIES-2026-09-09,1012,1270/Кр/25 Abyfelicity,ABY,Abyssinian,VBO:0100000,exact,1,Russia (records with explicit foreign address excluded),active cattery-breed association,FARUS,1006,https://xn--80a6adhc.xn--p1ai/catteries/104/1012.html,2026-09-09,Supply-side federation register; multi-breed catteries contribute once to each listed breed; no animal/litter counts; undated cards retained; unknown codes omitted
RU-FARUS-CATTERIES-2026-09-09,1013,1271/С-П/25 MOOROKS,ABY,Abyssinian,VBO:0100000,exact,1,Russia (records with explicit foreign address excluded),active cattery-breed association,FARUS,1006,https://xn--80a6adhc.xn--p1ai/catteries/100/1013.html,2026-09-09,Supply-side federation register; multi-breed catteries contribute once to each listed breed; no animal/litter counts; undated cards retained; unknown codes omitted
RU-FARUS-CATTERIES-2026-09-09,1014,1272/Кр/25 AnAbyS,ABY,Abyssinian,VBO:0100000,exact,1,Russia (records with explicit foreign address excluded),active cattery-breed association,FARUS,1006,https://xn--80a6adhc.xn--p1ai/catteries/119/1014.html,2026-09-09,Supply-side federation register; multi-breed catteries contribute once to each listed breed; no animal/litter counts; undated cards retained; unknown codes omitted
RU-FARUS-CATTERIES-2026-09-09,1015,1273/С-П/25 Hathor`s Cat,ABY,Abyssinian,VBO:0100000,exact,1,Russia (records with explicit foreign address excluded),active cattery-breed association,FARUS,1006,https://xn--80a6adhc.xn--p1ai/catteries/102/1015.html,2026-09-09,Supply-side federation register; multi-breed catteries contribute once to each listed breed; no animal/litter counts; undated cards retained; unknown codes omitted
RU-FARUS-CATTERIES-2026-09-09,1015,1273/С-П/25 Hathor`s Cat,BUR,Burmese,VBO:0100053,exact,1,Russia (records with explicit foreign address excluded),active cattery-breed association,FARUS,1006,https://xn--80a6adhc.xn--p1ai/catteries/102/1015.html,2026-09-09,Supply-side federation register; multi-breed catteries contribute once to each listed breed; no animal/litter counts; undated cards retained; unknown codes omitted
RU-FARUS-CATTERIES-2026-09-09,1015,1273/С-П/25 Hathor`s Cat,EXO,Exotic Shorthair,VBO:0100096,exact,1,Russia (records with explicit foreign address excluded),active cattery-breed association,FARUS,1006,https://xn--80a6adhc.xn--p1ai/catteries/102/1015.html,2026-09-09,Supply-side federation register; multi-breed catteries contribute once to each listed breed; no animal/litter counts; undated cards retained; unknown codes omitted
RU-FARUS-CATTERIES-2026-09-09,1015,1273/С-П/25 Hathor`s Cat,OSH,Oriental Shorthair,VBO:0100184,exact,1,Russia (records with explicit foreign address excluded),active cattery-breed association,FARUS,1006,https://xn--80a6adhc.xn--p1ai/catteries/102/1015.html,2026-09-09,Supply-side federation register; multi-breed catteries contribute once to each listed breed; no animal/litter counts; undated cards retained; unknown codes omitted
RU-FARUS-CATTERIES-2026-09-09,1015,1273/С-П/25 Hathor`s Cat,PER,Persian,VBO:0100188,exact,1,Russia (records with explicit foreign address excluded),active cattery-breed association,FARUS,1006,https://xn--80a6adhc.xn--p1ai/catteries/102/1015.html,2026-09-09,Supply-side federation register; multi-breed catteries contribute once to each listed breed; no animal/litter counts; undated cards retained; unknown codes omitted
RU-FARUS-CATTERIES-2026-09-09,1015,1273/С-П/25 Hathor`s Cat,SCS,Scottish Straight,VBO:0100213,exact,1,Russia (records with explicit foreign address excluded),active cattery-breed association,FARUS,1006,https://xn--80a6adhc.xn--p1ai/catteries/102/1015.html,2026-09-09,Supply-side federation register; multi-breed catteries contribute once to each listed breed; no animal/litter counts; undated cards retained; unknown codes omitted
RU-FARUS-CATTERIES-2026-09-09,1015,1273/С-П/25 Hathor`s Cat,SFS,Scottish Fold,VBO:0100209,exact,1,Russia (records with explicit foreign address excluded),active cattery-breed association,FARUS,1006,https://xn--80a6adhc.xn--p1ai/catteries/102/1015.html,2026-09-09,Supply-side federation register; multi-breed catteries contribute once to each listed breed; no animal/litter counts; undated cards retained; unknown codes omitted
RU-FARUS-CATTERIES-2026-09-09,1016,1274/С-П/25 Soft Stories,BRI,British Shorthair,VBO:0100052,exact,1,Russia (records with explicit foreign address excluded),active cattery-breed association,FARUS,1006,https://xn--80a6adhc.xn--p1ai/catteries/102/1016.html,2026-09-09,Supply-side federation register; multi-breed catteries contribute once to each listed breed; no animal/litter counts; undated cards retained; unknown codes omitted
RU-FARUS-CATTERIES-2026-09-09,1017,1275/С-П/25 Light Moon`s,ABY,Abyssinian,VBO:0100000,exact,1,Russia (records with explicit foreign address excluded),active cattery-breed association,FARUS,1006,https://xn--80a6adhc.xn--p1ai/catteries/102/1017.html,2026-09-09,Supply-side federation register; multi-breed catteries contribute once to each listed breed; no animal/litter counts; undated cards retained; unknown codes omitted
RU-FARUS-CATTERIES-2026-09-09,1017,1275/С-П/25 Light Moon`s,BUR,Burmese,VBO:0100053,exact,1,Russia (records with explicit foreign address excluded),active cattery-breed association,FARUS,1006,https://xn--80a6adhc.xn--p1ai/catteries/102/1017.html,2026-09-09,Supply-side federation register; multi-breed catteries contribute once to each listed breed; no animal/litter counts; undated cards retained; unknown codes omitted
RU-FARUS-CATTERIES-2026-09-09,1017,1275/С-П/25 Light Moon`s,EXO,Exotic Shorthair,VBO:0100096,exact,1,Russia (records with explicit foreign address excluded),active cattery-breed association,FARUS,1006,https://xn--80a6adhc.xn--p1ai/catteries/102/1017.html,2026-09-09,Supply-side federation register; multi-breed catteries contribute once to each listed breed; no animal/litter counts; undated cards retained; unknown codes omitted
RU-FARUS-CATTERIES-2026-09-09,1017,1275/С-П/25 Light Moon`s,OSH,Oriental Shorthair,VBO:0100184,exact,1,Russia (records with explicit foreign address excluded),active cattery-breed association,FARUS,1006,https://xn--80a6adhc.xn--p1ai/catteries/102/1017.html,2026-09-09,Supply-side federation register; multi-breed catteries contribute once to each listed breed; no animal/litter counts; undated cards retained; unknown codes omitted
RU-FARUS-CATTERIES-2026-09-09,1017,1275/С-П/25 Light Moon`s,PER,Persian,VBO:0100188,exact,1,Russia (records with explicit foreign address excluded),active cattery-breed association,FARUS,1006,https://xn--80a6adhc.xn--p1ai/catteries/102/1017.html,2026-09-09,Supply-side federation register; multi-breed catteries contribute once to each listed breed; no animal/litter counts; undated cards retained; unknown codes omitted
RU-FARUS-CATTERIES-2026-09-09,1017,1275/С-П/25 Light Moon`s,SCS,Scottish Straight,VBO:0100213,exact,1,Russia (records with explicit foreign address excluded),active cattery-breed association,FARUS,1006,https://xn--80a6adhc.xn--p1ai/catteries/102/1017.html,2026-09-09,Supply-side federation register; multi-breed catteries contribute once to each listed breed; no animal/litter counts; undated cards retained; unknown codes omitted
RU-FARUS-CATTERIES-2026-09-09,1017,1275/С-П/25 Light Moon`s,SFS,Scottish Fold,VBO:0100209,exact,1,Russia (records with explicit foreign address excluded),active cattery-breed association,FARUS,1006,https://xn--80a6adhc.xn--p1ai/catteries/102/1017.html,2026-09-09,Supply-side federation register; multi-breed catteries contribute once to each listed breed; no animal/litter counts; undated cards retained; unknown codes omitted
RU-FARUS-CATTERIES-2026-09-09,1018,1276/С-П/25 Burmese Delight,BUR,Burmese,VBO:0100053,exact,1,Russia (records with explicit foreign address excluded),active cattery-breed association,FARUS,1006,https://xn--80a6adhc.xn--p1ai/catteries/99/1018.html,2026-09-09,Supply-side federation register; multi-breed catteries contribute once to each listed breed; no animal/litter counts; undated cards retained; unknown codes omitted
RU-FARUS-CATTERIES-2026-09-09,1019,1279/С-П/25 Beautiful Random,ABY,Abyssinian,VBO:0100000,exact,1,Russia (records with explicit foreign address excluded),active cattery-breed association,FARUS,1006,https://xn--80a6adhc.xn--p1ai/catteries/99/1019.html,2026-09-09,Supply-side federation register; multi-breed catteries contribute once to each listed breed; no animal/litter counts; undated cards retained; unknown codes omitted
RU-FARUS-CATTERIES-2026-09-09,1019,1279/С-П/25 Beautiful Random,BEN,Bengal,VBO:0100040,exact,1,Russia (records with explicit foreign address excluded),active cattery-breed association,FARUS,1006,https://xn--80a6adhc.xn--p1ai/catteries/99/1019.html,2026-09-09,Supply-side federation register; multi-breed catteries contribute once to each listed breed; no animal/litter counts; undated cards retained; unknown codes omitted
RU-FARUS-CATTERIES-2026-09-09,1019,1279/С-П/25 Beautiful Random,BRI,British Shorthair,VBO:0100052,exact,1,Russia (records with explicit foreign address excluded),active cattery-breed association,FARUS,1006,https://xn--80a6adhc.xn--p1ai/catteries/99/1019.html,2026-09-09,Supply-side federation register; multi-breed catteries contribute once to each listed breed; no animal/litter counts; undated cards retained; unknown codes omitted
RU-FARUS-CATTERIES-2026-09-09,1019,1279/С-П/25 Beautiful Random,BUR,Burmese,VBO:0100053,exact,1,Russia (records with explicit foreign address excluded),active cattery-breed association,FARUS,1006,https://xn--80a6adhc.xn--p1ai/catteries/99/1019.html,2026-09-09,Supply-side federation register; multi-breed catteries contribute once to each listed breed; no animal/litter counts; undated cards retained; unknown codes omitted
RU-FARUS-CATTERIES-2026-09-09,1019,1279/С-П/25 Beautiful Random,DSX,Donskoy,VBO:0100086,exact,1,Russia (records with explicit foreign address excluded),active cattery-breed association,FARUS,1006,https://xn--80a6adhc.xn--p1ai/catteries/99/1019.html,2026-09-09,Supply-side federation register; multi-breed catteries contribute once to each listed breed; no animal/litter counts; undated cards retained; unknown codes omitted
RU-FARUS-CATTERIES-2026-09-09,1019,1279/С-П/25 Beautiful Random,EXO,Exotic Shorthair,VBO:0100096,exact,1,Russia (records with explicit foreign address excluded),active cattery-breed association,FARUS,1006,https://xn--80a6adhc.xn--p1ai/catteries/99/1019.html,2026-09-09,Supply-side federation register; multi-breed catteries contribute once to each listed breed; no animal/litter counts; undated cards retained; unknown codes omitted
RU-FARUS-CATTERIES-2026-09-09,1019,1279/С-П/25 Beautiful Random,MCO,Maine Coon,VBO:0100154,exact,1,Russia (records with explicit foreign address excluded),active cattery-breed association,FARUS,1006,https://xn--80a6adhc.xn--p1ai/catteries/99/1019.html,2026-09-09,Supply-side federation register; multi-breed catteries contribute once to each listed breed; no animal/litter counts; undated cards retained; unknown codes omitted
RU-FARUS-CATTERIES-2026-09-09,1019,1279/С-П/25 Beautiful Random,OSH,Oriental Shorthair,VBO:0100184,exact,1,Russia (records with explicit foreign address excluded),active cattery-breed association,FARUS,1006,https://xn--80a6adhc.xn--p1ai/catteries/99/1019.html,2026-09-09,Supply-side federation register; multi-breed catteries contribute once to each listed breed; no animal/litter counts; undated cards retained; unknown codes omitted
RU-FARUS-CATTERIES-2026-09-09,1019,1279/С-П/25 Beautiful Random,PER,Persian,VBO:0100188,exact,1,Russia (records with explicit foreign address excluded),active cattery-breed association,FARUS,1006,https://xn--80a6adhc.xn--p1ai/catteries/99/1019.html,2026-09-09,Supply-side federation register; multi-breed catteries contribute once to each listed breed; no animal/litter counts; undated cards retained; unknown codes omitted
RU-FARUS-CATTERIES-2026-09-09,1019,1279/С-П/25 Beautiful Random,SCS,Scottish Straight,VBO:0100213,exact,1,Russia (records with explicit foreign address excluded),active cattery-breed association,FARUS,1006,https://xn--80a6adhc.xn--p1ai/catteries/99/1019.html,2026-09-09,Supply-side federation register; multi-breed catteries contribute once to each listed breed; no animal/litter counts; undated cards retained; unknown codes omitted
RU-FARUS-CATTERIES-2026-09-09,1019,1279/С-П/25 Beautiful Random,SFS,Scottish Fold,VBO:0100209,exact,1,Russia (records with explicit foreign address excluded),active cattery-breed association,FARUS,1006,https://xn--80a6adhc.xn--p1ai/catteries/99/1019.html,2026-09-09,Supply-side federation register; multi-breed catteries contribute once to each listed breed; no animal/litter counts; undated cards retained; unknown codes omitted
RU-FARUS-CATTERIES-2026-09-09,1020,1280/С-П/25 Burmese de Marie,BUR,Burmese,VBO:0100053,exact,1,Russia (records with explicit foreign address excluded),active cattery-breed association,FARUS,1006,https://xn--80a6adhc.xn--p1ai/catteries/99/1020.html,2026-09-09,Supply-side federation register; multi-breed catteries contribute once to each listed breed; no animal/litter counts; undated cards retained; unknown codes omitted
RU-FARUS-CATTERIES-2026-09-09,1021,1281/ЛОТ/25 Dream Geams,BEN,Bengal,VBO:0100040,exact,1,Russia (records with explicit foreign address excluded),active cattery-breed association,FARUS,1006,https://xn--80a6adhc.xn--p1ai/catteries/99/1021.html,2026-09-09,Supply-side federation register; multi-breed catteries contribute once to each listed breed; no animal/litter counts; undated cards retained; unknown codes omitted
RU-FARUS-CATTERIES-2026-09-09,1021,1281/ЛОТ/25 Dream Geams,OSH,Oriental Shorthair,VBO:0100184,exact,1,Russia (records with explicit foreign address excluded),active cattery-breed association,FARUS,1006,https://xn--80a6adhc.xn--p1ai/catteries/99/1021.html,2026-09-09,Supply-side federation register; multi-breed catteries contribute once to each listed breed; no animal/litter counts; undated cards retained; unknown codes omitted
RU-FARUS-CATTERIES-2026-09-09,1021,1281/ЛОТ/25 Dream Geams,SIA,Siamese,VBO:0100221,exact,1,Russia (records with explicit foreign address excluded),active cattery-breed association,FARUS,1006,https://xn--80a6adhc.xn--p1ai/catteries/99/1021.html,2026-09-09,Supply-side federation register; multi-breed catteries contribute once to each listed breed; no animal/litter counts; undated cards retained; unknown codes omitted
RU-FARUS-CATTERIES-2026-09-09,1022,1282/ЛОН/25 Ellibelle,BUR,Burmese,VBO:0100053,exact,1,Russia (records with explicit foreign address excluded),active cattery-breed association,FARUS,1006,https://xn--80a6adhc.xn--p1ai/catteries/99/1022.html,2026-09-09,Supply-side federation register; multi-breed catteries contribute once to each listed breed; no animal/litter counts; undated cards retained; unknown codes omitted
RU-FARUS-CATTERIES-2026-09-09,1023,1277/С-П/25 LOVE FOREVER,BUR,Burmese,VBO:0100053,exact,1,Russia (records with explicit foreign address excluded),active cattery-breed association,FARUS,1006,https://xn--80a6adhc.xn--p1ai/catteries/130/1023.html,2026-09-09,Supply-side federation register; multi-breed catteries contribute once to each listed breed; no animal/litter counts; undated cards retained; unknown codes omitted
RU-FARUS-CATTERIES-2026-09-09,1023,1277/С-П/25 LOVE FOREVER,MCO,Maine Coon,VBO:0100154,exact,1,Russia (records with explicit foreign address excluded),active cattery-breed association,FARUS,1006,https://xn--80a6adhc.xn--p1ai/catteries/130/1023.html,2026-09-09,Supply-side federation register; multi-breed catteries contribute once to each listed breed; no animal/litter counts; undated cards retained; unknown codes omitted
RU-FARUS-CATTERIES-2026-09-09,1025,1283/ЛОК/25 Seven kittens,BUR,Burmese,VBO:0100053,exact,1,Russia (records with explicit foreign address excluded),active cattery-breed association,FARUS,1006,https://xn--80a6adhc.xn--p1ai/catteries/99/1025.html,2026-09-09,Supply-side federation register; multi-breed catteries contribute once to each listed breed; no animal/litter counts; undated cards retained; unknown codes omitted
RU-FARUS-CATTERIES-2026-09-09,1026,1288/Кр/25 Alba Ruthenia*RU,MCO,Maine Coon,VBO:0100154,exact,1,Russia (records with explicit foreign address excluded),active cattery-breed association,FARUS,1006,https://xn--80a6adhc.xn--p1ai/catteries/119/1026.html,2026-09-09,Supply-side federation register; multi-breed catteries contribute once to each listed breed; no animal/litter counts; undated cards retained; unknown codes omitted
RU-FARUS-CATTERIES-2026-09-09,1027,665/Кр/25 Magik Cat Bayun,MCO,Maine Coon,VBO:0100154,exact,1,Russia (records with explicit foreign address excluded),active cattery-breed association,FARUS,1006,https://xn--80a6adhc.xn--p1ai/catteries/119/1027.html,2026-09-09,Supply-side federation register; multi-breed catteries contribute once to each listed breed; no animal/litter counts; undated cards retained; unknown codes omitted
RU-FARUS-CATTERIES-2026-09-09,1028,1287/НОВ/25 Indiana-Cat`s,ABY,Abyssinian,VBO:0100000,exact,1,Russia (records with explicit foreign address excluded),active cattery-breed association,FARUS,1006,https://xn--80a6adhc.xn--p1ai/catteries/104/1028.html,2026-09-09,Supply-side federation register; multi-breed catteries contribute once to each listed breed; no animal/litter counts; undated cards retained; unknown codes omitted
RU-FARUS-CATTERIES-2026-09-09,1028,1287/НОВ/25 Indiana-Cat`s,MCO,Maine Coon,VBO:0100154,exact,1,Russia (records with explicit foreign address excluded),active cattery-breed association,FARUS,1006,https://xn--80a6adhc.xn--p1ai/catteries/104/1028.html,2026-09-09,Supply-side federation register; multi-breed catteries contribute once to each listed breed; no animal/litter counts; undated cards retained; unknown codes omitted
RU-FARUS-CATTERIES-2026-09-09,1029,1284/С-П/25 Teffi Rosse,BUR,Burmese,VBO:0100053,exact,1,Russia (records with explicit foreign address excluded),active cattery-breed association,FARUS,1006,https://xn--80a6adhc.xn--p1ai/catteries/102/1029.html,2026-09-09,Supply-side federation register; multi-breed catteries contribute once to each listed breed; no animal/litter counts; undated cards retained; unknown codes omitted
RU-FARUS-CATTERIES-2026-09-09,1030,1285/С-П/25 Son Execellence de`Moore,CRX,Cornish Rex,VBO:0100077,exact,1,Russia (records with explicit foreign address excluded),active cattery-breed association,FARUS,1006,https://xn--80a6adhc.xn--p1ai/catteries/102/1030.html,2026-09-09,Supply-side federation register; multi-breed catteries contribute once to each listed breed; no animal/litter counts; undated cards retained; unknown codes omitted
RU-FARUS-CATTERIES-2026-09-09,1031,1286/С-П/25 Magical Thai Talisman,OSH,Oriental Shorthair,VBO:0100184,exact,1,Russia (records with explicit foreign address excluded),active cattery-breed association,FARUS,1006,https://xn--80a6adhc.xn--p1ai/catteries/102/1031.html,2026-09-09,Supply-side federation register; multi-breed catteries contribute once to each listed breed; no animal/litter counts; undated cards retained; unknown codes omitted
RU-FARUS-CATTERIES-2026-09-09,1032,440/УфТ /25 Diamond cat club,OSH,Oriental Shorthair,VBO:0100184,exact,1,Russia (records with explicit foreign address excluded),active cattery-breed association,FARUS,1006,https://xn--80a6adhc.xn--p1ai/catteries/98/1032.html,2026-09-09,Supply-side federation register; multi-breed catteries contribute once to each listed breed; no animal/litter counts; undated cards retained; unknown codes omitted
RU-FARUS-CATTERIES-2026-09-09,1032,440/УфТ /25 Diamond cat club,SIA,Siamese,VBO:0100221,exact,1,Russia (records with explicit foreign address excluded),active cattery-breed association,FARUS,1006,https://xn--80a6adhc.xn--p1ai/catteries/98/1032.html,2026-09-09,Supply-side federation register; multi-breed catteries contribute once to each listed breed; no animal/litter counts; undated cards retained; unknown codes omitted
RU-FARUS-CATTERIES-2026-09-09,1033,1207/ЛОК/25 LeVadis,BLH,British Longhair,VBO:0100051,exact,1,Russia (records with explicit foreign address excluded),active cattery-breed association,FARUS,1006,https://xn--80a6adhc.xn--p1ai/catteries/100/1033.html,2026-09-09,Supply-side federation register; multi-breed catteries contribute once to each listed breed; no animal/litter counts; undated cards retained; unknown codes omitted
RU-FARUS-CATTERIES-2026-09-09,1033,1207/ЛОК/25 LeVadis,BRI,British Shorthair,VBO:0100052,exact,1,Russia (records with explicit foreign address excluded),active cattery-breed association,FARUS,1006,https://xn--80a6adhc.xn--p1ai/catteries/100/1033.html,2026-09-09,Supply-side federation register; multi-breed catteries contribute once to each listed breed; no animal/litter counts; undated cards retained; unknown codes omitted
RU-FARUS-CATTERIES-2026-09-09,1033,1207/ЛОК/25 LeVadis,SCL,Scottish Straight Longhair,VBO:0100214,exact,1,Russia (records with explicit foreign address excluded),active cattery-breed association,FARUS,1006,https://xn--80a6adhc.xn--p1ai/catteries/100/1033.html,2026-09-09,Supply-side federation register; multi-breed catteries contribute once to each listed breed; no animal/litter counts; undated cards retained; unknown codes omitted
RU-FARUS-CATTERIES-2026-09-09,1033,1207/ЛОК/25 LeVadis,SCS,Scottish Straight,VBO:0100213,exact,1,Russia (records with explicit foreign address excluded),active cattery-breed association,FARUS,1006,https://xn--80a6adhc.xn--p1ai/catteries/100/1033.html,2026-09-09,Supply-side federation register; multi-breed catteries contribute once to each listed breed; no animal/litter counts; undated cards retained; unknown codes omitted
RU-FARUS-CATTERIES-2026-09-09,1033,1207/ЛОК/25 LeVadis,SFL,Scottish Fold Longhair,VBO:0100210,exact,1,Russia (records with explicit foreign address excluded),active cattery-breed association,FARUS,1006,https://xn--80a6adhc.xn--p1ai/catteries/100/1033.html,2026-09-09,Supply-side federation register; multi-breed catteries contribute once to each listed breed; no animal/litter counts; undated cards retained; unknown codes omitted
RU-FARUS-CATTERIES-2026-09-09,1033,1207/ЛОК/25 LeVadis,SFS,Scottish Fold,VBO:0100209,exact,1,Russia (records with explicit foreign address excluded),active cattery-breed association,FARUS,1006,https://xn--80a6adhc.xn--p1ai/catteries/100/1033.html,2026-09-09,Supply-side federation register; multi-breed catteries contribute once to each listed breed; no animal/litter counts; undated cards retained; unknown codes omitted
RU-FARUS-CATTERIES-2026-09-09,1034,1289/С-П/25 Sozvezdiye Igres,BUR,Burmese,VBO:0100053,exact,1,Russia (records with explicit foreign address excluded),active cattery-breed association,FARUS,1006,https://xn--80a6adhc.xn--p1ai/catteries/99/1034.html,2026-09-09,Supply-side federation register; multi-breed catteries contribute once to each listed breed; no animal/litter counts; undated cards retained; unknown codes omitted
RU-FARUS-CATTERIES-2026-09-09,1035,1290/С-П/25 ShotVik,BRI,British Shorthair,VBO:0100052,exact,1,Russia (records with explicit foreign address excluded),active cattery-breed association,FARUS,1006,https://xn--80a6adhc.xn--p1ai/catteries/99/1035.html,2026-09-09,Supply-side federation register; multi-breed catteries contribute once to each listed breed; no animal/litter counts; undated cards retained; unknown codes omitted
RU-FARUS-CATTERIES-2026-09-09,1035,1290/С-П/25 ShotVik,SCL,Scottish Straight Longhair,VBO:0100214,exact,1,Russia (records with explicit foreign address excluded),active cattery-breed association,FARUS,1006,https://xn--80a6adhc.xn--p1ai/catteries/99/1035.html,2026-09-09,Supply-side federation register; multi-breed catteries contribute once to each listed breed; no animal/litter counts; undated cards retained; unknown codes omitted
RU-FARUS-CATTERIES-2026-09-09,1035,1290/С-П/25 ShotVik,SCS,Scottish Straight,VBO:0100213,exact,1,Russia (records with explicit foreign address excluded),active cattery-breed association,FARUS,1006,https://xn--80a6adhc.xn--p1ai/catteries/99/1035.html,2026-09-09,Supply-side federation register; multi-breed catteries contribute once to each listed breed; no animal/litter counts; undated cards retained; unknown codes omitted
RU-FARUS-CATTERIES-2026-09-09,1035,1290/С-П/25 ShotVik,SFL,Scottish Fold Longhair,VBO:0100210,exact,1,Russia (records with explicit foreign address excluded),active cattery-breed association,FARUS,1006,https://xn--80a6adhc.xn--p1ai/catteries/99/1035.html,2026-09-09,Supply-side federation register; multi-breed catteries contribute once to each listed breed; no animal/litter counts; undated cards retained; unknown codes omitted
RU-FARUS-CATTERIES-2026-09-09,1035,1290/С-П/25 ShotVik,SFS,Scottish Fold,VBO:0100209,exact,1,Russia (records with explicit foreign address excluded),active cattery-breed association,FARUS,1006,https://xn--80a6adhc.xn--p1ai/catteries/99/1035.html,2026-09-09,Supply-side federation register; multi-breed catteries contribute once to each listed breed; no animal/litter counts; undated cards retained; unknown codes omitted
RU-FARUS-CATTERIES-2026-09-09,1036,1291/ЛОГ/25 MoreOri,OSH,Oriental Shorthair,VBO:0100184,exact,1,Russia (records with explicit foreign address excluded),active cattery-breed association,FARUS,1006,https://xn--80a6adhc.xn--p1ai/catteries/99/1036.html,2026-09-09,Supply-side federation register; multi-breed catteries contribute once to each listed breed; no animal/litter counts; undated cards retained; unknown codes omitted
RU-FARUS-CATTERIES-2026-09-09,1036,1291/ЛОГ/25 MoreOri,SIA,Siamese,VBO:0100221,exact,1,Russia (records with explicit foreign address excluded),active cattery-breed association,FARUS,1006,https://xn--80a6adhc.xn--p1ai/catteries/99/1036.html,2026-09-09,Supply-side federation register; multi-breed catteries contribute once to each listed breed; no animal/litter counts; undated cards retained; unknown codes omitted
RU-FARUS-CATTERIES-2026-09-09,1037,1292/ИрА/25 DILACATS,OSH,Oriental Shorthair,VBO:0100184,exact,1,Russia (records with explicit foreign address excluded),active cattery-breed association,FARUS,1006,https://xn--80a6adhc.xn--p1ai/catteries/107/1037.html,2026-09-09,Supply-side federation register; multi-breed catteries contribute once to each listed breed; no animal/litter counts; undated cards retained; unknown codes omitted
RU-FARUS-CATTERIES-2026-09-09,1038,1293/М/25 Rum.Kyn.Aleks,MCO,Maine Coon,VBO:0100154,exact,1,Russia (records with explicit foreign address excluded),active cattery-breed association,FARUS,1006,https://xn--80a6adhc.xn--p1ai/catteries/95/1038.html,2026-09-09,Supply-side federation register; multi-breed catteries contribute once to each listed breed; no animal/litter counts; undated cards retained; unknown codes omitted
RU-FARUS-CATTERIES-2026-09-09,1038,1293/М/25 Rum.Kyn.Aleks,SAV,Savannah,VBO:0100208,exact,1,Russia (records with explicit foreign address excluded),active cattery-breed association,FARUS,1006,https://xn--80a6adhc.xn--p1ai/catteries/95/1038.html,2026-09-09,Supply-side federation register; multi-breed catteries contribute once to each listed breed; no animal/litter counts; undated cards retained; unknown codes omitted
RU-FARUS-CATTERIES-2026-09-09,1039,1294/М/25 Kotagriya,OSH,Oriental Shorthair,VBO:0100184,exact,1,Russia (records with explicit foreign address excluded),active cattery-breed association,FARUS,1006,https://xn--80a6adhc.xn--p1ai/catteries/95/1039.html,2026-09-09,Supply-side federation register; multi-breed catteries contribute once to each listed breed; no animal/litter counts; undated cards retained; unknown codes omitted
RU-FARUS-CATTERIES-2026-09-09,1039,1294/М/25 Kotagriya,SIA,Siamese,VBO:0100221,exact,1,Russia (records with explicit foreign address excluded),active cattery-breed association,FARUS,1006,https://xn--80a6adhc.xn--p1ai/catteries/95/1039.html,2026-09-09,Supply-side federation register; multi-breed catteries contribute once to each listed breed; no animal/litter counts; undated cards retained; unknown codes omitted
RU-FARUS-CATTERIES-2026-09-09,1040,1295/М/25 Brushwood,MCO,Maine Coon,VBO:0100154,exact,1,Russia (records with explicit foreign address excluded),active cattery-breed association,FARUS,1006,https://xn--80a6adhc.xn--p1ai/catteries/95/1040.html,2026-09-09,Supply-side federation register; multi-breed catteries contribute once to each listed breed; no animal/litter counts; undated cards retained; unknown codes omitted
RU-FARUS-CATTERIES-2026-09-09,1041,1296/М/25 British Elegance,BRI,British Shorthair,VBO:0100052,exact,1,Russia (records with explicit foreign address excluded),active cattery-breed association,FARUS,1006,https://xn--80a6adhc.xn--p1ai/catteries/95/1041.html,2026-09-09,Supply-side federation register; multi-breed catteries contribute once to each listed breed; no animal/litter counts; undated cards retained; unknown codes omitted
RU-FARUS-CATTERIES-2026-09-09,1042,1297/МОХ/25 Oriental Diamond,OSH,Oriental Shorthair,VBO:0100184,exact,1,Russia (records with explicit foreign address excluded),active cattery-breed association,FARUS,1006,https://xn--80a6adhc.xn--p1ai/catteries/132/1042.html,2026-09-09,Supply-side federation register; multi-breed catteries contribute once to each listed breed; no animal/litter counts; undated cards retained; unknown codes omitted
RU-FARUS-CATTERIES-2026-09-09,1042,1297/МОХ/25 Oriental Diamond,SIA,Siamese,VBO:0100221,exact,1,Russia (records with explicit foreign address excluded),active cattery-breed association,FARUS,1006,https://xn--80a6adhc.xn--p1ai/catteries/132/1042.html,2026-09-09,Supply-side federation register; multi-breed catteries contribute once to each listed breed; no animal/litter counts; undated cards retained; unknown codes omitted
RU-FARUS-CATTERIES-2026-09-09,1043,1298/ЧМ/25 Ama Vita,ELF,Elf,VBO:0100091,exact,1,Russia (records with explicit foreign address excluded),active cattery-breed association,FARUS,1006,https://xn--80a6adhc.xn--p1ai/catteries/95/1043.html,2026-09-09,Supply-side federation register; multi-breed catteries contribute once to each listed breed; no animal/litter counts; undated cards retained; unknown codes omitted
RU-FARUS-CATTERIES-2026-09-09,1043,1298/ЧМ/25 Ama Vita,SPH,Sphynx,VBO:0100230,exact,1,Russia (records with explicit foreign address excluded),active cattery-breed association,FARUS,1006,https://xn--80a6adhc.xn--p1ai/catteries/95/1043.html,2026-09-09,Supply-side federation register; multi-breed catteries contribute once to each listed breed; no animal/litter counts; undated cards retained; unknown codes omitted
RU-FARUS-CATTERIES-2026-09-09,1044,1299/ПУ/25 MagikMurr,BRI,British Shorthair,VBO:0100052,exact,1,Russia (records with explicit foreign address excluded),active cattery-breed association,FARUS,1006,https://xn--80a6adhc.xn--p1ai/catteries/95/1044.html,2026-09-09,Supply-side federation register; multi-breed catteries contribute once to each listed breed; no animal/litter counts; undated cards retained; unknown codes omitted
RU-FARUS-CATTERIES-2026-09-09,1044,1299/ПУ/25 MagikMurr,SCS,Scottish Straight,VBO:0100213,exact,1,Russia (records with explicit foreign address excluded),active cattery-breed association,FARUS,1006,https://xn--80a6adhc.xn--p1ai/catteries/95/1044.html,2026-09-09,Supply-side federation register; multi-breed catteries contribute once to each listed breed; no animal/litter counts; undated cards retained; unknown codes omitted
RU-FARUS-CATTERIES-2026-09-09,1044,1299/ПУ/25 MagikMurr,SFS,Scottish Fold,VBO:0100209,exact,1,Russia (records with explicit foreign address excluded),active cattery-breed association,FARUS,1006,https://xn--80a6adhc.xn--p1ai/catteries/95/1044.html,2026-09-09,Supply-side federation register; multi-breed catteries contribute once to each listed breed; no animal/litter counts; undated cards retained; unknown codes omitted
RU-FARUS-CATTERIES-2026-09-09,1045,1300/С-П/25 Golden Sanraiz,DRX,Devon Rex,VBO:0100084,exact,1,Russia (records with explicit foreign address excluded),active cattery-breed association,FARUS,1006,https://xn--80a6adhc.xn--p1ai/catteries/95/1045.html,2026-09-09,Supply-side federation register; multi-breed catteries contribute once to each listed breed; no animal/litter counts; undated cards retained; unknown codes omitted
RU-FARUS-CATTERIES-2026-09-09,1046,1301/ЛЛ/25 BengalEvaGold,BEN,Bengal,VBO:0100040,exact,1,Russia (records with explicit foreign address excluded),active cattery-breed association,FARUS,1006,https://xn--80a6adhc.xn--p1ai/catteries/113/1046.html,2026-09-09,Supply-side federation register; multi-breed catteries contribute once to each listed breed; no animal/litter counts; undated cards retained; unknown codes omitted
RU-FARUS-CATTERIES-2026-09-09,1047,1302/Н/25 Magnificent Lakshmi,BUR,Burmese,VBO:0100053,exact,1,Russia (records with explicit foreign address excluded),active cattery-breed association,FARUS,1006,https://xn--80a6adhc.xn--p1ai/catteries/98/1047.html,2026-09-09,Supply-side federation register; multi-breed catteries contribute once to each listed breed; no animal/litter counts; undated cards retained; unknown codes omitted
RU-FARUS-CATTERIES-2026-09-09,1048,1303/С-П/25 Olimpiya`s_Pride,MCO,Maine Coon,VBO:0100154,exact,1,Russia (records with explicit foreign address excluded),active cattery-breed association,FARUS,1006,https://xn--80a6adhc.xn--p1ai/catteries/100/1048.html,2026-09-09,Supply-side federation register; multi-breed catteries contribute once to each listed breed; no animal/litter counts; undated cards retained; unknown codes omitted
RU-FARUS-CATTERIES-2026-09-09,1049,1304/С-П/25 Bright Ginger,ABY,Abyssinian,VBO:0100000,exact,1,Russia (records with explicit foreign address excluded),active cattery-breed association,FARUS,1006,https://xn--80a6adhc.xn--p1ai/catteries/102/1049.html,2026-09-09,Supply-side federation register; multi-breed catteries contribute once to each listed breed; no animal/litter counts; undated cards retained; unknown codes omitted
RU-FARUS-CATTERIES-2026-09-09,1050,1305/С-П/25 Vyatka guys,MCO,Maine Coon,VBO:0100154,exact,1,Russia (records with explicit foreign address excluded),active cattery-breed association,FARUS,1006,https://xn--80a6adhc.xn--p1ai/catteries/124/1050.html,2026-09-09,Supply-side federation register; multi-breed catteries contribute once to each listed breed; no animal/litter counts; undated cards retained; unknown codes omitted
RU-FARUS-CATTERIES-2026-09-09,1050,1305/С-П/25 Vyatka guys,MCP,Maine Coon Polydactyl,VBO:0100155,exact,1,Russia (records with explicit foreign address excluded),active cattery-breed association,FARUS,1006,https://xn--80a6adhc.xn--p1ai/catteries/124/1050.html,2026-09-09,Supply-side federation register; multi-breed catteries contribute once to each listed breed; no animal/litter counts; undated cards retained; unknown codes omitted
RU-FARUS-CATTERIES-2026-09-09,1051,1306/С-П/25 Sfinks Del`novy,SPH,Sphynx,VBO:0100230,exact,1,Russia (records with explicit foreign address excluded),active cattery-breed association,FARUS,1006,https://xn--80a6adhc.xn--p1ai/catteries/124/1051.html,2026-09-09,Supply-side federation register; multi-breed catteries contribute once to each listed breed; no animal/litter counts; undated cards retained; unknown codes omitted
RU-FARUS-CATTERIES-2026-09-09,1052,1307/С-П/25 Kaskamuy,KBL,Kurilian Bobtail Longhair,VBO:0100147,exact,1,Russia (records with explicit foreign address excluded),active cattery-breed association,FARUS,1006,https://xn--80a6adhc.xn--p1ai/catteries/124/1052.html,2026-09-09,Supply-side federation register; multi-breed catteries contribute once to each listed breed; no animal/litter counts; undated cards retained; unknown codes omitted
RU-FARUS-CATTERIES-2026-09-09,1052,1307/С-П/25 Kaskamuy,KBS,Kurilian Bobtail Shorthair,VBO:0100148,exact,1,Russia (records with explicit foreign address excluded),active cattery-breed association,FARUS,1006,https://xn--80a6adhc.xn--p1ai/catteries/124/1052.html,2026-09-09,Supply-side federation register; multi-breed catteries contribute once to each listed breed; no animal/litter counts; undated cards retained; unknown codes omitted
RU-FARUS-CATTERIES-2026-09-09,1057,1310/Чел/25 Asdis,OSH,Oriental Shorthair,VBO:0100184,exact,1,Russia (records with explicit foreign address excluded),active cattery-breed association,FARUS,1006,https://xn--80a6adhc.xn--p1ai/catteries/107/1057.html,2026-09-09,Supply-side federation register; multi-breed catteries contribute once to each listed breed; no animal/litter counts; undated cards retained; unknown codes omitted
RU-FARUS-CATTERIES-2026-09-09,1058,1311/Пен/25 Pink pads,BRI,British Shorthair,VBO:0100052,exact,1,Russia (records with explicit foreign address excluded),active cattery-breed association,FARUS,1006,https://xn--80a6adhc.xn--p1ai/catteries/95/1058.html,2026-09-09,Supply-side federation register; multi-breed catteries contribute once to each listed breed; no animal/litter counts; undated cards retained; unknown codes omitted
RU-FARUS-CATTERIES-2026-09-09,1059,1312/Ряз/25 Grand Amor,EXO,Exotic Shorthair,VBO:0100096,exact,1,Russia (records with explicit foreign address excluded),active cattery-breed association,FARUS,1006,https://xn--80a6adhc.xn--p1ai/catteries/95/1059.html,2026-09-09,Supply-side federation register; multi-breed catteries contribute once to each listed breed; no animal/litter counts; undated cards retained; unknown codes omitted
RU-FARUS-CATTERIES-2026-09-09,1059,1312/Ряз/25 Grand Amor,PER,Persian,VBO:0100188,exact,1,Russia (records with explicit foreign address excluded),active cattery-breed association,FARUS,1006,https://xn--80a6adhc.xn--p1ai/catteries/95/1059.html,2026-09-09,Supply-side federation register; multi-breed catteries contribute once to each listed breed; no animal/litter counts; undated cards retained; unknown codes omitted
RU-FARUS-CATTERIES-2026-09-09,1060,1313/М/25 SaVa,BRI,British Shorthair,VBO:0100052,exact,1,Russia (records with explicit foreign address excluded),active cattery-breed association,FARUS,1006,https://xn--80a6adhc.xn--p1ai/catteries/95/1060.html,2026-09-09,Supply-side federation register; multi-breed catteries contribute once to each listed breed; no animal/litter counts; undated cards retained; unknown codes omitted
RU-FARUS-CATTERIES-2026-09-09,1061,1314/ТН/25 SilkyStep,BUR,Burmese,VBO:0100053,exact,1,Russia (records with explicit foreign address excluded),active cattery-breed association,FARUS,1006,https://xn--80a6adhc.xn--p1ai/catteries/95/1061.html,2026-09-09,Supply-side federation register; multi-breed catteries contribute once to each listed breed; no animal/litter counts; undated cards retained; unknown codes omitted
RU-FARUS-CATTERIES-2026-09-09,1062,1315/ВЧ/25 TEOS,MNS,"Munchkin (Munchk), Short-Haired",VBO:0100303,exact,1,Russia (records with explicit foreign address excluded),active cattery-breed association,FARUS,1006,https://xn--80a6adhc.xn--p1ai/catteries/95/1062.html,2026-09-09,Supply-side federation register; multi-breed catteries contribute once to each listed breed; no animal/litter counts; undated cards retained; unknown codes omitted
RU-FARUS-CATTERIES-2026-09-09,1063,1316/ЛОК/25 ELM,SCS,Scottish Straight,VBO:0100213,exact,1,Russia (records with explicit foreign address excluded),active cattery-breed association,FARUS,1006,https://xn--80a6adhc.xn--p1ai/catteries/102/1063.html,2026-09-09,Supply-side federation register; multi-breed catteries contribute once to each listed breed; no animal/litter counts; undated cards retained; unknown codes omitted
RU-FARUS-CATTERIES-2026-09-09,1063,1316/ЛОК/25 ELM,SFS,Scottish Fold,VBO:0100209,exact,1,Russia (records with explicit foreign address excluded),active cattery-breed association,FARUS,1006,https://xn--80a6adhc.xn--p1ai/catteries/102/1063.html,2026-09-09,Supply-side federation register; multi-breed catteries contribute once to each listed breed; no animal/litter counts; undated cards retained; unknown codes omitted
RU-FARUS-CATTERIES-2026-09-09,1064,1317/ЛОР/25 Tihiro clud,MCO,Maine Coon,VBO:0100154,exact,1,Russia (records with explicit foreign address excluded),active cattery-breed association,FARUS,1006,https://xn--80a6adhc.xn--p1ai/catteries/102/1064.html,2026-09-09,Supply-side federation register; multi-breed catteries contribute once to each listed breed; no animal/litter counts; undated cards retained; unknown codes omitted
RU-FARUS-CATTERIES-2026-09-09,1064,1317/ЛОР/25 Tihiro clud,OSH,Oriental Shorthair,VBO:0100184,exact,1,Russia (records with explicit foreign address excluded),active cattery-breed association,FARUS,1006,https://xn--80a6adhc.xn--p1ai/catteries/102/1064.html,2026-09-09,Supply-side federation register; multi-breed catteries contribute once to each listed breed; no animal/litter counts; undated cards retained; unknown codes omitted
RU-FARUS-CATTERIES-2026-09-09,1065,1318/С-П/25 Hamster Cat,SCS,Scottish Straight,VBO:0100213,exact,1,Russia (records with explicit foreign address excluded),active cattery-breed association,FARUS,1006,https://xn--80a6adhc.xn--p1ai/catteries/102/1065.html,2026-09-09,Supply-side federation register; multi-breed catteries contribute once to each listed breed; no animal/litter counts; undated cards retained; unknown codes omitted
RU-FARUS-CATTERIES-2026-09-09,1065,1318/С-П/25 Hamster Cat,SFS,Scottish Fold,VBO:0100209,exact,1,Russia (records with explicit foreign address excluded),active cattery-breed association,FARUS,1006,https://xn--80a6adhc.xn--p1ai/catteries/102/1065.html,2026-09-09,Supply-side federation register; multi-breed catteries contribute once to each listed breed; no animal/litter counts; undated cards retained; unknown codes omitted
RU-FARUS-CATTERIES-2026-09-09,1066,1319/ЛОМ/25 Gentle Hris Usti,ABY,Abyssinian,VBO:0100000,exact,1,Russia (records with explicit foreign address excluded),active cattery-breed association,FARUS,1006,https://xn--80a6adhc.xn--p1ai/catteries/100/1066.html,2026-09-09,Supply-side federation register; multi-breed catteries contribute once to each listed breed; no animal/litter counts; undated cards retained; unknown codes omitted
RU-FARUS-CATTERIES-2026-09-09,1066,1319/ЛОМ/25 Gentle Hris Usti,SOM,Somali,VBO:0100229,exact,1,Russia (records with explicit foreign address excluded),active cattery-breed association,FARUS,1006,https://xn--80a6adhc.xn--p1ai/catteries/100/1066.html,2026-09-09,Supply-side federation register; multi-breed catteries contribute once to each listed breed; no animal/litter counts; undated cards retained; unknown codes omitted
RU-FARUS-CATTERIES-2026-09-09,1067,1320/НЗ/25 SofiCat,SCS,Scottish Straight,VBO:0100213,exact,1,Russia (records with explicit foreign address excluded),active cattery-breed association,FARUS,1006,https://xn--80a6adhc.xn--p1ai/catteries/100/1067.html,2026-09-09,Supply-side federation register; multi-breed catteries contribute once to each listed breed; no animal/litter counts; undated cards retained; unknown codes omitted
RU-FARUS-CATTERIES-2026-09-09,1067,1320/НЗ/25 SofiCat,SFS,Scottish Fold,VBO:0100209,exact,1,Russia (records with explicit foreign address excluded),active cattery-breed association,FARUS,1006,https://xn--80a6adhc.xn--p1ai/catteries/100/1067.html,2026-09-09,Supply-side federation register; multi-breed catteries contribute once to each listed breed; no animal/litter counts; undated cards retained; unknown codes omitted
RU-FARUS-CATTERIES-2026-09-09,1068,1321/С-П К/25 Amurneva*Cat`s PETERBURGA,ABY,Abyssinian,VBO:0100000,exact,1,Russia (records with explicit foreign address excluded),active cattery-breed association,FARUS,1006,https://xn--80a6adhc.xn--p1ai/catteries/100/1068.html,2026-09-09,Supply-side federation register; multi-breed catteries contribute once to each listed breed; no animal/litter counts; undated cards retained; unknown codes omitted
RU-FARUS-CATTERIES-2026-09-09,1068,1321/С-П К/25 Amurneva*Cat`s PETERBURGA,BEN,Bengal,VBO:0100040,exact,1,Russia (records with explicit foreign address excluded),active cattery-breed association,FARUS,1006,https://xn--80a6adhc.xn--p1ai/catteries/100/1068.html,2026-09-09,Supply-side federation register; multi-breed catteries contribute once to each listed breed; no animal/litter counts; undated cards retained; unknown codes omitted
RU-FARUS-CATTERIES-2026-09-09,1068,1321/С-П К/25 Amurneva*Cat`s PETERBURGA,BUR,Burmese,VBO:0100053,exact,1,Russia (records with explicit foreign address excluded),active cattery-breed association,FARUS,1006,https://xn--80a6adhc.xn--p1ai/catteries/100/1068.html,2026-09-09,Supply-side federation register; multi-breed catteries contribute once to each listed breed; no animal/litter counts; undated cards retained; unknown codes omitted
RU-FARUS-CATTERIES-2026-09-09,1068,1321/С-П К/25 Amurneva*Cat`s PETERBURGA,SCS,Scottish Straight,VBO:0100213,exact,1,Russia (records with explicit foreign address excluded),active cattery-breed association,FARUS,1006,https://xn--80a6adhc.xn--p1ai/catteries/100/1068.html,2026-09-09,Supply-side federation register; multi-breed catteries contribute once to each listed breed; no animal/litter counts; undated cards retained; unknown codes omitted
RU-FARUS-CATTERIES-2026-09-09,1068,1321/С-П К/25 Amurneva*Cat`s PETERBURGA,SFS,Scottish Fold,VBO:0100209,exact,1,Russia (records with explicit foreign address excluded),active cattery-breed association,FARUS,1006,https://xn--80a6adhc.xn--p1ai/catteries/100/1068.html,2026-09-09,Supply-side federation register; multi-breed catteries contribute once to each listed breed; no animal/litter counts; undated cards retained; unknown codes omitted
RU-FARUS-CATTERIES-2026-09-09,1069,1322/С-П/25 LEPARDI.SPB,BEN,Bengal,VBO:0100040,exact,1,Russia (records with explicit foreign address excluded),active cattery-breed association,FARUS,1006,https://xn--80a6adhc.xn--p1ai/catteries/100/1069.html,2026-09-09,Supply-side federation register; multi-breed catteries contribute once to each listed breed; no animal/litter counts; undated cards retained; unknown codes omitted
RU-FARUS-CATTERIES-2026-09-09,1070,1323/С-П/25 Eguine`s Coon,MCO,Maine Coon,VBO:0100154,exact,1,Russia (records with explicit foreign address excluded),active cattery-breed association,FARUS,1006,https://xn--80a6adhc.xn--p1ai/catteries/100/1070.html,2026-09-09,Supply-side federation register; multi-breed catteries contribute once to each listed breed; no animal/litter counts; undated cards retained; unknown codes omitted
RU-FARUS-CATTERIES-2026-09-09,1070,1323/С-П/25 Eguine`s Coon,MCP,Maine Coon Polydactyl,VBO:0100155,exact,1,Russia (records with explicit foreign address excluded),active cattery-breed association,FARUS,1006,https://xn--80a6adhc.xn--p1ai/catteries/100/1070.html,2026-09-09,Supply-side federation register; multi-breed catteries contribute once to each listed breed; no animal/litter counts; undated cards retained; unknown codes omitted
RU-FARUS-CATTERIES-2026-09-09,1071,1324/УфН /25 PersonaGrata,BEN,Bengal,VBO:0100040,exact,1,Russia (records with explicit foreign address excluded),active cattery-breed association,FARUS,1006,https://xn--80a6adhc.xn--p1ai/catteries/98/1071.html,2026-09-09,Supply-side federation register; multi-breed catteries contribute once to each listed breed; no animal/litter counts; undated cards retained; unknown codes omitted
RU-FARUS-CATTERIES-2026-09-09,1071,1324/УфН /25 PersonaGrata,BUR,Burmese,VBO:0100053,exact,1,Russia (records with explicit foreign address excluded),active cattery-breed association,FARUS,1006,https://xn--80a6adhc.xn--p1ai/catteries/98/1071.html,2026-09-09,Supply-side federation register; multi-breed catteries contribute once to each listed breed; no animal/litter counts; undated cards retained; unknown codes omitted
RU-FARUS-CATTERIES-2026-09-09,1071,1324/УфН /25 PersonaGrata,MCO,Maine Coon,VBO:0100154,exact,1,Russia (records with explicit foreign address excluded),active cattery-breed association,FARUS,1006,https://xn--80a6adhc.xn--p1ai/catteries/98/1071.html,2026-09-09,Supply-side federation register; multi-breed catteries contribute once to each listed breed; no animal/litter counts; undated cards retained; unknown codes omitted
RU-FARUS-CATTERIES-2026-09-09,1072,1325/ОрБр/25 Super Kus (Супер Кусь),ABY,Abyssinian,VBO:0100000,exact,1,Russia (records with explicit foreign address excluded),active cattery-breed association,FARUS,1006,https://xn--80a6adhc.xn--p1ai/catteries/97/1072.html,2026-09-09,Supply-side federation register; multi-breed catteries contribute once to each listed breed; no animal/litter counts; undated cards retained; unknown codes omitted
RU-FARUS-CATTERIES-2026-09-09,1073,1326/С-П/25 Vanilla Burmese,BUR,Burmese,VBO:0100053,exact,1,Russia (records with explicit foreign address excluded),active cattery-breed association,FARUS,1006,https://xn--80a6adhc.xn--p1ai/catteries/99/1073.html,2026-09-09,Supply-side federation register; multi-breed catteries contribute once to each listed breed; no animal/litter counts; undated cards retained; unknown codes omitted
RU-FARUS-CATTERIES-2026-09-09,1078,1328/КС/25 Mega Cats,MCO,Maine Coon,VBO:0100154,exact,1,Russia (records with explicit foreign address excluded),active cattery-breed association,FARUS,1006,https://xn--80a6adhc.xn--p1ai/catteries/96/1078.html,2026-09-09,Supply-side federation register; multi-breed catteries contribute once to each listed breed; no animal/litter counts; undated cards retained; unknown codes omitted
RU-FARUS-CATTERIES-2026-09-09,1079,1329/С-П/25 Curly Star,BUR,Burmese,VBO:0100053,exact,1,Russia (records with explicit foreign address excluded),active cattery-breed association,FARUS,1006,https://xn--80a6adhc.xn--p1ai/catteries/102/1079.html,2026-09-09,Supply-side federation register; multi-breed catteries contribute once to each listed breed; no animal/litter counts; undated cards retained; unknown codes omitted
RU-FARUS-CATTERIES-2026-09-09,1079,1329/С-П/25 Curly Star,CRX,Cornish Rex,VBO:0100077,exact,1,Russia (records with explicit foreign address excluded),active cattery-breed association,FARUS,1006,https://xn--80a6adhc.xn--p1ai/catteries/102/1079.html,2026-09-09,Supply-side federation register; multi-breed catteries contribute once to each listed breed; no animal/litter counts; undated cards retained; unknown codes omitted
RU-FARUS-CATTERIES-2026-09-09,1080,1330/М/25 Lambent Eyes,BRI,British Shorthair,VBO:0100052,exact,1,Russia (records with explicit foreign address excluded),active cattery-breed association,FARUS,1006,https://xn--80a6adhc.xn--p1ai/catteries/95/1080.html,2026-09-09,Supply-side federation register; multi-breed catteries contribute once to each listed breed; no animal/litter counts; undated cards retained; unknown codes omitted
RU-FARUS-CATTERIES-2026-09-09,1080,1330/М/25 Lambent Eyes,SCS,Scottish Straight,VBO:0100213,exact,1,Russia (records with explicit foreign address excluded),active cattery-breed association,FARUS,1006,https://xn--80a6adhc.xn--p1ai/catteries/95/1080.html,2026-09-09,Supply-side federation register; multi-breed catteries contribute once to each listed breed; no animal/litter counts; undated cards retained; unknown codes omitted
RU-FARUS-CATTERIES-2026-09-09,1080,1330/М/25 Lambent Eyes,SFS,Scottish Fold,VBO:0100209,exact,1,Russia (records with explicit foreign address excluded),active cattery-breed association,FARUS,1006,https://xn--80a6adhc.xn--p1ai/catteries/95/1080.html,2026-09-09,Supply-side federation register; multi-breed catteries contribute once to each listed breed; no animal/litter counts; undated cards retained; unknown codes omitted
RU-FARUS-CATTERIES-2026-09-09,1081,1331/МОБ/25 Bitcoin,SAV,Savannah,VBO:0100208,exact,1,Russia (records with explicit foreign address excluded),active cattery-breed association,FARUS,1006,https://xn--80a6adhc.xn--p1ai/catteries/95/1081.html,2026-09-09,Supply-side federation register; multi-breed catteries contribute once to each listed breed; no animal/litter counts; undated cards retained; unknown codes omitted
RU-FARUS-CATTERIES-2026-09-09,1082,1332/МОНФ/25 Marymur,SCS,Scottish Straight,VBO:0100213,exact,1,Russia (records with explicit foreign address excluded),active cattery-breed association,FARUS,1006,https://xn--80a6adhc.xn--p1ai/catteries/95/1082.html,2026-09-09,Supply-side federation register; multi-breed catteries contribute once to each listed breed; no animal/litter counts; undated cards retained; unknown codes omitted
RU-FARUS-CATTERIES-2026-09-09,1082,1332/МОНФ/25 Marymur,SFS,Scottish Fold,VBO:0100209,exact,1,Russia (records with explicit foreign address excluded),active cattery-breed association,FARUS,1006,https://xn--80a6adhc.xn--p1ai/catteries/95/1082.html,2026-09-09,Supply-side federation register; multi-breed catteries contribute once to each listed breed; no animal/litter counts; undated cards retained; unknown codes omitted
RU-FARUS-CATTERIES-2026-09-09,1083,1333/МОА/25 SIRIS,BAM,Bambino,VBO:0100037,exact,1,Russia (records with explicit foreign address excluded),active cattery-breed association,FARUS,1006,https://xn--80a6adhc.xn--p1ai/catteries/95/1083.html,2026-09-09,Supply-side federation register; multi-breed catteries contribute once to each listed breed; no animal/litter counts; undated cards retained; unknown codes omitted
RU-FARUS-CATTERIES-2026-09-09,1083,1333/МОА/25 SIRIS,DWF,Dwelf,VBO:0100089,exact,1,Russia (records with explicit foreign address excluded),active cattery-breed association,FARUS,1006,https://xn--80a6adhc.xn--p1ai/catteries/95/1083.html,2026-09-09,Supply-side federation register; multi-breed catteries contribute once to each listed breed; no animal/litter counts; undated cards retained; unknown codes omitted
RU-FARUS-CATTERIES-2026-09-09,1084,1334/В/25 Strana OZ,BRI,British Shorthair,VBO:0100052,exact,1,Russia (records with explicit foreign address excluded),active cattery-breed association,FARUS,1006,https://xn--80a6adhc.xn--p1ai/catteries/95/1084.html,2026-09-09,Supply-side federation register; multi-breed catteries contribute once to each listed breed; no animal/litter counts; undated cards retained; unknown codes omitted
RU-FARUS-CATTERIES-2026-09-09,1084,1334/В/25 Strana OZ,MNS,"Munchkin (Munchk), Short-Haired",VBO:0100303,exact,1,Russia (records with explicit foreign address excluded),active cattery-breed association,FARUS,1006,https://xn--80a6adhc.xn--p1ai/catteries/95/1084.html,2026-09-09,Supply-side federation register; multi-breed catteries contribute once to each listed breed; no animal/litter counts; undated cards retained; unknown codes omitted
RU-FARUS-CATTERIES-2026-09-09,1084,1334/В/25 Strana OZ,SCS,Scottish Straight,VBO:0100213,exact,1,Russia (records with explicit foreign address excluded),active cattery-breed association,FARUS,1006,https://xn--80a6adhc.xn--p1ai/catteries/95/1084.html,2026-09-09,Supply-side federation register; multi-breed catteries contribute once to each listed breed; no animal/litter counts; undated cards retained; unknown codes omitted
RU-FARUS-CATTERIES-2026-09-09,1084,1334/В/25 Strana OZ,SFS,Scottish Fold,VBO:0100209,exact,1,Russia (records with explicit foreign address excluded),active cattery-breed association,FARUS,1006,https://xn--80a6adhc.xn--p1ai/catteries/95/1084.html,2026-09-09,Supply-side federation register; multi-breed catteries contribute once to each listed breed; no animal/litter counts; undated cards retained; unknown codes omitted
RU-FARUS-CATTERIES-2026-09-09,1084,1334/В/25 Strana OZ,SKS,Selkirk Rex Shorthair,VBO:0100217,exact,1,Russia (records with explicit foreign address excluded),active cattery-breed association,FARUS,1006,https://xn--80a6adhc.xn--p1ai/catteries/95/1084.html,2026-09-09,Supply-side federation register; multi-breed catteries contribute once to each listed breed; no animal/litter counts; undated cards retained; unknown codes omitted
RU-FARUS-CATTERIES-2026-09-09,1085,1335/КрТ/25 MAGI COON,MCO,Maine Coon,VBO:0100154,exact,1,Russia (records with explicit foreign address excluded),active cattery-breed association,FARUS,1006,https://xn--80a6adhc.xn--p1ai/catteries/104/1085.html,2026-09-09,Supply-side federation register; multi-breed catteries contribute once to each listed breed; no animal/litter counts; undated cards retained; unknown codes omitted
RU-FARUS-CATTERIES-2026-09-09,1086,1336/СвП/25 Leopold (Леопольд),KBS,Kurilian Bobtail Shorthair,VBO:0100148,exact,1,Russia (records with explicit foreign address excluded),active cattery-breed association,FARUS,1006,https://xn--80a6adhc.xn--p1ai/catteries/126/1086.html,2026-09-09,Supply-side federation register; multi-breed catteries contribute once to each listed breed; no animal/litter counts; undated cards retained; unknown codes omitted
RU-FARUS-CATTERIES-2026-09-09,1086,1336/СвП/25 Leopold (Леопольд),MCO,Maine Coon,VBO:0100154,exact,1,Russia (records with explicit foreign address excluded),active cattery-breed association,FARUS,1006,https://xn--80a6adhc.xn--p1ai/catteries/126/1086.html,2026-09-09,Supply-side federation register; multi-breed catteries contribute once to each listed breed; no animal/litter counts; undated cards retained; unknown codes omitted
RU-FARUS-CATTERIES-2026-09-09,1087,1337/С/25 Blue Moon,ELF,Elf,VBO:0100091,exact,1,Russia (records with explicit foreign address excluded),active cattery-breed association,FARUS,1006,https://xn--80a6adhc.xn--p1ai/catteries/126/1087.html,2026-09-09,Supply-side federation register; multi-breed catteries contribute once to each listed breed; no animal/litter counts; undated cards retained; unknown codes omitted
RU-FARUS-CATTERIES-2026-09-09,1088,1259/МНФ/ DiamondGemini,MCO,Maine Coon,VBO:0100154,exact,1,Russia (records with explicit foreign address excluded),active cattery-breed association,FARUS,1006,https://xn--80a6adhc.xn--p1ai/catteries/112/1088.html,2026-09-09,Supply-side federation register; multi-breed catteries contribute once to each listed breed; no animal/litter counts; undated cards retained; unknown codes omitted
RU-FARUS-CATTERIES-2026-09-09,1089,1308/С-П/25 Caesarea,MCO,Maine Coon,VBO:0100154,exact,1,Russia (records with explicit foreign address excluded),active cattery-breed association,FARUS,1006,https://xn--80a6adhc.xn--p1ai/catteries/112/1089.html,2026-09-09,Supply-side federation register; multi-breed catteries contribute once to each listed breed; no animal/litter counts; undated cards retained; unknown codes omitted
RU-FARUS-CATTERIES-2026-09-09,1089,1308/С-П/25 Caesarea,MCP,Maine Coon Polydactyl,VBO:0100155,exact,1,Russia (records with explicit foreign address excluded),active cattery-breed association,FARUS,1006,https://xn--80a6adhc.xn--p1ai/catteries/112/1089.html,2026-09-09,Supply-side federation register; multi-breed catteries contribute once to each listed breed; no animal/litter counts; undated cards retained; unknown codes omitted
RU-FARUS-CATTERIES-2026-09-09,1090,1309/M/25 PaulinaMurr,PBD,Peterbald,VBO:0100189,exact,1,Russia (records with explicit foreign address excluded),active cattery-breed association,FARUS,1006,https://xn--80a6adhc.xn--p1ai/catteries/112/1090.html,2026-09-09,Supply-side federation register; multi-breed catteries contribute once to each listed breed; no animal/litter counts; undated cards retained; unknown codes omitted
RU-FARUS-CATTERIES-2026-09-09,1091,1347/Чел/25 Imperium Felis Fortuna,MCO,Maine Coon,VBO:0100154,exact,1,Russia (records with explicit foreign address excluded),active cattery-breed association,FARUS,1006,https://xn--80a6adhc.xn--p1ai/catteries/120/1091.html,2026-09-09,Supply-side federation register; multi-breed catteries contribute once to each listed breed; no animal/litter counts; undated cards retained; unknown codes omitted
RU-FARUS-CATTERIES-2026-09-09,1092,1338/Ом/25 Amulet of Hathor*RU,DSX,Donskoy,VBO:0100086,exact,1,Russia (records with explicit foreign address excluded),active cattery-breed association,FARUS,1006,https://xn--80a6adhc.xn--p1ai/catteries/126/1092.html,2026-09-09,Supply-side federation register; multi-breed catteries contribute once to each listed breed; no animal/litter counts; undated cards retained; unknown codes omitted
RU-FARUS-CATTERIES-2026-09-09,1092,1338/Ом/25 Amulet of Hathor*RU,ULV,Ukrainian Levkoy,VBO:0100252,exact,1,Russia (records with explicit foreign address excluded),active cattery-breed association,FARUS,1006,https://xn--80a6adhc.xn--p1ai/catteries/126/1092.html,2026-09-09,Supply-side federation register; multi-breed catteries contribute once to each listed breed; no animal/litter counts; undated cards retained; unknown codes omitted
RU-FARUS-CATTERIES-2026-09-09,1093,1339/Ом/25 Imperiya Beylis,BUR,Burmese,VBO:0100053,exact,1,Russia (records with explicit foreign address excluded),active cattery-breed association,FARUS,1006,https://xn--80a6adhc.xn--p1ai/catteries/126/1093.html,2026-09-09,Supply-side federation register; multi-breed catteries contribute once to each listed breed; no animal/litter counts; undated cards retained; unknown codes omitted
RU-FARUS-CATTERIES-2026-09-09,1094,1340/Кр/25 Kota Drug,MCO,Maine Coon,VBO:0100154,exact,1,Russia (records with explicit foreign address excluded),active cattery-breed association,FARUS,1006,https://xn--80a6adhc.xn--p1ai/catteries/104/1094.html,2026-09-09,Supply-side federation register; multi-breed catteries contribute once to each listed breed; no animal/litter counts; undated cards retained; unknown codes omitted
RU-FARUS-CATTERIES-2026-09-09,1095,1341/С-П/25 Sable Paws,BUR,Burmese,VBO:0100053,exact,1,Russia (records with explicit foreign address excluded),active cattery-breed association,FARUS,1006,https://xn--80a6adhc.xn--p1ai/catteries/99/1095.html,2026-09-09,Supply-side federation register; multi-breed catteries contribute once to each listed breed; no animal/litter counts; undated cards retained; unknown codes omitted
RU-FARUS-CATTERIES-2026-09-09,1096,1342/ЛОК/25 Sable Fluff,BUR,Burmese,VBO:0100053,exact,1,Russia (records with explicit foreign address excluded),active cattery-breed association,FARUS,1006,https://xn--80a6adhc.xn--p1ai/catteries/99/1096.html,2026-09-09,Supply-side federation register; multi-breed catteries contribute once to each listed breed; no animal/litter counts; undated cards retained; unknown codes omitted
RU-FARUS-CATTERIES-2026-09-09,1097,1343/С-П/25 AmurLux,BRI,British Shorthair,VBO:0100052,exact,1,Russia (records with explicit foreign address excluded),active cattery-breed association,FARUS,1006,https://xn--80a6adhc.xn--p1ai/catteries/130/1097.html,2026-09-09,Supply-side federation register; multi-breed catteries contribute once to each listed breed; no animal/litter counts; undated cards retained; unknown codes omitted
RU-FARUS-CATTERIES-2026-09-09,1097,1343/С-П/25 AmurLux,SCS,Scottish Straight,VBO:0100213,exact,1,Russia (records with explicit foreign address excluded),active cattery-breed association,FARUS,1006,https://xn--80a6adhc.xn--p1ai/catteries/130/1097.html,2026-09-09,Supply-side federation register; multi-breed catteries contribute once to each listed breed; no animal/litter counts; undated cards retained; unknown codes omitted
RU-FARUS-CATTERIES-2026-09-09,1097,1343/С-П/25 AmurLux,SFS,Scottish Fold,VBO:0100209,exact,1,Russia (records with explicit foreign address excluded),active cattery-breed association,FARUS,1006,https://xn--80a6adhc.xn--p1ai/catteries/130/1097.html,2026-09-09,Supply-side federation register; multi-breed catteries contribute once to each listed breed; no animal/litter counts; undated cards retained; unknown codes omitted
RU-FARUS-CATTERIES-2026-09-09,1098,1344/С-П/25 Casa alieni,OSH,Oriental Shorthair,VBO:0100184,exact,1,Russia (records with explicit foreign address excluded),active cattery-breed association,FARUS,1006,https://xn--80a6adhc.xn--p1ai/catteries/130/1098.html,2026-09-09,Supply-side federation register; multi-breed catteries contribute once to each listed breed; no animal/litter counts; undated cards retained; unknown codes omitted
RU-FARUS-CATTERIES-2026-09-09,1099,1345/ЛОЛ/25 MAKKALAR,THA,Thai,VBO:0100235,exact,1,Russia (records with explicit foreign address excluded),active cattery-breed association,FARUS,1006,https://xn--80a6adhc.xn--p1ai/catteries/130/1099.html,2026-09-09,Supply-side federation register; multi-breed catteries contribute once to each listed breed; no animal/litter counts; undated cards retained; unknown codes omitted
RU-FARUS-CATTERIES-2026-09-09,1100,1346/С-П/25 Snow pride,BEN,Bengal,VBO:0100040,exact,1,Russia (records with explicit foreign address excluded),active cattery-breed association,FARUS,1006,https://xn--80a6adhc.xn--p1ai/catteries/102/1100.html,2026-09-09,Supply-side federation register; multi-breed catteries contribute once to each listed breed; no animal/litter counts; undated cards retained; unknown codes omitted
RU-FARUS-CATTERIES-2026-09-09,1100,1346/С-П/25 Snow pride,RAG,Ragdoll,VBO:0100196,exact,1,Russia (records with explicit foreign address excluded),active cattery-breed association,FARUS,1006,https://xn--80a6adhc.xn--p1ai/catteries/102/1100.html,2026-09-09,Supply-side federation register; multi-breed catteries contribute once to each listed breed; no animal/litter counts; undated cards retained; unknown codes omitted
RU-FARUS-CATTERIES-2026-09-09,1102,Marcus and Alice`s Cats House,SCL,Scottish Straight Longhair,VBO:0100214,exact,1,Russia (records with explicit foreign address excluded),active cattery-breed association,FARUS,1006,https://xn--80a6adhc.xn--p1ai/catteries/83/1102.html,2026-09-09,Supply-side federation register; multi-breed catteries contribute once to each listed breed; no animal/litter counts; undated cards retained; unknown codes omitted
RU-FARUS-CATTERIES-2026-09-09,1102,Marcus and Alice`s Cats House,SCS,Scottish Straight,VBO:0100213,exact,1,Russia (records with explicit foreign address excluded),active cattery-breed association,FARUS,1006,https://xn--80a6adhc.xn--p1ai/catteries/83/1102.html,2026-09-09,Supply-side federation register; multi-breed catteries contribute once to each listed breed; no animal/litter counts; undated cards retained; unknown codes omitted
RU-FARUS-CATTERIES-2026-09-09,1102,Marcus and Alice`s Cats House,SFL,Scottish Fold Longhair,VBO:0100210,exact,1,Russia (records with explicit foreign address excluded),active cattery-breed association,FARUS,1006,https://xn--80a6adhc.xn--p1ai/catteries/83/1102.html,2026-09-09,Supply-side federation register; multi-breed catteries contribute once to each listed breed; no animal/litter counts; undated cards retained; unknown codes omitted
RU-FARUS-CATTERIES-2026-09-09,1102,Marcus and Alice`s Cats House,SFS,Scottish Fold,VBO:0100209,exact,1,Russia (records with explicit foreign address excluded),active cattery-breed association,FARUS,1006,https://xn--80a6adhc.xn--p1ai/catteries/83/1102.html,2026-09-09,Supply-side federation register; multi-breed catteries contribute once to each listed breed; no animal/litter counts; undated cards retained; unknown codes omitted
RU-FARUS-CATTERIES-2026-09-09,1103,1348/М/25 ELDAMAR,ABY,Abyssinian,VBO:0100000,exact,1,Russia (records with explicit foreign address excluded),active cattery-breed association,FARUS,1006,https://xn--80a6adhc.xn--p1ai/catteries/103/1103.html,2026-09-09,Supply-side federation register; multi-breed catteries contribute once to each listed breed; no animal/litter counts; undated cards retained; unknown codes omitted
RU-FARUS-CATTERIES-2026-09-09,1104,1349/РВ/25 Pussycat,MNS,"Munchkin (Munchk), Short-Haired",VBO:0100303,exact,1,Russia (records with explicit foreign address excluded),active cattery-breed association,FARUS,1006,https://xn--80a6adhc.xn--p1ai/catteries/95/1104.html,2026-09-09,Supply-side federation register; multi-breed catteries contribute once to each listed breed; no animal/litter counts; undated cards retained; unknown codes omitted
RU-FARUS-CATTERIES-2026-09-09,1104,1349/РВ/25 Pussycat,SKS,Selkirk Rex Shorthair,VBO:0100217,exact,1,Russia (records with explicit foreign address excluded),active cattery-breed association,FARUS,1006,https://xn--80a6adhc.xn--p1ai/catteries/95/1104.html,2026-09-09,Supply-side federation register; multi-breed catteries contribute once to each listed breed; no animal/litter counts; undated cards retained; unknown codes omitted
RU-FARUS-CATTERIES-2026-09-09,1106,1351/МОД/25 AURUMKI,BRI,British Shorthair,VBO:0100052,exact,1,Russia (records with explicit foreign address excluded),active cattery-breed association,FARUS,1006,https://xn--80a6adhc.xn--p1ai/catteries/95/1106.html,2026-09-09,Supply-side federation register; multi-breed catteries contribute once to each listed breed; no animal/litter counts; undated cards retained; unknown codes omitted
RU-FARUS-CATTERIES-2026-09-09,1107,1352/С-П/25 Burmirin,BUR,Burmese,VBO:0100053,exact,1,Russia (records with explicit foreign address excluded),active cattery-breed association,FARUS,1006,https://xn--80a6adhc.xn--p1ai/catteries/99/1107.html,2026-09-09,Supply-side federation register; multi-breed catteries contribute once to each listed breed; no animal/litter counts; undated cards retained; unknown codes omitted
RU-FARUS-CATTERIES-2026-09-09,1108,1353/Т/25 Furri Family,BLH,British Longhair,VBO:0100051,exact,1,Russia (records with explicit foreign address excluded),active cattery-breed association,FARUS,1006,https://xn--80a6adhc.xn--p1ai/catteries/128/1108.html,2026-09-09,Supply-side federation register; multi-breed catteries contribute once to each listed breed; no animal/litter counts; undated cards retained; unknown codes omitted
RU-FARUS-CATTERIES-2026-09-09,1108,1353/Т/25 Furri Family,BRI,British Shorthair,VBO:0100052,exact,1,Russia (records with explicit foreign address excluded),active cattery-breed association,FARUS,1006,https://xn--80a6adhc.xn--p1ai/catteries/128/1108.html,2026-09-09,Supply-side federation register; multi-breed catteries contribute once to each listed breed; no animal/litter counts; undated cards retained; unknown codes omitted
RU-FARUS-CATTERIES-2026-09-09,1108,1353/Т/25 Furri Family,SKS,Selkirk Rex Shorthair,VBO:0100217,exact,1,Russia (records with explicit foreign address excluded),active cattery-breed association,FARUS,1006,https://xn--80a6adhc.xn--p1ai/catteries/128/1108.html,2026-09-09,Supply-side federation register; multi-breed catteries contribute once to each listed breed; no animal/litter counts; undated cards retained; unknown codes omitted
RU-FARUS-CATTERIES-2026-09-09,1109,1354/ТвС/25 Cat`s Dune,SCL,Scottish Straight Longhair,VBO:0100214,exact,1,Russia (records with explicit foreign address excluded),active cattery-breed association,FARUS,1006,https://xn--80a6adhc.xn--p1ai/catteries/108/1109.html,2026-09-09,Supply-side federation register; multi-breed catteries contribute once to each listed breed; no animal/litter counts; undated cards retained; unknown codes omitted
RU-FARUS-CATTERIES-2026-09-09,1109,1354/ТвС/25 Cat`s Dune,SCS,Scottish Straight,VBO:0100213,exact,1,Russia (records with explicit foreign address excluded),active cattery-breed association,FARUS,1006,https://xn--80a6adhc.xn--p1ai/catteries/108/1109.html,2026-09-09,Supply-side federation register; multi-breed catteries contribute once to each listed breed; no animal/litter counts; undated cards retained; unknown codes omitted
RU-FARUS-CATTERIES-2026-09-09,1109,1354/ТвС/25 Cat`s Dune,SFL,Scottish Fold Longhair,VBO:0100210,exact,1,Russia (records with explicit foreign address excluded),active cattery-breed association,FARUS,1006,https://xn--80a6adhc.xn--p1ai/catteries/108/1109.html,2026-09-09,Supply-side federation register; multi-breed catteries contribute once to each listed breed; no animal/litter counts; undated cards retained; unknown codes omitted
RU-FARUS-CATTERIES-2026-09-09,1109,1354/ТвС/25 Cat`s Dune,SFS,Scottish Fold,VBO:0100209,exact,1,Russia (records with explicit foreign address excluded),active cattery-breed association,FARUS,1006,https://xn--80a6adhc.xn--p1ai/catteries/108/1109.html,2026-09-09,Supply-side federation register; multi-breed catteries contribute once to each listed breed; no animal/litter counts; undated cards retained; unknown codes omitted
RU-FARUS-CATTERIES-2026-09-09,1110,1355/ЛОГ/25 LeTerveMur,SCL,Scottish Straight Longhair,VBO:0100214,exact,1,Russia (records with explicit foreign address excluded),active cattery-breed association,FARUS,1006,https://xn--80a6adhc.xn--p1ai/catteries/108/1110.html,2026-09-09,Supply-side federation register; multi-breed catteries contribute once to each listed breed; no animal/litter counts; undated cards retained; unknown codes omitted
RU-FARUS-CATTERIES-2026-09-09,1110,1355/ЛОГ/25 LeTerveMur,SCS,Scottish Straight,VBO:0100213,exact,1,Russia (records with explicit foreign address excluded),active cattery-breed association,FARUS,1006,https://xn--80a6adhc.xn--p1ai/catteries/108/1110.html,2026-09-09,Supply-side federation register; multi-breed catteries contribute once to each listed breed; no animal/litter counts; undated cards retained; unknown codes omitted
RU-FARUS-CATTERIES-2026-09-09,1110,1355/ЛОГ/25 LeTerveMur,SFL,Scottish Fold Longhair,VBO:0100210,exact,1,Russia (records with explicit foreign address excluded),active cattery-breed association,FARUS,1006,https://xn--80a6adhc.xn--p1ai/catteries/108/1110.html,2026-09-09,Supply-side federation register; multi-breed catteries contribute once to each listed breed; no animal/litter counts; undated cards retained; unknown codes omitted
RU-FARUS-CATTERIES-2026-09-09,1110,1355/ЛОГ/25 LeTerveMur,SFS,Scottish Fold,VBO:0100209,exact,1,Russia (records with explicit foreign address excluded),active cattery-breed association,FARUS,1006,https://xn--80a6adhc.xn--p1ai/catteries/108/1110.html,2026-09-09,Supply-side federation register; multi-breed catteries contribute once to each listed breed; no animal/litter counts; undated cards retained; unknown codes omitted
RU-FARUS-CATTERIES-2026-09-09,1111,1356/С-П/25 Olympic Cats,BEN,Bengal,VBO:0100040,exact,1,Russia (records with explicit foreign address excluded),active cattery-breed association,FARUS,1006,https://xn--80a6adhc.xn--p1ai/catteries/108/1111.html,2026-09-09,Supply-side federation register; multi-breed catteries contribute once to each listed breed; no animal/litter counts; undated cards retained; unknown codes omitted
RU-FARUS-CATTERIES-2026-09-09,1111,1356/С-П/25 Olympic Cats,BRI,British Shorthair,VBO:0100052,exact,1,Russia (records with explicit foreign address excluded),active cattery-breed association,FARUS,1006,https://xn--80a6adhc.xn--p1ai/catteries/108/1111.html,2026-09-09,Supply-side federation register; multi-breed catteries contribute once to each listed breed; no animal/litter counts; undated cards retained; unknown codes omitted
RU-FARUS-CATTERIES-2026-09-09,1111,1356/С-П/25 Olympic Cats,BUR,Burmese,VBO:0100053,exact,1,Russia (records with explicit foreign address excluded),active cattery-breed association,FARUS,1006,https://xn--80a6adhc.xn--p1ai/catteries/108/1111.html,2026-09-09,Supply-side federation register; multi-breed catteries contribute once to each listed breed; no animal/litter counts; undated cards retained; unknown codes omitted
RU-FARUS-CATTERIES-2026-09-09,1111,1356/С-П/25 Olympic Cats,MCO,Maine Coon,VBO:0100154,exact,1,Russia (records with explicit foreign address excluded),active cattery-breed association,FARUS,1006,https://xn--80a6adhc.xn--p1ai/catteries/108/1111.html,2026-09-09,Supply-side federation register; multi-breed catteries contribute once to each listed breed; no animal/litter counts; undated cards retained; unknown codes omitted
RU-FARUS-CATTERIES-2026-09-09,1111,1356/С-П/25 Olympic Cats,MCP,Maine Coon Polydactyl,VBO:0100155,exact,1,Russia (records with explicit foreign address excluded),active cattery-breed association,FARUS,1006,https://xn--80a6adhc.xn--p1ai/catteries/108/1111.html,2026-09-09,Supply-side federation register; multi-breed catteries contribute once to each listed breed; no animal/litter counts; undated cards retained; unknown codes omitted
RU-FARUS-CATTERIES-2026-09-09,1111,1356/С-П/25 Olympic Cats,SCL,Scottish Straight Longhair,VBO:0100214,exact,1,Russia (records with explicit foreign address excluded),active cattery-breed association,FARUS,1006,https://xn--80a6adhc.xn--p1ai/catteries/108/1111.html,2026-09-09,Supply-side federation register; multi-breed catteries contribute once to each listed breed; no animal/litter counts; undated cards retained; unknown codes omitted
RU-FARUS-CATTERIES-2026-09-09,1111,1356/С-П/25 Olympic Cats,SCS,Scottish Straight,VBO:0100213,exact,1,Russia (records with explicit foreign address excluded),active cattery-breed association,FARUS,1006,https://xn--80a6adhc.xn--p1ai/catteries/108/1111.html,2026-09-09,Supply-side federation register; multi-breed catteries contribute once to each listed breed; no animal/litter counts; undated cards retained; unknown codes omitted
RU-FARUS-CATTERIES-2026-09-09,1111,1356/С-П/25 Olympic Cats,SFL,Scottish Fold Longhair,VBO:0100210,exact,1,Russia (records with explicit foreign address excluded),active cattery-breed association,FARUS,1006,https://xn--80a6adhc.xn--p1ai/catteries/108/1111.html,2026-09-09,Supply-side federation register; multi-breed catteries contribute once to each listed breed; no animal/litter counts; undated cards retained; unknown codes omitted
RU-FARUS-CATTERIES-2026-09-09,1111,1356/С-П/25 Olympic Cats,SFS,Scottish Fold,VBO:0100209,exact,1,Russia (records with explicit foreign address excluded),active cattery-breed association,FARUS,1006,https://xn--80a6adhc.xn--p1ai/catteries/108/1111.html,2026-09-09,Supply-side federation register; multi-breed catteries contribute once to each listed breed; no animal/litter counts; undated cards retained; unknown codes omitted
RU-FARUS-CATTERIES-2026-09-09,1112,1357/С-П/25 Scottish paws,SCL,Scottish Straight Longhair,VBO:0100214,exact,1,Russia (records with explicit foreign address excluded),active cattery-breed association,FARUS,1006,https://xn--80a6adhc.xn--p1ai/catteries/102/1112.html,2026-09-09,Supply-side federation register; multi-breed catteries contribute once to each listed breed; no animal/litter counts; undated cards retained; unknown codes omitted
RU-FARUS-CATTERIES-2026-09-09,1112,1357/С-П/25 Scottish paws,SCS,Scottish Straight,VBO:0100213,exact,1,Russia (records with explicit foreign address excluded),active cattery-breed association,FARUS,1006,https://xn--80a6adhc.xn--p1ai/catteries/102/1112.html,2026-09-09,Supply-side federation register; multi-breed catteries contribute once to each listed breed; no animal/litter counts; undated cards retained; unknown codes omitted
RU-FARUS-CATTERIES-2026-09-09,1112,1357/С-П/25 Scottish paws,SFL,Scottish Fold Longhair,VBO:0100210,exact,1,Russia (records with explicit foreign address excluded),active cattery-breed association,FARUS,1006,https://xn--80a6adhc.xn--p1ai/catteries/102/1112.html,2026-09-09,Supply-side federation register; multi-breed catteries contribute once to each listed breed; no animal/litter counts; undated cards retained; unknown codes omitted
RU-FARUS-CATTERIES-2026-09-09,1112,1357/С-П/25 Scottish paws,SFS,Scottish Fold,VBO:0100209,exact,1,Russia (records with explicit foreign address excluded),active cattery-breed association,FARUS,1006,https://xn--80a6adhc.xn--p1ai/catteries/102/1112.html,2026-09-09,Supply-side federation register; multi-breed catteries contribute once to each listed breed; no animal/litter counts; undated cards retained; unknown codes omitted
RU-FARUS-CATTERIES-2026-09-09,1113,1358/С-П/25 Layza Larsen,MCO,Maine Coon,VBO:0100154,exact,1,Russia (records with explicit foreign address excluded),active cattery-breed association,FARUS,1006,https://xn--80a6adhc.xn--p1ai/catteries/102/1113.html,2026-09-09,Supply-side federation register; multi-breed catteries contribute once to each listed breed; no animal/litter counts; undated cards retained; unknown codes omitted
RU-FARUS-CATTERIES-2026-09-09,1113,1358/С-П/25 Layza Larsen,SCS,Scottish Straight,VBO:0100213,exact,1,Russia (records with explicit foreign address excluded),active cattery-breed association,FARUS,1006,https://xn--80a6adhc.xn--p1ai/catteries/102/1113.html,2026-09-09,Supply-side federation register; multi-breed catteries contribute once to each listed breed; no animal/litter counts; undated cards retained; unknown codes omitted
RU-FARUS-CATTERIES-2026-09-09,1113,1358/С-П/25 Layza Larsen,SFS,Scottish Fold,VBO:0100209,exact,1,Russia (records with explicit foreign address excluded),active cattery-breed association,FARUS,1006,https://xn--80a6adhc.xn--p1ai/catteries/102/1113.html,2026-09-09,Supply-side federation register; multi-breed catteries contribute once to each listed breed; no animal/litter counts; undated cards retained; unknown codes omitted
RU-FARUS-CATTERIES-2026-09-09,1114,1359/С-П/25 ABYMOTORS,ABY,Abyssinian,VBO:0100000,exact,1,Russia (records with explicit foreign address excluded),active cattery-breed association,FARUS,1006,https://xn--80a6adhc.xn--p1ai/catteries/130/1114.html,2026-09-09,Supply-side federation register; multi-breed catteries contribute once to each listed breed; no animal/litter counts; undated cards retained; unknown codes omitted
RU-FARUS-CATTERIES-2026-09-09,1115,1360/Уф/25 Lillia Burm,BUR,Burmese,VBO:0100053,exact,1,Russia (records with explicit foreign address excluded),active cattery-breed association,FARUS,1006,https://xn--80a6adhc.xn--p1ai/catteries/98/1115.html,2026-09-09,Supply-side federation register; multi-breed catteries contribute once to each listed breed; no animal/litter counts; undated cards retained; unknown codes omitted
RU-FARUS-CATTERIES-2026-09-09,1116,1361/СвНТ/25 MallOry,DRX,Devon Rex,VBO:0100084,exact,1,Russia (records with explicit foreign address excluded),active cattery-breed association,FARUS,1006,https://xn--80a6adhc.xn--p1ai/catteries/98/1116.html,2026-09-09,Supply-side federation register; multi-breed catteries contribute once to each listed breed; no animal/litter counts; undated cards retained; unknown codes omitted
RU-FARUS-CATTERIES-2026-09-09,1116,1361/СвНТ/25 MallOry,OSH,Oriental Shorthair,VBO:0100184,exact,1,Russia (records with explicit foreign address excluded),active cattery-breed association,FARUS,1006,https://xn--80a6adhc.xn--p1ai/catteries/98/1116.html,2026-09-09,Supply-side federation register; multi-breed catteries contribute once to each listed breed; no animal/litter counts; undated cards retained; unknown codes omitted
RU-FARUS-CATTERIES-2026-09-09,1116,1361/СвНТ/25 MallOry,SIA,Siamese,VBO:0100221,exact,1,Russia (records with explicit foreign address excluded),active cattery-breed association,FARUS,1006,https://xn--80a6adhc.xn--p1ai/catteries/98/1116.html,2026-09-09,Supply-side federation register; multi-breed catteries contribute once to each listed breed; no animal/litter counts; undated cards retained; unknown codes omitted
RU-FARUS-CATTERIES-2026-09-09,1117,1362/П/25 Luxury elite exzotics,ALC,Asian Leopard Cat,VBO:0100029,exact,1,Russia (records with explicit foreign address excluded),active cattery-breed association,FARUS,1006,https://xn--80a6adhc.xn--p1ai/catteries/151/1117.html,2026-09-09,Supply-side federation register; multi-breed catteries contribute once to each listed breed; no animal/litter counts; undated cards retained; unknown codes omitted
RU-FARUS-CATTERIES-2026-09-09,1117,1362/П/25 Luxury elite exzotics,SAV,Savannah,VBO:0100208,exact,1,Russia (records with explicit foreign address excluded),active cattery-breed association,FARUS,1006,https://xn--80a6adhc.xn--p1ai/catteries/151/1117.html,2026-09-09,Supply-side federation register; multi-breed catteries contribute once to each listed breed; no animal/litter counts; undated cards retained; unknown codes omitted
RU-FARUS-CATTERIES-2026-09-09,1129,401/КрA/25 MurMarin,SCL,Scottish Straight Longhair,VBO:0100214,exact,1,Russia (records with explicit foreign address excluded),active cattery-breed association,FARUS,1006,https://xn--80a6adhc.xn--p1ai/catteries/119/1129.html,2026-09-09,Supply-side federation register; multi-breed catteries contribute once to each listed breed; no animal/litter counts; undated cards retained; unknown codes omitted
RU-FARUS-CATTERIES-2026-09-09,1129,401/КрA/25 MurMarin,SCS,Scottish Straight,VBO:0100213,exact,1,Russia (records with explicit foreign address excluded),active cattery-breed association,FARUS,1006,https://xn--80a6adhc.xn--p1ai/catteries/119/1129.html,2026-09-09,Supply-side federation register; multi-breed catteries contribute once to each listed breed; no animal/litter counts; undated cards retained; unknown codes omitted
RU-FARUS-CATTERIES-2026-09-09,1129,401/КрA/25 MurMarin,SFL,Scottish Fold Longhair,VBO:0100210,exact,1,Russia (records with explicit foreign address excluded),active cattery-breed association,FARUS,1006,https://xn--80a6adhc.xn--p1ai/catteries/119/1129.html,2026-09-09,Supply-side federation register; multi-breed catteries contribute once to each listed breed; no animal/litter counts; undated cards retained; unknown codes omitted
RU-FARUS-CATTERIES-2026-09-09,1129,401/КрA/25 MurMarin,SFS,Scottish Fold,VBO:0100209,exact,1,Russia (records with explicit foreign address excluded),active cattery-breed association,FARUS,1006,https://xn--80a6adhc.xn--p1ai/catteries/119/1129.html,2026-09-09,Supply-side federation register; multi-breed catteries contribute once to each listed breed; no animal/litter counts; undated cards retained; unknown codes omitted
RU-FARUS-CATTERIES-2026-09-09,1130,525/Кр/25 Star Shine,BRI,British Shorthair,VBO:0100052,exact,1,Russia (records with explicit foreign address excluded),active cattery-breed association,FARUS,1006,https://xn--80a6adhc.xn--p1ai/catteries/104/1130.html,2026-09-09,Supply-side federation register; multi-breed catteries contribute once to each listed breed; no animal/litter counts; undated cards retained; unknown codes omitted
RU-FARUS-CATTERIES-2026-09-09,1130,525/Кр/25 Star Shine,KBS,Kurilian Bobtail Shorthair,VBO:0100148,exact,1,Russia (records with explicit foreign address excluded),active cattery-breed association,FARUS,1006,https://xn--80a6adhc.xn--p1ai/catteries/104/1130.html,2026-09-09,Supply-side federation register; multi-breed catteries contribute once to each listed breed; no animal/litter counts; undated cards retained; unknown codes omitted
RU-FARUS-CATTERIES-2026-09-09,1130,525/Кр/25 Star Shine,SCS,Scottish Straight,VBO:0100213,exact,1,Russia (records with explicit foreign address excluded),active cattery-breed association,FARUS,1006,https://xn--80a6adhc.xn--p1ai/catteries/104/1130.html,2026-09-09,Supply-side federation register; multi-breed catteries contribute once to each listed breed; no animal/litter counts; undated cards retained; unknown codes omitted
RU-FARUS-CATTERIES-2026-09-09,1130,525/Кр/25 Star Shine,SFS,Scottish Fold,VBO:0100209,exact,1,Russia (records with explicit foreign address excluded),active cattery-breed association,FARUS,1006,https://xn--80a6adhc.xn--p1ai/catteries/104/1130.html,2026-09-09,Supply-side federation register; multi-breed catteries contribute once to each listed breed; no animal/litter counts; undated cards retained; unknown codes omitted
RU-FARUS-CATTERIES-2026-09-09,1131,1369/Н/25 WOW SHARM,BLH,British Longhair,VBO:0100051,exact,1,Russia (records with explicit foreign address excluded),active cattery-breed association,FARUS,1006,https://xn--80a6adhc.xn--p1ai/catteries/128/1131.html,2026-09-09,Supply-side federation register; multi-breed catteries contribute once to each listed breed; no animal/litter counts; undated cards retained; unknown codes omitted
RU-FARUS-CATTERIES-2026-09-09,1131,1369/Н/25 WOW SHARM,BRI,British Shorthair,VBO:0100052,exact,1,Russia (records with explicit foreign address excluded),active cattery-breed association,FARUS,1006,https://xn--80a6adhc.xn--p1ai/catteries/128/1131.html,2026-09-09,Supply-side federation register; multi-breed catteries contribute once to each listed breed; no animal/litter counts; undated cards retained; unknown codes omitted
RU-FARUS-CATTERIES-2026-09-09,1131,1369/Н/25 WOW SHARM,SCL,Scottish Straight Longhair,VBO:0100214,exact,1,Russia (records with explicit foreign address excluded),active cattery-breed association,FARUS,1006,https://xn--80a6adhc.xn--p1ai/catteries/128/1131.html,2026-09-09,Supply-side federation register; multi-breed catteries contribute once to each listed breed; no animal/litter counts; undated cards retained; unknown codes omitted
RU-FARUS-CATTERIES-2026-09-09,1131,1369/Н/25 WOW SHARM,SCS,Scottish Straight,VBO:0100213,exact,1,Russia (records with explicit foreign address excluded),active cattery-breed association,FARUS,1006,https://xn--80a6adhc.xn--p1ai/catteries/128/1131.html,2026-09-09,Supply-side federation register; multi-breed catteries contribute once to each listed breed; no animal/litter counts; undated cards retained; unknown codes omitted
RU-FARUS-CATTERIES-2026-09-09,1131,1369/Н/25 WOW SHARM,SFL,Scottish Fold Longhair,VBO:0100210,exact,1,Russia (records with explicit foreign address excluded),active cattery-breed association,FARUS,1006,https://xn--80a6adhc.xn--p1ai/catteries/128/1131.html,2026-09-09,Supply-side federation register; multi-breed catteries contribute once to each listed breed; no animal/litter counts; undated cards retained; unknown codes omitted
RU-FARUS-CATTERIES-2026-09-09,1131,1369/Н/25 WOW SHARM,SFS,Scottish Fold,VBO:0100209,exact,1,Russia (records with explicit foreign address excluded),active cattery-breed association,FARUS,1006,https://xn--80a6adhc.xn--p1ai/catteries/128/1131.html,2026-09-09,Supply-side federation register; multi-breed catteries contribute once to each listed breed; no animal/litter counts; undated cards retained; unknown codes omitted
RU-FARUS-CATTERIES-2026-09-09,1132,1370/Чел/25 Moonlight Grace,BLH,British Longhair,VBO:0100051,exact,1,Russia (records with explicit foreign address excluded),active cattery-breed association,FARUS,1006,https://xn--80a6adhc.xn--p1ai/catteries/128/1132.html,2026-09-09,Supply-side federation register; multi-breed catteries contribute once to each listed breed; no animal/litter counts; undated cards retained; unknown codes omitted
RU-FARUS-CATTERIES-2026-09-09,1132,1370/Чел/25 Moonlight Grace,BRI,British Shorthair,VBO:0100052,exact,1,Russia (records with explicit foreign address excluded),active cattery-breed association,FARUS,1006,https://xn--80a6adhc.xn--p1ai/catteries/128/1132.html,2026-09-09,Supply-side federation register; multi-breed catteries contribute once to each listed breed; no animal/litter counts; undated cards retained; unknown codes omitted
RU-FARUS-CATTERIES-2026-09-09,1132,1370/Чел/25 Moonlight Grace,SCL,Scottish Straight Longhair,VBO:0100214,exact,1,Russia (records with explicit foreign address excluded),active cattery-breed association,FARUS,1006,https://xn--80a6adhc.xn--p1ai/catteries/128/1132.html,2026-09-09,Supply-side federation register; multi-breed catteries contribute once to each listed breed; no animal/litter counts; undated cards retained; unknown codes omitted
RU-FARUS-CATTERIES-2026-09-09,1132,1370/Чел/25 Moonlight Grace,SCS,Scottish Straight,VBO:0100213,exact,1,Russia (records with explicit foreign address excluded),active cattery-breed association,FARUS,1006,https://xn--80a6adhc.xn--p1ai/catteries/128/1132.html,2026-09-09,Supply-side federation register; multi-breed catteries contribute once to each listed breed; no animal/litter counts; undated cards retained; unknown codes omitted
RU-FARUS-CATTERIES-2026-09-09,1132,1370/Чел/25 Moonlight Grace,SFL,Scottish Fold Longhair,VBO:0100210,exact,1,Russia (records with explicit foreign address excluded),active cattery-breed association,FARUS,1006,https://xn--80a6adhc.xn--p1ai/catteries/128/1132.html,2026-09-09,Supply-side federation register; multi-breed catteries contribute once to each listed breed; no animal/litter counts; undated cards retained; unknown codes omitted
RU-FARUS-CATTERIES-2026-09-09,1132,1370/Чел/25 Moonlight Grace,SFS,Scottish Fold,VBO:0100209,exact,1,Russia (records with explicit foreign address excluded),active cattery-breed association,FARUS,1006,https://xn--80a6adhc.xn--p1ai/catteries/128/1132.html,2026-09-09,Supply-side federation register; multi-breed catteries contribute once to each listed breed; no animal/litter counts; undated cards retained; unknown codes omitted
RU-FARUS-CATTERIES-2026-09-09,1133,1371/ЛОТ/25 Avery (Эйвери),MCO,Maine Coon,VBO:0100154,exact,1,Russia (records with explicit foreign address excluded),active cattery-breed association,FARUS,1006,https://xn--80a6adhc.xn--p1ai/catteries/102/1133.html,2026-09-09,Supply-side federation register; multi-breed catteries contribute once to each listed breed; no animal/litter counts; undated cards retained; unknown codes omitted
RU-FARUS-CATTERIES-2026-09-09,1134,1372/Як/25 Boel Marsori,OSH,Oriental Shorthair,VBO:0100184,exact,1,Russia (records with explicit foreign address excluded),active cattery-breed association,FARUS,1006,https://xn--80a6adhc.xn--p1ai/catteries/101/1134.html,2026-09-09,Supply-side federation register; multi-breed catteries contribute once to each listed breed; no animal/litter counts; undated cards retained; unknown codes omitted
RU-FARUS-CATTERIES-2026-09-09,1135,1373/РН/25 Bogus Pride Club,OSH,Oriental Shorthair,VBO:0100184,exact,1,Russia (records with explicit foreign address excluded),active cattery-breed association,FARUS,1006,https://xn--80a6adhc.xn--p1ai/catteries/101/1135.html,2026-09-09,Supply-side federation register; multi-breed catteries contribute once to each listed breed; no animal/litter counts; undated cards retained; unknown codes omitted
RU-FARUS-CATTERIES-2026-09-09,1136,1374/МОН/25 Topaze De Lux,THA,Thai,VBO:0100235,exact,1,Russia (records with explicit foreign address excluded),active cattery-breed association,FARUS,1006,https://xn--80a6adhc.xn--p1ai/catteries/95/1136.html,2026-09-09,Supply-side federation register; multi-breed catteries contribute once to each listed breed; no animal/litter counts; undated cards retained; unknown codes omitted
RU-FARUS-CATTERIES-2026-09-09,1137,1375/МОЖ/25 Main Exclusive,MCO,Maine Coon,VBO:0100154,exact,1,Russia (records with explicit foreign address excluded),active cattery-breed association,FARUS,1006,https://xn--80a6adhc.xn--p1ai/catteries/95/1137.html,2026-09-09,Supply-side federation register; multi-breed catteries contribute once to each listed breed; no animal/litter counts; undated cards retained; unknown codes omitted
RU-FARUS-CATTERIES-2026-09-09,1138,1376/МОМ/25 Fenek,BRI,British Shorthair,VBO:0100052,exact,1,Russia (records with explicit foreign address excluded),active cattery-breed association,FARUS,1006,https://xn--80a6adhc.xn--p1ai/catteries/95/1138.html,2026-09-09,Supply-side federation register; multi-breed catteries contribute once to each listed breed; no animal/litter counts; undated cards retained; unknown codes omitted
RU-FARUS-CATTERIES-2026-09-09,1139,1377/М/25 MOVING SPIRIT,MCO,Maine Coon,VBO:0100154,exact,1,Russia (records with explicit foreign address excluded),active cattery-breed association,FARUS,1006,https://xn--80a6adhc.xn--p1ai/catteries/95/1139.html,2026-09-09,Supply-side federation register; multi-breed catteries contribute once to each listed breed; no animal/litter counts; undated cards retained; unknown codes omitted
RU-FARUS-CATTERIES-2026-09-09,1140,1378/М/25 Star Maine Coons,MCO,Maine Coon,VBO:0100154,exact,1,Russia (records with explicit foreign address excluded),active cattery-breed association,FARUS,1006,https://xn--80a6adhc.xn--p1ai/catteries/95/1140.html,2026-09-09,Supply-side federation register; multi-breed catteries contribute once to each listed breed; no animal/litter counts; undated cards retained; unknown codes omitted
RU-FARUS-CATTERIES-2026-09-09,1140,1378/М/25 Star Maine Coons,MCP,Maine Coon Polydactyl,VBO:0100155,exact,1,Russia (records with explicit foreign address excluded),active cattery-breed association,FARUS,1006,https://xn--80a6adhc.xn--p1ai/catteries/95/1140.html,2026-09-09,Supply-side federation register; multi-breed catteries contribute once to each listed breed; no animal/litter counts; undated cards retained; unknown codes omitted
RU-FARUS-CATTERIES-2026-09-09,1141,1379/М/25 Buroff,SCS,Scottish Straight,VBO:0100213,exact,1,Russia (records with explicit foreign address excluded),active cattery-breed association,FARUS,1006,https://xn--80a6adhc.xn--p1ai/catteries/95/1141.html,2026-09-09,Supply-side federation register; multi-breed catteries contribute once to each listed breed; no animal/litter counts; undated cards retained; unknown codes omitted
RU-FARUS-CATTERIES-2026-09-09,1141,1379/М/25 Buroff,SFS,Scottish Fold,VBO:0100209,exact,1,Russia (records with explicit foreign address excluded),active cattery-breed association,FARUS,1006,https://xn--80a6adhc.xn--p1ai/catteries/95/1141.html,2026-09-09,Supply-side federation register; multi-breed catteries contribute once to each listed breed; no animal/litter counts; undated cards retained; unknown codes omitted
RU-FARUS-CATTERIES-2026-09-09,1142,1380/Ул/25 FamilyManch,MNS,"Munchkin (Munchk), Short-Haired",VBO:0100303,exact,1,Russia (records with explicit foreign address excluded),active cattery-breed association,FARUS,1006,https://xn--80a6adhc.xn--p1ai/catteries/95/1142.html,2026-09-09,Supply-side federation register; multi-breed catteries contribute once to each listed breed; no animal/litter counts; undated cards retained; unknown codes omitted
RU-FARUS-CATTERIES-2026-09-09,1142,1380/Ул/25 FamilyManch,SKS,Selkirk Rex Shorthair,VBO:0100217,exact,1,Russia (records with explicit foreign address excluded),active cattery-breed association,FARUS,1006,https://xn--80a6adhc.xn--p1ai/catteries/95/1142.html,2026-09-09,Supply-side federation register; multi-breed catteries contribute once to each listed breed; no animal/litter counts; undated cards retained; unknown codes omitted
RU-FARUS-CATTERIES-2026-09-09,1143,1363/МОИ/25 BenQueen,BEN,Bengal,VBO:0100040,exact,1,Russia (records with explicit foreign address excluded),active cattery-breed association,FARUS,1006,https://xn--80a6adhc.xn--p1ai/catteries/132/1143.html,2026-09-09,Supply-side federation register; multi-breed catteries contribute once to each listed breed; no animal/litter counts; undated cards retained; unknown codes omitted
RU-FARUS-CATTERIES-2026-09-09,1144,1364/ТА/25 LEOPOLD BEST,MCO,Maine Coon,VBO:0100154,exact,1,Russia (records with explicit foreign address excluded),active cattery-breed association,FARUS,1006,https://xn--80a6adhc.xn--p1ai/catteries/132/1144.html,2026-09-09,Supply-side federation register; multi-breed catteries contribute once to each listed breed; no animal/litter counts; undated cards retained; unknown codes omitted
RU-FARUS-CATTERIES-2026-09-09,1145,1365/М/25 DRUMI TRIBE,BEN,Bengal,VBO:0100040,exact,1,Russia (records with explicit foreign address excluded),active cattery-breed association,FARUS,1006,https://xn--80a6adhc.xn--p1ai/catteries/132/1145.html,2026-09-09,Supply-side federation register; multi-breed catteries contribute once to each listed breed; no animal/litter counts; undated cards retained; unknown codes omitted
RU-FARUS-CATTERIES-2026-09-09,1146,1366/МОВ/25 Elite Mix,MCO,Maine Coon,VBO:0100154,exact,1,Russia (records with explicit foreign address excluded),active cattery-breed association,FARUS,1006,https://xn--80a6adhc.xn--p1ai/catteries/132/1146.html,2026-09-09,Supply-side federation register; multi-breed catteries contribute once to each listed breed; no animal/litter counts; undated cards retained; unknown codes omitted
RU-FARUS-CATTERIES-2026-09-09,1147,1367/МОЛ/25 Grace Cat,BEN,Bengal,VBO:0100040,exact,1,Russia (records with explicit foreign address excluded),active cattery-breed association,FARUS,1006,https://xn--80a6adhc.xn--p1ai/catteries/132/1147.html,2026-09-09,Supply-side federation register; multi-breed catteries contribute once to each listed breed; no animal/litter counts; undated cards retained; unknown codes omitted
RU-FARUS-CATTERIES-2026-09-09,1147,1367/МОЛ/25 Grace Cat,ORI,Oriental Shorthair,VBO:0100184,exact,1,Russia (records with explicit foreign address excluded),active cattery-breed association,FARUS,1006,https://xn--80a6adhc.xn--p1ai/catteries/132/1147.html,2026-09-09,Supply-side federation register; multi-breed catteries contribute once to each listed breed; no animal/litter counts; undated cards retained; unknown codes omitted
RU-FARUS-CATTERIES-2026-09-09,1147,1367/МОЛ/25 Grace Cat,SIA,Siamese,VBO:0100221,exact,1,Russia (records with explicit foreign address excluded),active cattery-breed association,FARUS,1006,https://xn--80a6adhc.xn--p1ai/catteries/132/1147.html,2026-09-09,Supply-side federation register; multi-breed catteries contribute once to each listed breed; no animal/litter counts; undated cards retained; unknown codes omitted
RU-FARUS-CATTERIES-2026-09-09,1148,1368/МОСП/25 Rainbow Pride,MCO,Maine Coon,VBO:0100154,exact,1,Russia (records with explicit foreign address excluded),active cattery-breed association,FARUS,1006,https://xn--80a6adhc.xn--p1ai/catteries/132/1148.html,2026-09-09,Supply-side federation register; multi-breed catteries contribute once to each listed breed; no animal/litter counts; undated cards retained; unknown codes omitted
RU-FARUS-CATTERIES-2026-09-09,1149,1381/М/25 BlueBellDolls,RAG,Ragdoll,VBO:0100196,exact,1,Russia (records with explicit foreign address excluded),active cattery-breed association,FARUS,1006,https://xn--80a6adhc.xn--p1ai/catteries/132/1149.html,2026-09-09,Supply-side federation register; multi-breed catteries contribute once to each listed breed; no animal/litter counts; undated cards retained; unknown codes omitted
RU-FARUS-CATTERIES-2026-09-09,1150,1382/Кр/25 EL-NAT,BUR,Burmese,VBO:0100053,exact,1,Russia (records with explicit foreign address excluded),active cattery-breed association,FARUS,1006,https://xn--80a6adhc.xn--p1ai/catteries/132/1150.html,2026-09-09,Supply-side federation register; multi-breed catteries contribute once to each listed breed; no animal/litter counts; undated cards retained; unknown codes omitted
RU-FARUS-CATTERIES-2026-09-09,1151,1383/МОН/25 Stormborn Pride,MCO,Maine Coon,VBO:0100154,exact,1,Russia (records with explicit foreign address excluded),active cattery-breed association,FARUS,1006,https://xn--80a6adhc.xn--p1ai/catteries/132/1151.html,2026-09-09,Supply-side federation register; multi-breed catteries contribute once to each listed breed; no animal/litter counts; undated cards retained; unknown codes omitted
RU-FARUS-CATTERIES-2026-09-09,1152,1384/Ом/25 Fox Lively,BLH,British Longhair,VBO:0100051,exact,1,Russia (records with explicit foreign address excluded),active cattery-breed association,FARUS,1006,https://xn--80a6adhc.xn--p1ai/catteries/126/1152.html,2026-09-09,Supply-side federation register; multi-breed catteries contribute once to each listed breed; no animal/litter counts; undated cards retained; unknown codes omitted
RU-FARUS-CATTERIES-2026-09-09,1152,1384/Ом/25 Fox Lively,BRI,British Shorthair,VBO:0100052,exact,1,Russia (records with explicit foreign address excluded),active cattery-breed association,FARUS,1006,https://xn--80a6adhc.xn--p1ai/catteries/126/1152.html,2026-09-09,Supply-side federation register; multi-breed catteries contribute once to each listed breed; no animal/litter counts; undated cards retained; unknown codes omitted
RU-FARUS-CATTERIES-2026-09-09,1153,1385/ОмП/25 XXL Plus,MCO,Maine Coon,VBO:0100154,exact,1,Russia (records with explicit foreign address excluded),active cattery-breed association,FARUS,1006,https://xn--80a6adhc.xn--p1ai/catteries/126/1153.html,2026-09-09,Supply-side federation register; multi-breed catteries contribute once to each listed breed; no animal/litter counts; undated cards retained; unknown codes omitted
RU-FARUS-CATTERIES-2026-09-09,1153,1385/ОмП/25 XXL Plus,MCP,Maine Coon Polydactyl,VBO:0100155,exact,1,Russia (records with explicit foreign address excluded),active cattery-breed association,FARUS,1006,https://xn--80a6adhc.xn--p1ai/catteries/126/1153.html,2026-09-09,Supply-side federation register; multi-breed catteries contribute once to each listed breed; no animal/litter counts; undated cards retained; unknown codes omitted
RU-FARUS-CATTERIES-2026-09-09,1154,1386/Ом/25 Naked diamond,SPH,Sphynx,VBO:0100230,exact,1,Russia (records with explicit foreign address excluded),active cattery-breed association,FARUS,1006,https://xn--80a6adhc.xn--p1ai/catteries/126/1154.html,2026-09-09,Supply-side federation register; multi-breed catteries contribute once to each listed breed; no animal/litter counts; undated cards retained; unknown codes omitted
RU-FARUS-CATTERIES-2026-09-09,1163,1387/СтО/25 MiraKot,SCS,Scottish Straight,VBO:0100213,exact,1,Russia (records with explicit foreign address excluded),active cattery-breed association,FARUS,1006,https://xn--80a6adhc.xn--p1ai/catteries/109/1163.html,2026-09-09,Supply-side federation register; multi-breed catteries contribute once to each listed breed; no animal/litter counts; undated cards retained; unknown codes omitted
RU-FARUS-CATTERIES-2026-09-09,1163,1387/СтО/25 MiraKot,SFS,Scottish Fold,VBO:0100209,exact,1,Russia (records with explicit foreign address excluded),active cattery-breed association,FARUS,1006,https://xn--80a6adhc.xn--p1ai/catteries/109/1163.html,2026-09-09,Supply-side federation register; multi-breed catteries contribute once to each listed breed; no animal/litter counts; undated cards retained; unknown codes omitted
RU-FARUS-CATTERIES-2026-09-09,1163,1387/СтО/25 MiraKot,SKS,Selkirk Rex Shorthair,VBO:0100217,exact,1,Russia (records with explicit foreign address excluded),active cattery-breed association,FARUS,1006,https://xn--80a6adhc.xn--p1ai/catteries/109/1163.html,2026-09-09,Supply-side federation register; multi-breed catteries contribute once to each listed breed; no animal/litter counts; undated cards retained; unknown codes omitted
RU-FARUS-CATTERIES-2026-09-09,1164,1388/КрН/25 SLOVIN ST,MCO,Maine Coon,VBO:0100154,exact,1,Russia (records with explicit foreign address excluded),active cattery-breed association,FARUS,1006,https://xn--80a6adhc.xn--p1ai/catteries/128/1164.html,2026-09-09,Supply-side federation register; multi-breed catteries contribute once to each listed breed; no animal/litter counts; undated cards retained; unknown codes omitted
RU-FARUS-CATTERIES-2026-09-09,1164,1388/КрН/25 SLOVIN ST,MCP,Maine Coon Polydactyl,VBO:0100155,exact,1,Russia (records with explicit foreign address excluded),active cattery-breed association,FARUS,1006,https://xn--80a6adhc.xn--p1ai/catteries/128/1164.html,2026-09-09,Supply-side federation register; multi-breed catteries contribute once to each listed breed; no animal/litter counts; undated cards retained; unknown codes omitted
RU-FARUS-CATTERIES-2026-09-09,1165,1389/ТО/25 TUA`felis,BUR,Burmese,VBO:0100053,exact,1,Russia (records with explicit foreign address excluded),active cattery-breed association,FARUS,1006,https://xn--80a6adhc.xn--p1ai/catteries/97/1165.html,2026-09-09,Supply-side federation register; multi-breed catteries contribute once to each listed breed; no animal/litter counts; undated cards retained; unknown codes omitted
RU-FARUS-CATTERIES-2026-09-09,1166,1390/Чел/25 Royal Ural cats,BEN,Bengal,VBO:0100040,exact,1,Russia (records with explicit foreign address excluded),active cattery-breed association,FARUS,1006,https://xn--80a6adhc.xn--p1ai/catteries/120/1166.html,2026-09-09,Supply-side federation register; multi-breed catteries contribute once to each listed breed; no animal/litter counts; undated cards retained; unknown codes omitted
RU-FARUS-CATTERIES-2026-09-09,1167,1391/КОб/25 Afro Tesla,ABY,Abyssinian,VBO:0100000,exact,1,Russia (records with explicit foreign address excluded),active cattery-breed association,FARUS,1006,https://xn--80a6adhc.xn--p1ai/catteries/101/1167.html,2026-09-09,Supply-side federation register; multi-breed catteries contribute once to each listed breed; no animal/litter counts; undated cards retained; unknown codes omitted
RU-FARUS-CATTERIES-2026-09-09,1168,1392/С/25 Ori Bona Dea,OSH,Oriental Shorthair,VBO:0100184,exact,1,Russia (records with explicit foreign address excluded),active cattery-breed association,FARUS,1006,https://xn--80a6adhc.xn--p1ai/catteries/98/1168.html,2026-09-09,Supply-side federation register; multi-breed catteries contribute once to each listed breed; no animal/litter counts; undated cards retained; unknown codes omitted
RU-FARUS-CATTERIES-2026-09-09,1168,1392/С/25 Ori Bona Dea,PBD,Peterbald,VBO:0100189,exact,1,Russia (records with explicit foreign address excluded),active cattery-breed association,FARUS,1006,https://xn--80a6adhc.xn--p1ai/catteries/98/1168.html,2026-09-09,Supply-side federation register; multi-breed catteries contribute once to each listed breed; no animal/litter counts; undated cards retained; unknown codes omitted
RU-FARUS-CATTERIES-2026-09-09,1169,1393/Ом/25 Emerald (Эмеральд),DSX,Donskoy,VBO:0100086,exact,1,Russia (records with explicit foreign address excluded),active cattery-breed association,FARUS,1006,https://xn--80a6adhc.xn--p1ai/catteries/126/1169.html,2026-09-09,Supply-side federation register; multi-breed catteries contribute once to each listed breed; no animal/litter counts; undated cards retained; unknown codes omitted
RU-FARUS-CATTERIES-2026-09-09,1169,1393/Ом/25 Emerald (Эмеральд),MCO,Maine Coon,VBO:0100154,exact,1,Russia (records with explicit foreign address excluded),active cattery-breed association,FARUS,1006,https://xn--80a6adhc.xn--p1ai/catteries/126/1169.html,2026-09-09,Supply-side federation register; multi-breed catteries contribute once to each listed breed; no animal/litter counts; undated cards retained; unknown codes omitted
RU-FARUS-CATTERIES-2026-09-09,1170,1394/ЛОБТ/25 Burmese Silk,BUR,Burmese,VBO:0100053,exact,1,Russia (records with explicit foreign address excluded),active cattery-breed association,FARUS,1006,https://xn--80a6adhc.xn--p1ai/catteries/99/1170.html,2026-09-09,Supply-side federation register; multi-breed catteries contribute once to each listed breed; no animal/litter counts; undated cards retained; unknown codes omitted
RU-FARUS-CATTERIES-2026-09-09,1171,1395/ЛОЛ/25 Kotositi,BUR,Burmese,VBO:0100053,exact,1,Russia (records with explicit foreign address excluded),active cattery-breed association,FARUS,1006,https://xn--80a6adhc.xn--p1ai/catteries/99/1171.html,2026-09-09,Supply-side federation register; multi-breed catteries contribute once to each listed breed; no animal/litter counts; undated cards retained; unknown codes omitted
RU-FARUS-CATTERIES-2026-09-09,1172,1396/С-П/25 Le Perseidi,EXO,Exotic Shorthair,VBO:0100096,exact,1,Russia (records with explicit foreign address excluded),active cattery-breed association,FARUS,1006,https://xn--80a6adhc.xn--p1ai/catteries/99/1172.html,2026-09-09,Supply-side federation register; multi-breed catteries contribute once to each listed breed; no animal/litter counts; undated cards retained; unknown codes omitted
RU-FARUS-CATTERIES-2026-09-09,1172,1396/С-П/25 Le Perseidi,PER,Persian,VBO:0100188,exact,1,Russia (records with explicit foreign address excluded),active cattery-breed association,FARUS,1006,https://xn--80a6adhc.xn--p1ai/catteries/99/1172.html,2026-09-09,Supply-side federation register; multi-breed catteries contribute once to each listed breed; no animal/litter counts; undated cards retained; unknown codes omitted
RU-FARUS-CATTERIES-2026-09-09,1173,1397/ЛОВ/25 VELVET ICE,RAG,Ragdoll,VBO:0100196,exact,1,Russia (records with explicit foreign address excluded),active cattery-breed association,FARUS,1006,https://xn--80a6adhc.xn--p1ai/catteries/102/1173.html,2026-09-09,Supply-side federation register; multi-breed catteries contribute once to each listed breed; no animal/litter counts; undated cards retained; unknown codes omitted
RU-FARUS-CATTERIES-2026-09-09,1174,1398/С-П/25 Red Cat,SCS,Scottish Straight,VBO:0100213,exact,1,Russia (records with explicit foreign address excluded),active cattery-breed association,FARUS,1006,https://xn--80a6adhc.xn--p1ai/catteries/102/1174.html,2026-09-09,Supply-side federation register; multi-breed catteries contribute once to each listed breed; no animal/litter counts; undated cards retained; unknown codes omitted
RU-FARUS-CATTERIES-2026-09-09,1174,1398/С-П/25 Red Cat,SFS,Scottish Fold,VBO:0100209,exact,1,Russia (records with explicit foreign address excluded),active cattery-breed association,FARUS,1006,https://xn--80a6adhc.xn--p1ai/catteries/102/1174.html,2026-09-09,Supply-side federation register; multi-breed catteries contribute once to each listed breed; no animal/litter counts; undated cards retained; unknown codes omitted
RU-FARUS-CATTERIES-2026-09-09,1175,1399/М/25 Silk sense,BUR,Burmese,VBO:0100053,exact,1,Russia (records with explicit foreign address excluded),active cattery-breed association,FARUS,1006,https://xn--80a6adhc.xn--p1ai/catteries/95/1175.html,2026-09-09,Supply-side federation register; multi-breed catteries contribute once to each listed breed; no animal/litter counts; undated cards retained; unknown codes omitted
RU-FARUS-CATTERIES-2026-09-09,1176,1400/М/25 Ambra Solare,BRI,British Shorthair,VBO:0100052,exact,1,Russia (records with explicit foreign address excluded),active cattery-breed association,FARUS,1006,https://xn--80a6adhc.xn--p1ai/catteries/95/1176.html,2026-09-09,Supply-side federation register; multi-breed catteries contribute once to each listed breed; no animal/litter counts; undated cards retained; unknown codes omitted
RU-FARUS-CATTERIES-2026-09-09,1177,1401/ВлК/25 Vashe schastie,OSH,Oriental Shorthair,VBO:0100184,exact,1,Russia (records with explicit foreign address excluded),active cattery-breed association,FARUS,1006,https://xn--80a6adhc.xn--p1ai/catteries/95/1177.html,2026-09-09,Supply-side federation register; multi-breed catteries contribute once to each listed breed; no animal/litter counts; undated cards retained; unknown codes omitted
RU-FARUS-CATTERIES-2026-09-09,1177,1401/ВлК/25 Vashe schastie,SIA,Siamese,VBO:0100221,exact,1,Russia (records with explicit foreign address excluded),active cattery-breed association,FARUS,1006,https://xn--80a6adhc.xn--p1ai/catteries/95/1177.html,2026-09-09,Supply-side federation register; multi-breed catteries contribute once to each listed breed; no animal/litter counts; undated cards retained; unknown codes omitted
RU-FARUS-CATTERIES-2026-09-09,1178,1402/МОФ/25 Elegant Step,THA,Thai,VBO:0100235,exact,1,Russia (records with explicit foreign address excluded),active cattery-breed association,FARUS,1006,https://xn--80a6adhc.xn--p1ai/catteries/95/1178.html,2026-09-09,Supply-side federation register; multi-breed catteries contribute once to each listed breed; no animal/litter counts; undated cards retained; unknown codes omitted
RU-FARUS-CATTERIES-2026-09-09,1179,1403/ВЧ/25 Hanna Go,SKS,Selkirk Rex Shorthair,VBO:0100217,exact,1,Russia (records with explicit foreign address excluded),active cattery-breed association,FARUS,1006,https://xn--80a6adhc.xn--p1ai/catteries/95/1179.html,2026-09-09,Supply-side federation register; multi-breed catteries contribute once to each listed breed; no animal/litter counts; undated cards retained; unknown codes omitted
RU-FARUS-CATTERIES-2026-09-09,1180,1404/МОСП/25 Sunflower,ABY,Abyssinian,VBO:0100000,exact,1,Russia (records with explicit foreign address excluded),active cattery-breed association,FARUS,1006,https://xn--80a6adhc.xn--p1ai/catteries/132/1180.html,2026-09-09,Supply-side federation register; multi-breed catteries contribute once to each listed breed; no animal/litter counts; undated cards retained; unknown codes omitted
RU-FARUS-CATTERIES-2026-09-09,1180,1404/МОСП/25 Sunflower,DRX,Devon Rex,VBO:0100084,exact,1,Russia (records with explicit foreign address excluded),active cattery-breed association,FARUS,1006,https://xn--80a6adhc.xn--p1ai/catteries/132/1180.html,2026-09-09,Supply-side federation register; multi-breed catteries contribute once to each listed breed; no animal/litter counts; undated cards retained; unknown codes omitted
RU-FARUS-CATTERIES-2026-09-09,1181,1405/МОЛ/25 Blue Blood,RAG,Ragdoll,VBO:0100196,exact,1,Russia (records with explicit foreign address excluded),active cattery-breed association,FARUS,1006,https://xn--80a6adhc.xn--p1ai/catteries/132/1181.html,2026-09-09,Supply-side federation register; multi-breed catteries contribute once to each listed breed; no animal/litter counts; undated cards retained; unknown codes omitted
RU-FARUS-CATTERIES-2026-09-09,1182,1406/Т/25 MAXIORI,OSH,Oriental Shorthair,VBO:0100184,exact,1,Russia (records with explicit foreign address excluded),active cattery-breed association,FARUS,1006,https://xn--80a6adhc.xn--p1ai/catteries/132/1182.html,2026-09-09,Supply-side federation register; multi-breed catteries contribute once to each listed breed; no animal/litter counts; undated cards retained; unknown codes omitted
RU-FARUS-CATTERIES-2026-09-09,1183,1407/МОО/25 Fairy Tale Elf`s RU,DRX,Devon Rex,VBO:0100084,exact,1,Russia (records with explicit foreign address excluded),active cattery-breed association,FARUS,1006,https://xn--80a6adhc.xn--p1ai/catteries/132/1183.html,2026-09-09,Supply-side federation register; multi-breed catteries contribute once to each listed breed; no animal/litter counts; undated cards retained; unknown codes omitted
RU-FARUS-CATTERIES-2026-09-09,1184,1408/ЛОВ/25 Katycloud,RAG,Ragdoll,VBO:0100196,exact,1,Russia (records with explicit foreign address excluded),active cattery-breed association,FARUS,1006,https://xn--80a6adhc.xn--p1ai/catteries/132/1184.html,2026-09-09,Supply-side federation register; multi-breed catteries contribute once to each listed breed; no animal/litter counts; undated cards retained; unknown codes omitted
RU-FARUS-CATTERIES-2026-09-09,1185,1409/МОБ/25 Best Diamond,BUR,Burmese,VBO:0100053,exact,1,Russia (records with explicit foreign address excluded),active cattery-breed association,FARUS,1006,https://xn--80a6adhc.xn--p1ai/catteries/132/1185.html,2026-09-09,Supply-side federation register; multi-breed catteries contribute once to each listed breed; no animal/litter counts; undated cards retained; unknown codes omitted
RU-FARUS-CATTERIES-2026-09-09,1186,1410/В/25 Cor Leonis,ABY,Abyssinian,VBO:0100000,exact,1,Russia (records with explicit foreign address excluded),active cattery-breed association,FARUS,1006,https://xn--80a6adhc.xn--p1ai/catteries/132/1186.html,2026-09-09,Supply-side federation register; multi-breed catteries contribute once to each listed breed; no animal/litter counts; undated cards retained; unknown codes omitted
RU-FARUS-CATTERIES-2026-09-09,1188,1412/С/25 BestBen,BEN,Bengal,VBO:0100040,exact,1,Russia (records with explicit foreign address excluded),active cattery-breed association,FARUS,1006,https://xn--80a6adhc.xn--p1ai/catteries/132/1188.html,2026-09-09,Supply-side federation register; multi-breed catteries contribute once to each listed breed; no animal/litter counts; undated cards retained; unknown codes omitted
RU-FARUS-CATTERIES-2026-09-09,1189,1413/МОХ/25 Of Deborkader,BRI,British Shorthair,VBO:0100052,exact,1,Russia (records with explicit foreign address excluded),active cattery-breed association,FARUS,1006,https://xn--80a6adhc.xn--p1ai/catteries/132/1189.html,2026-09-09,Supply-side federation register; multi-breed catteries contribute once to each listed breed; no animal/litter counts; undated cards retained; unknown codes omitted
RU-FARUS-CATTERIES-2026-09-09,1190,1414/Тв/25 ESILISE,RAG,Ragdoll,VBO:0100196,exact,1,Russia (records with explicit foreign address excluded),active cattery-breed association,FARUS,1006,https://xn--80a6adhc.xn--p1ai/catteries/132/1190.html,2026-09-09,Supply-side federation register; multi-breed catteries contribute once to each listed breed; no animal/litter counts; undated cards retained; unknown codes omitted
RU-FARUS-CATTERIES-2026-09-09,1191,1415/МОЭ/25 YuIAn Curly Grace,DRX,Devon Rex,VBO:0100084,exact,1,Russia (records with explicit foreign address excluded),active cattery-breed association,FARUS,1006,https://xn--80a6adhc.xn--p1ai/catteries/132/1191.html,2026-09-09,Supply-side federation register; multi-breed catteries contribute once to each listed breed; no animal/litter counts; undated cards retained; unknown codes omitted
RU-FARUS-CATTERIES-2026-09-09,1192,1416/С-П/25 MinekaCat Ori,OSH,Oriental Shorthair,VBO:0100184,exact,1,Russia (records with explicit foreign address excluded),active cattery-breed association,FARUS,1006,https://xn--80a6adhc.xn--p1ai/catteries/102/1192.html,2026-09-09,Supply-side federation register; multi-breed catteries contribute once to each listed breed; no animal/litter counts; undated cards retained; unknown codes omitted
RU-FARUS-CATTERIES-2026-09-09,1193,1417/Чел/25 CATGARTEN,BUR,Burmese,VBO:0100053,exact,1,Russia (records with explicit foreign address excluded),active cattery-breed association,FARUS,1006,https://xn--80a6adhc.xn--p1ai/catteries/110/1193.html,2026-09-09,Supply-side federation register; multi-breed catteries contribute once to each listed breed; no animal/litter counts; undated cards retained; unknown codes omitted
RU-FARUS-CATTERIES-2026-09-09,1194,1418/ТК/25 KAZAN CHARM,BUR,Burmese,VBO:0100053,exact,1,Russia (records with explicit foreign address excluded),active cattery-breed association,FARUS,1006,https://xn--80a6adhc.xn--p1ai/catteries/110/1194.html,2026-09-09,Supply-side federation register; multi-breed catteries contribute once to each listed breed; no animal/litter counts; undated cards retained; unknown codes omitted
RU-FARUS-CATTERIES-2026-09-09,1194,1418/ТК/25 KAZAN CHARM,THA,Thai,VBO:0100235,exact,1,Russia (records with explicit foreign address excluded),active cattery-breed association,FARUS,1006,https://xn--80a6adhc.xn--p1ai/catteries/110/1194.html,2026-09-09,Supply-side federation register; multi-breed catteries contribute once to each listed breed; no animal/litter counts; undated cards retained; unknown codes omitted
RU-FARUS-CATTERIES-2026-09-09,1195,1419/Ом/25 Casa de Amigos,MCO,Maine Coon,VBO:0100154,exact,1,Russia (records with explicit foreign address excluded),active cattery-breed association,FARUS,1006,https://xn--80a6adhc.xn--p1ai/catteries/126/1195.html,2026-09-09,Supply-side federation register; multi-breed catteries contribute once to each listed breed; no animal/litter counts; undated cards retained; unknown codes omitted
RU-FARUS-CATTERIES-2026-09-09,1195,1419/Ом/25 Casa de Amigos,MCP,Maine Coon Polydactyl,VBO:0100155,exact,1,Russia (records with explicit foreign address excluded),active cattery-breed association,FARUS,1006,https://xn--80a6adhc.xn--p1ai/catteries/126/1195.html,2026-09-09,Supply-side federation register; multi-breed catteries contribute once to each listed breed; no animal/litter counts; undated cards retained; unknown codes omitted
RU-FARUS-CATTERIES-2026-09-09,1196,1420/М/25 LunaBur,BUR,Burmese,VBO:0100053,exact,1,Russia (records with explicit foreign address excluded),active cattery-breed association,FARUS,1006,https://xn--80a6adhc.xn--p1ai/catteries/95/1196.html,2026-09-09,Supply-side federation register; multi-breed catteries contribute once to each listed breed; no animal/litter counts; undated cards retained; unknown codes omitted
RU-FARUS-CATTERIES-2026-09-09,1198,1422/МОБ/25 SOTISLUX*RU,ABY,Abyssinian,VBO:0100000,exact,1,Russia (records with explicit foreign address excluded),active cattery-breed association,FARUS,1006,https://xn--80a6adhc.xn--p1ai/catteries/95/1198.html,2026-09-09,Supply-side federation register; multi-breed catteries contribute once to each listed breed; no animal/litter counts; undated cards retained; unknown codes omitted
RU-FARUS-CATTERIES-2026-09-09,1200,1424/SА/25 ChocooToffee Elves,MNS,"Munchkin (Munchk), Short-Haired",VBO:0100303,exact,1,Russia (records with explicit foreign address excluded),active cattery-breed association,FARUS,1006,https://xn--80a6adhc.xn--p1ai/catteries/106/1200.html,2026-09-09,Supply-side federation register; multi-breed catteries contribute once to each listed breed; no animal/litter counts; undated cards retained; unknown codes omitted
RU-FARUS-CATTERIES-2026-09-09,1200,1424/SА/25 ChocooToffee Elves,SKS,Selkirk Rex Shorthair,VBO:0100217,exact,1,Russia (records with explicit foreign address excluded),active cattery-breed association,FARUS,1006,https://xn--80a6adhc.xn--p1ai/catteries/106/1200.html,2026-09-09,Supply-side federation register; multi-breed catteries contribute once to each listed breed; no animal/litter counts; undated cards retained; unknown codes omitted
RU-FARUS-CATTERIES-2026-09-09,1203,1425/С-П/25 Reves de Fleurs,MCO,Maine Coon,VBO:0100154,exact,1,Russia (records with explicit foreign address excluded),active cattery-breed association,FARUS,1006,https://xn--80a6adhc.xn--p1ai/catteries/130/1203.html,2026-09-09,Supply-side federation register; multi-breed catteries contribute once to each listed breed; no animal/litter counts; undated cards retained; unknown codes omitted
RU-FARUS-CATTERIES-2026-09-09,1204,1426/Р-Д/25 Maxion,OSH,Oriental Shorthair,VBO:0100184,exact,1,Russia (records with explicit foreign address excluded),active cattery-breed association,FARUS,1006,https://xn--80a6adhc.xn--p1ai/catteries/132/1204.html,2026-09-09,Supply-side federation register; multi-breed catteries contribute once to each listed breed; no animal/litter counts; undated cards retained; unknown codes omitted
RU-FARUS-CATTERIES-2026-09-09,1204,1426/Р-Д/25 Maxion,SIA,Siamese,VBO:0100221,exact,1,Russia (records with explicit foreign address excluded),active cattery-breed association,FARUS,1006,https://xn--80a6adhc.xn--p1ai/catteries/132/1204.html,2026-09-09,Supply-side federation register; multi-breed catteries contribute once to each listed breed; no animal/litter counts; undated cards retained; unknown codes omitted
RU-FARUS-CATTERIES-2026-09-09,1205,1427/МОЧ/25 Brilliant Gold Sun,BEN,Bengal,VBO:0100040,exact,1,Russia (records with explicit foreign address excluded),active cattery-breed association,FARUS,1006,https://xn--80a6adhc.xn--p1ai/catteries/132/1205.html,2026-09-09,Supply-side federation register; multi-breed catteries contribute once to each listed breed; no animal/litter counts; undated cards retained; unknown codes omitted
RU-FARUS-CATTERIES-2026-09-09,1206,1428/РОТ/25 Yason,BUR,Burmese,VBO:0100053,exact,1,Russia (records with explicit foreign address excluded),active cattery-breed association,FARUS,1006,https://xn--80a6adhc.xn--p1ai/catteries/132/1206.html,2026-09-09,Supply-side federation register; multi-breed catteries contribute once to each listed breed; no animal/litter counts; undated cards retained; unknown codes omitted
RU-FARUS-CATTERIES-2026-09-09,1207,1429/МОС/25 Shiny Paws,BRI,British Shorthair,VBO:0100052,exact,1,Russia (records with explicit foreign address excluded),active cattery-breed association,FARUS,1006,https://xn--80a6adhc.xn--p1ai/catteries/95/1207.html,2026-09-09,Supply-side federation register; multi-breed catteries contribute once to each listed breed; no animal/litter counts; undated cards retained; unknown codes omitted
RU-FARUS-CATTERIES-2026-09-09,1208,1430/БОВ/25 Sweetpet,ELF,Elf,VBO:0100091,exact,1,Russia (records with explicit foreign address excluded),active cattery-breed association,FARUS,1006,https://xn--80a6adhc.xn--p1ai/catteries/95/1208.html,2026-09-09,Supply-side federation register; multi-breed catteries contribute once to each listed breed; no animal/litter counts; undated cards retained; unknown codes omitted
RU-FARUS-CATTERIES-2026-09-09,1209,1431/МОХ/25 Golden Chanel,BRI,British Shorthair,VBO:0100052,exact,1,Russia (records with explicit foreign address excluded),active cattery-breed association,FARUS,1006,https://xn--80a6adhc.xn--p1ai/catteries/95/1209.html,2026-09-09,Supply-side federation register; multi-breed catteries contribute once to each listed breed; no animal/litter counts; undated cards retained; unknown codes omitted
RU-FARUS-CATTERIES-2026-09-09,1209,1431/МОХ/25 Golden Chanel,BUR,Burmese,VBO:0100053,exact,1,Russia (records with explicit foreign address excluded),active cattery-breed association,FARUS,1006,https://xn--80a6adhc.xn--p1ai/catteries/95/1209.html,2026-09-09,Supply-side federation register; multi-breed catteries contribute once to each listed breed; no animal/litter counts; undated cards retained; unknown codes omitted
RU-FARUS-CATTERIES-2026-09-09,1210,1432/МОД/25 Purrfect orient,OSH,Oriental Shorthair,VBO:0100184,exact,1,Russia (records with explicit foreign address excluded),active cattery-breed association,FARUS,1006,https://xn--80a6adhc.xn--p1ai/catteries/95/1210.html,2026-09-09,Supply-side federation register; multi-breed catteries contribute once to each listed breed; no animal/litter counts; undated cards retained; unknown codes omitted
RU-FARUS-CATTERIES-2026-09-09,1210,1432/МОД/25 Purrfect orient,SIA,Siamese,VBO:0100221,exact,1,Russia (records with explicit foreign address excluded),active cattery-breed association,FARUS,1006,https://xn--80a6adhc.xn--p1ai/catteries/95/1210.html,2026-09-09,Supply-side federation register; multi-breed catteries contribute once to each listed breed; no animal/litter counts; undated cards retained; unknown codes omitted
RU-FARUS-CATTERIES-2026-09-09,1211,1433/СвЕ/25 Simargl,KBL,Kurilian Bobtail Longhair,VBO:0100147,exact,1,Russia (records with explicit foreign address excluded),active cattery-breed association,FARUS,1006,https://xn--80a6adhc.xn--p1ai/catteries/104/1211.html,2026-09-09,Supply-side federation register; multi-breed catteries contribute once to each listed breed; no animal/litter counts; undated cards retained; unknown codes omitted
RU-FARUS-CATTERIES-2026-09-09,1211,1433/СвЕ/25 Simargl,KBS,Kurilian Bobtail Shorthair,VBO:0100148,exact,1,Russia (records with explicit foreign address excluded),active cattery-breed association,FARUS,1006,https://xn--80a6adhc.xn--p1ai/catteries/104/1211.html,2026-09-09,Supply-side federation register; multi-breed catteries contribute once to each listed breed; no animal/litter counts; undated cards retained; unknown codes omitted
RU-FARUS-CATTERIES-2026-09-09,1212,1434/ЛОМ/25 Paws Dreams,BUR,Burmese,VBO:0100053,exact,1,Russia (records with explicit foreign address excluded),active cattery-breed association,FARUS,1006,https://xn--80a6adhc.xn--p1ai/catteries/99/1212.html,2026-09-09,Supply-side federation register; multi-breed catteries contribute once to each listed breed; no animal/litter counts; undated cards retained; unknown codes omitted
RU-FARUS-CATTERIES-2026-09-09,1213,1435/ЛОБК/25 Silk Love,BUR,Burmese,VBO:0100053,exact,1,Russia (records with explicit foreign address excluded),active cattery-breed association,FARUS,1006,https://xn--80a6adhc.xn--p1ai/catteries/100/1213.html,2026-09-09,Supply-side federation register; multi-breed catteries contribute once to each listed breed; no animal/litter counts; undated cards retained; unknown codes omitted
RU-FARUS-CATTERIES-2026-09-09,1213,1435/ЛОБК/25 Silk Love,SCS,Scottish Straight,VBO:0100213,exact,1,Russia (records with explicit foreign address excluded),active cattery-breed association,FARUS,1006,https://xn--80a6adhc.xn--p1ai/catteries/100/1213.html,2026-09-09,Supply-side federation register; multi-breed catteries contribute once to each listed breed; no animal/litter counts; undated cards retained; unknown codes omitted
RU-FARUS-CATTERIES-2026-09-09,1213,1435/ЛОБК/25 Silk Love,SFS,Scottish Fold,VBO:0100209,exact,1,Russia (records with explicit foreign address excluded),active cattery-breed association,FARUS,1006,https://xn--80a6adhc.xn--p1ai/catteries/100/1213.html,2026-09-09,Supply-side federation register; multi-breed catteries contribute once to each listed breed; no animal/litter counts; undated cards retained; unknown codes omitted
RU-FARUS-CATTERIES-2026-09-09,1214,1436/С-П/25 Wong Mau,BUR,Burmese,VBO:0100053,exact,1,Russia (records with explicit foreign address excluded),active cattery-breed association,FARUS,1006,https://xn--80a6adhc.xn--p1ai/catteries/99/1214.html,2026-09-09,Supply-side federation register; multi-breed catteries contribute once to each listed breed; no animal/litter counts; undated cards retained; unknown codes omitted
RU-FARUS-CATTERIES-2026-09-09,1214,1436/С-П/25 Wong Mau,SCS,Scottish Straight,VBO:0100213,exact,1,Russia (records with explicit foreign address excluded),active cattery-breed association,FARUS,1006,https://xn--80a6adhc.xn--p1ai/catteries/99/1214.html,2026-09-09,Supply-side federation register; multi-breed catteries contribute once to each listed breed; no animal/litter counts; undated cards retained; unknown codes omitted
RU-FARUS-CATTERIES-2026-09-09,1214,1436/С-П/25 Wong Mau,SFS,Scottish Fold,VBO:0100209,exact,1,Russia (records with explicit foreign address excluded),active cattery-breed association,FARUS,1006,https://xn--80a6adhc.xn--p1ai/catteries/99/1214.html,2026-09-09,Supply-side federation register; multi-breed catteries contribute once to each listed breed; no animal/litter counts; undated cards retained; unknown codes omitted
RU-FARUS-CATTERIES-2026-09-09,1215,1437/УдГ/25 KHALIJI,OSH,Oriental Shorthair,VBO:0100184,exact,1,Russia (records with explicit foreign address excluded),active cattery-breed association,FARUS,1006,https://xn--80a6adhc.xn--p1ai/catteries/110/1215.html,2026-09-09,Supply-side federation register; multi-breed catteries contribute once to each listed breed; no animal/litter counts; undated cards retained; unknown codes omitted
RU-FARUS-CATTERIES-2026-09-09,1215,1437/УдГ/25 KHALIJI,SIA,Siamese,VBO:0100221,exact,1,Russia (records with explicit foreign address excluded),active cattery-breed association,FARUS,1006,https://xn--80a6adhc.xn--p1ai/catteries/110/1215.html,2026-09-09,Supply-side federation register; multi-breed catteries contribute once to each listed breed; no animal/litter counts; undated cards retained; unknown codes omitted
RU-FARUS-CATTERIES-2026-09-09,1216,1439/SА/25 Sugar Sprinkles,MNS,"Munchkin (Munchk), Short-Haired",VBO:0100303,exact,1,Russia (records with explicit foreign address excluded),active cattery-breed association,FARUS,1006,https://xn--80a6adhc.xn--p1ai/catteries/106/1216.html,2026-09-09,Supply-side federation register; multi-breed catteries contribute once to each listed breed; no animal/litter counts; undated cards retained; unknown codes omitted
RU-FARUS-CATTERIES-2026-09-09,1216,1439/SА/25 Sugar Sprinkles,SKS,Selkirk Rex Shorthair,VBO:0100217,exact,1,Russia (records with explicit foreign address excluded),active cattery-breed association,FARUS,1006,https://xn--80a6adhc.xn--p1ai/catteries/106/1216.html,2026-09-09,Supply-side federation register; multi-breed catteries contribute once to each listed breed; no animal/litter counts; undated cards retained; unknown codes omitted
RU-FARUS-CATTERIES-2026-09-09,1217,1440/Q/25 Dwarf World,MNS,"Munchkin (Munchk), Short-Haired",VBO:0100303,exact,1,Russia (records with explicit foreign address excluded),active cattery-breed association,FARUS,1006,https://xn--80a6adhc.xn--p1ai/catteries/106/1217.html,2026-09-09,Supply-side federation register; multi-breed catteries contribute once to each listed breed; no animal/litter counts; undated cards retained; unknown codes omitted
RU-FARUS-CATTERIES-2026-09-09,1217,1440/Q/25 Dwarf World,SKS,Selkirk Rex Shorthair,VBO:0100217,exact,1,Russia (records with explicit foreign address excluded),active cattery-breed association,FARUS,1006,https://xn--80a6adhc.xn--p1ai/catteries/106/1217.html,2026-09-09,Supply-side federation register; multi-breed catteries contribute once to each listed breed; no animal/litter counts; undated cards retained; unknown codes omitted
RU-FARUS-CATTERIES-2026-09-09,1218,1441/Q/25 Cinnamon World Dwarves,MNS,"Munchkin (Munchk), Short-Haired",VBO:0100303,exact,1,Russia (records with explicit foreign address excluded),active cattery-breed association,FARUS,1006,https://xn--80a6adhc.xn--p1ai/catteries/106/1218.html,2026-09-09,Supply-side federation register; multi-breed catteries contribute once to each listed breed; no animal/litter counts; undated cards retained; unknown codes omitted
RU-FARUS-CATTERIES-2026-09-09,1218,1441/Q/25 Cinnamon World Dwarves,SKS,Selkirk Rex Shorthair,VBO:0100217,exact,1,Russia (records with explicit foreign address excluded),active cattery-breed association,FARUS,1006,https://xn--80a6adhc.xn--p1ai/catteries/106/1218.html,2026-09-09,Supply-side federation register; multi-breed catteries contribute once to each listed breed; no animal/litter counts; undated cards retained; unknown codes omitted
RU-FARUS-CATTERIES-2026-09-09,1219,1442/Ом/25 Siberia Arcane,BLH,British Longhair,VBO:0100051,exact,1,Russia (records with explicit foreign address excluded),active cattery-breed association,FARUS,1006,https://xn--80a6adhc.xn--p1ai/catteries/126/1219.html,2026-09-09,Supply-side federation register; multi-breed catteries contribute once to each listed breed; no animal/litter counts; undated cards retained; unknown codes omitted
RU-FARUS-CATTERIES-2026-09-09,1219,1442/Ом/25 Siberia Arcane,BRI,British Shorthair,VBO:0100052,exact,1,Russia (records with explicit foreign address excluded),active cattery-breed association,FARUS,1006,https://xn--80a6adhc.xn--p1ai/catteries/126/1219.html,2026-09-09,Supply-side federation register; multi-breed catteries contribute once to each listed breed; no animal/litter counts; undated cards retained; unknown codes omitted
RU-FARUS-CATTERIES-2026-09-09,1220,1443/Ом/25 FELICITA,BEN,Bengal,VBO:0100040,exact,1,Russia (records with explicit foreign address excluded),active cattery-breed association,FARUS,1006,https://xn--80a6adhc.xn--p1ai/catteries/126/1220.html,2026-09-09,Supply-side federation register; multi-breed catteries contribute once to each listed breed; no animal/litter counts; undated cards retained; unknown codes omitted
RU-FARUS-CATTERIES-2026-09-09,1221,1444/Ом/25 MurRay (МурРэй),BUR,Burmese,VBO:0100053,exact,1,Russia (records with explicit foreign address excluded),active cattery-breed association,FARUS,1006,https://xn--80a6adhc.xn--p1ai/catteries/126/1221.html,2026-09-09,Supply-side federation register; multi-breed catteries contribute once to each listed breed; no animal/litter counts; undated cards retained; unknown codes omitted
RU-FARUS-CATTERIES-2026-09-09,1222,1445/МОН/25 Goldy Sanny,BUR,Burmese,VBO:0100053,exact,1,Russia (records with explicit foreign address excluded),active cattery-breed association,FARUS,1006,https://xn--80a6adhc.xn--p1ai/catteries/132/1222.html,2026-09-09,Supply-side federation register; multi-breed catteries contribute once to each listed breed; no animal/litter counts; undated cards retained; unknown codes omitted
RU-FARUS-CATTERIES-2026-09-09,1223,1446/МОН/25 Ugrecha`s,MCO,Maine Coon,VBO:0100154,exact,1,Russia (records with explicit foreign address excluded),active cattery-breed association,FARUS,1006,https://xn--80a6adhc.xn--p1ai/catteries/132/1223.html,2026-09-09,Supply-side federation register; multi-breed catteries contribute once to each listed breed; no animal/litter counts; undated cards retained; unknown codes omitted
RU-FARUS-CATTERIES-2026-09-09,1223,1446/МОН/25 Ugrecha`s,MCP,Maine Coon Polydactyl,VBO:0100155,exact,1,Russia (records with explicit foreign address excluded),active cattery-breed association,FARUS,1006,https://xn--80a6adhc.xn--p1ai/catteries/132/1223.html,2026-09-09,Supply-side federation register; multi-breed catteries contribute once to each listed breed; no animal/litter counts; undated cards retained; unknown codes omitted
RU-FARUS-CATTERIES-2026-09-09,1224,1447/М/25 Flower Cloud,RAG,Ragdoll,VBO:0100196,exact,1,Russia (records with explicit foreign address excluded),active cattery-breed association,FARUS,1006,https://xn--80a6adhc.xn--p1ai/catteries/132/1224.html,2026-09-09,Supply-side federation register; multi-breed catteries contribute once to each listed breed; no animal/litter counts; undated cards retained; unknown codes omitted
RU-FARUS-CATTERIES-2026-09-09,1225,1448/М/25 Urban Fox,ABY,Abyssinian,VBO:0100000,exact,1,Russia (records with explicit foreign address excluded),active cattery-breed association,FARUS,1006,https://xn--80a6adhc.xn--p1ai/catteries/132/1225.html,2026-09-09,Supply-side federation register; multi-breed catteries contribute once to each listed breed; no animal/litter counts; undated cards retained; unknown codes omitted
RU-FARUS-CATTERIES-2026-09-09,1225,1448/М/25 Urban Fox,OSH,Oriental Shorthair,VBO:0100184,exact,1,Russia (records with explicit foreign address excluded),active cattery-breed association,FARUS,1006,https://xn--80a6adhc.xn--p1ai/catteries/132/1225.html,2026-09-09,Supply-side federation register; multi-breed catteries contribute once to each listed breed; no animal/litter counts; undated cards retained; unknown codes omitted
RU-FARUS-CATTERIES-2026-09-09,1229,1438/КрТ/25 Shan Dyz,OSH,Oriental Shorthair,VBO:0100184,exact,1,Russia (records with explicit foreign address excluded),active cattery-breed association,FARUS,1006,https://xn--80a6adhc.xn--p1ai/catteries/132/1229.html,2026-09-09,Supply-side federation register; multi-breed catteries contribute once to each listed breed; no animal/litter counts; undated cards retained; unknown codes omitted
RU-FARUS-CATTERIES-2026-09-09,1230,1449/ИрБ/25 Oriental in Siberia,OSH,Oriental Shorthair,VBO:0100184,exact,1,Russia (records with explicit foreign address excluded),active cattery-breed association,FARUS,1006,https://xn--80a6adhc.xn--p1ai/catteries/107/1230.html,2026-09-09,Supply-side federation register; multi-breed catteries contribute once to each listed breed; no animal/litter counts; undated cards retained; unknown codes omitted
RU-FARUS-CATTERIES-2026-09-09,1231,1450/С-П/25 Grand Oric,OSH,Oriental Shorthair,VBO:0100184,exact,1,Russia (records with explicit foreign address excluded),active cattery-breed association,FARUS,1006,https://xn--80a6adhc.xn--p1ai/catteries/102/1231.html,2026-09-09,Supply-side federation register; multi-breed catteries contribute once to each listed breed; no animal/litter counts; undated cards retained; unknown codes omitted
RU-FARUS-CATTERIES-2026-09-09,1231,1450/С-П/25 Grand Oric,SIA,Siamese,VBO:0100221,exact,1,Russia (records with explicit foreign address excluded),active cattery-breed association,FARUS,1006,https://xn--80a6adhc.xn--p1ai/catteries/102/1231.html,2026-09-09,Supply-side federation register; multi-breed catteries contribute once to each listed breed; no animal/litter counts; undated cards retained; unknown codes omitted
RU-FARUS-CATTERIES-2026-09-09,1232,1451/Чел/25 Mystical Shimmer,BUR,Burmese,VBO:0100053,exact,1,Russia (records with explicit foreign address excluded),active cattery-breed association,FARUS,1006,https://xn--80a6adhc.xn--p1ai/catteries/110/1232.html,2026-09-09,Supply-side federation register; multi-breed catteries contribute once to each listed breed; no animal/litter counts; undated cards retained; unknown codes omitted
RU-FARUS-CATTERIES-2026-09-09,1232,1451/Чел/25 Mystical Shimmer,DRX,Devon Rex,VBO:0100084,exact,1,Russia (records with explicit foreign address excluded),active cattery-breed association,FARUS,1006,https://xn--80a6adhc.xn--p1ai/catteries/110/1232.html,2026-09-09,Supply-side federation register; multi-breed catteries contribute once to each listed breed; no animal/litter counts; undated cards retained; unknown codes omitted
RU-FARUS-CATTERIES-2026-09-09,1233,1452/С-П/25 Kuril Spring,KBL,Kurilian Bobtail Longhair,VBO:0100147,exact,1,Russia (records with explicit foreign address excluded),active cattery-breed association,FARUS,1006,https://xn--80a6adhc.xn--p1ai/catteries/100/1233.html,2026-09-09,Supply-side federation register; multi-breed catteries contribute once to each listed breed; no animal/litter counts; undated cards retained; unknown codes omitted
RU-FARUS-CATTERIES-2026-09-09,1233,1452/С-П/25 Kuril Spring,KBS,Kurilian Bobtail Shorthair,VBO:0100148,exact,1,Russia (records with explicit foreign address excluded),active cattery-breed association,FARUS,1006,https://xn--80a6adhc.xn--p1ai/catteries/100/1233.html,2026-09-09,Supply-side federation register; multi-breed catteries contribute once to each listed breed; no animal/litter counts; undated cards retained; unknown codes omitted
RU-FARUS-CATTERIES-2026-09-09,1234,1453/ЧелО/25 Ozburg (Озбург),MCO,Maine Coon,VBO:0100154,exact,1,Russia (records with explicit foreign address excluded),active cattery-breed association,FARUS,1006,https://xn--80a6adhc.xn--p1ai/catteries/126/1234.html,2026-09-09,Supply-side federation register; multi-breed catteries contribute once to each listed breed; no animal/litter counts; undated cards retained; unknown codes omitted
RU-FARUS-CATTERIES-2026-09-09,1235,1454/Мур/25 Cree le Futur,SPH,Sphynx,VBO:0100230,exact,1,Russia (records with explicit foreign address excluded),active cattery-breed association,FARUS,1006,https://xn--80a6adhc.xn--p1ai/catteries/95/1235.html,2026-09-09,Supply-side federation register; multi-breed catteries contribute once to each listed breed; no animal/litter counts; undated cards retained; unknown codes omitted
RU-FARUS-CATTERIES-2026-09-09,1236,1455/МОМ/25 Woolen soul,ABY,Abyssinian,VBO:0100000,exact,1,Russia (records with explicit foreign address excluded),active cattery-breed association,FARUS,1006,https://xn--80a6adhc.xn--p1ai/catteries/95/1236.html,2026-09-09,Supply-side federation register; multi-breed catteries contribute once to each listed breed; no animal/litter counts; undated cards retained; unknown codes omitted
RU-FARUS-CATTERIES-2026-09-09,1236,1455/МОМ/25 Woolen soul,SCS,Scottish Straight,VBO:0100213,exact,1,Russia (records with explicit foreign address excluded),active cattery-breed association,FARUS,1006,https://xn--80a6adhc.xn--p1ai/catteries/95/1236.html,2026-09-09,Supply-side federation register; multi-breed catteries contribute once to each listed breed; no animal/litter counts; undated cards retained; unknown codes omitted
RU-FARUS-CATTERIES-2026-09-09,1236,1455/МОМ/25 Woolen soul,SFS,Scottish Fold,VBO:0100209,exact,1,Russia (records with explicit foreign address excluded),active cattery-breed association,FARUS,1006,https://xn--80a6adhc.xn--p1ai/catteries/95/1236.html,2026-09-09,Supply-side federation register; multi-breed catteries contribute once to each listed breed; no animal/litter counts; undated cards retained; unknown codes omitted
RU-FARUS-CATTERIES-2026-09-09,1238,1457/ВлК/25 MiLOri,OSH,Oriental Shorthair,VBO:0100184,exact,1,Russia (records with explicit foreign address excluded),active cattery-breed association,FARUS,1006,https://xn--80a6adhc.xn--p1ai/catteries/132/1238.html,2026-09-09,Supply-side federation register; multi-breed catteries contribute once to each listed breed; no animal/litter counts; undated cards retained; unknown codes omitted
RU-FARUS-CATTERIES-2026-09-09,1238,1457/ВлК/25 MiLOri,SIA,Siamese,VBO:0100221,exact,1,Russia (records with explicit foreign address excluded),active cattery-breed association,FARUS,1006,https://xn--80a6adhc.xn--p1ai/catteries/132/1238.html,2026-09-09,Supply-side federation register; multi-breed catteries contribute once to each listed breed; no animal/litter counts; undated cards retained; unknown codes omitted
RU-FARUS-CATTERIES-2026-09-09,1239,1458/М/25 Cherry Dessert,BAM,Bambino,VBO:0100037,exact,1,Russia (records with explicit foreign address excluded),active cattery-breed association,FARUS,1006,https://xn--80a6adhc.xn--p1ai/catteries/132/1239.html,2026-09-09,Supply-side federation register; multi-breed catteries contribute once to each listed breed; no animal/litter counts; undated cards retained; unknown codes omitted
RU-FARUS-CATTERIES-2026-09-09,1239,1458/М/25 Cherry Dessert,ELF,Elf,VBO:0100091,exact,1,Russia (records with explicit foreign address excluded),active cattery-breed association,FARUS,1006,https://xn--80a6adhc.xn--p1ai/catteries/132/1239.html,2026-09-09,Supply-side federation register; multi-breed catteries contribute once to each listed breed; no animal/litter counts; undated cards retained; unknown codes omitted
RU-FARUS-CATTERIES-2026-09-09,1239,1458/М/25 Cherry Dessert,SPH,Sphynx,VBO:0100230,exact,1,Russia (records with explicit foreign address excluded),active cattery-breed association,FARUS,1006,https://xn--80a6adhc.xn--p1ai/catteries/132/1239.html,2026-09-09,Supply-side federation register; multi-breed catteries contribute once to each listed breed; no animal/litter counts; undated cards retained; unknown codes omitted
RU-FARUS-CATTERIES-2026-09-09,1240,1459/ВлНБ/25 Closer Louk,MCO,Maine Coon,VBO:0100154,exact,1,Russia (records with explicit foreign address excluded),active cattery-breed association,FARUS,1006,https://xn--80a6adhc.xn--p1ai/catteries/132/1240.html,2026-09-09,Supply-side federation register; multi-breed catteries contribute once to each listed breed; no animal/litter counts; undated cards retained; unknown codes omitted
RU-FARUS-CATTERIES-2026-09-09,1240,1459/ВлНБ/25 Closer Louk,MCP,Maine Coon Polydactyl,VBO:0100155,exact,1,Russia (records with explicit foreign address excluded),active cattery-breed association,FARUS,1006,https://xn--80a6adhc.xn--p1ai/catteries/132/1240.html,2026-09-09,Supply-side federation register; multi-breed catteries contribute once to each listed breed; no animal/litter counts; undated cards retained; unknown codes omitted
RU-FARUS-CATTERIES-2026-09-09,1241,1460/М/25 Aguavarell,RAG,Ragdoll,VBO:0100196,exact,1,Russia (records with explicit foreign address excluded),active cattery-breed association,FARUS,1006,https://xn--80a6adhc.xn--p1ai/catteries/132/1241.html,2026-09-09,Supply-side federation register; multi-breed catteries contribute once to each listed breed; no animal/litter counts; undated cards retained; unknown codes omitted
RU-FARUS-CATTERIES-2026-09-09,1242,1461/М/25 Silky Clouds,RAG,Ragdoll,VBO:0100196,exact,1,Russia (records with explicit foreign address excluded),active cattery-breed association,FARUS,1006,https://xn--80a6adhc.xn--p1ai/catteries/132/1242.html,2026-09-09,Supply-side federation register; multi-breed catteries contribute once to each listed breed; no animal/litter counts; undated cards retained; unknown codes omitted
RU-FARUS-CATTERIES-2026-09-09,1243,1462/МОЭ/25 Jumbo Grand,ABY,Abyssinian,VBO:0100000,exact,1,Russia (records with explicit foreign address excluded),active cattery-breed association,FARUS,1006,https://xn--80a6adhc.xn--p1ai/catteries/132/1243.html,2026-09-09,Supply-side federation register; multi-breed catteries contribute once to each listed breed; no animal/litter counts; undated cards retained; unknown codes omitted
RU-FARUS-CATTERIES-2026-09-09,1244,1463/К/25 Zamok Imperatora,BRI,British Shorthair,VBO:0100052,exact,1,Russia (records with explicit foreign address excluded),active cattery-breed association,FARUS,1006,https://xn--80a6adhc.xn--p1ai/catteries/95/1244.html,2026-09-09,Supply-side federation register; multi-breed catteries contribute once to each listed breed; no animal/litter counts; undated cards retained; unknown codes omitted
RU-FARUS-CATTERIES-2026-09-09,1245,1464/НН/25 BestLI,BAM,Bambino,VBO:0100037,exact,1,Russia (records with explicit foreign address excluded),active cattery-breed association,FARUS,1006,https://xn--80a6adhc.xn--p1ai/catteries/95/1245.html,2026-09-09,Supply-side federation register; multi-breed catteries contribute once to each listed breed; no animal/litter counts; undated cards retained; unknown codes omitted
RU-FARUS-CATTERIES-2026-09-09,1246,1465/М/26 WILD BEAUTY,CHS,Chausie,VBO:0100068,exact,1,Russia (records with explicit foreign address excluded),active cattery-breed association,FARUS,1006,https://xn--80a6adhc.xn--p1ai/catteries/95/1246.html,2026-09-09,Supply-side federation register; multi-breed catteries contribute once to each listed breed; no animal/litter counts; undated cards retained; unknown codes omitted
RU-FARUS-CATTERIES-2026-09-09,1247,1466/С-П/25 Silk Heart,BUR,Burmese,VBO:0100053,exact,1,Russia (records with explicit foreign address excluded),active cattery-breed association,FARUS,1006,https://xn--80a6adhc.xn--p1ai/catteries/99/1247.html,2026-09-09,Supply-side federation register; multi-breed catteries contribute once to each listed breed; no animal/litter counts; undated cards retained; unknown codes omitted
RU-FARUS-CATTERIES-2026-09-09,1248,1467/Ек/25 Lucia,BUR,Burmese,VBO:0100053,exact,1,Russia (records with explicit foreign address excluded),active cattery-breed association,FARUS,1006,https://xn--80a6adhc.xn--p1ai/catteries/99/1248.html,2026-09-09,Supply-side federation register; multi-breed catteries contribute once to each listed breed; no animal/litter counts; undated cards retained; unknown codes omitted
RU-FARUS-CATTERIES-2026-09-09,1249,1468/С-П/25 AWESOME JOY,ABY,Abyssinian,VBO:0100000,exact,1,Russia (records with explicit foreign address excluded),active cattery-breed association,FARUS,1006,https://xn--80a6adhc.xn--p1ai/catteries/130/1249.html,2026-09-09,Supply-side federation register; multi-breed catteries contribute once to each listed breed; no animal/litter counts; undated cards retained; unknown codes omitted
RU-FARUS-CATTERIES-2026-09-09,1251,1469/Ом/25 Aguarius` Dream,ABY,Abyssinian,VBO:0100000,exact,1,Russia (records with explicit foreign address excluded),active cattery-breed association,FARUS,1006,https://xn--80a6adhc.xn--p1ai/catteries/126/1251.html,2026-09-09,Supply-side federation register; multi-breed catteries contribute once to each listed breed; no animal/litter counts; undated cards retained; unknown codes omitted
RU-FARUS-CATTERIES-2026-09-09,1251,1469/Ом/25 Aguarius` Dream,BEN,Bengal,VBO:0100040,exact,1,Russia (records with explicit foreign address excluded),active cattery-breed association,FARUS,1006,https://xn--80a6adhc.xn--p1ai/catteries/126/1251.html,2026-09-09,Supply-side federation register; multi-breed catteries contribute once to each listed breed; no animal/litter counts; undated cards retained; unknown codes omitted
RU-FARUS-CATTERIES-2026-09-09,1252,1470/М/25 Shine Muur,MCO,Maine Coon,VBO:0100154,exact,1,Russia (records with explicit foreign address excluded),active cattery-breed association,FARUS,1006,https://xn--80a6adhc.xn--p1ai/catteries/132/1252.html,2026-09-09,Supply-side federation register; multi-breed catteries contribute once to each listed breed; no animal/litter counts; undated cards retained; unknown codes omitted
RU-FARUS-CATTERIES-2026-09-09,1253,1471/МОНВ/25 Favourite MArNika MOOR,OSH,Oriental Shorthair,VBO:0100184,exact,1,Russia (records with explicit foreign address excluded),active cattery-breed association,FARUS,1006,https://xn--80a6adhc.xn--p1ai/catteries/132/1253.html,2026-09-09,Supply-side federation register; multi-breed catteries contribute once to each listed breed; no animal/litter counts; undated cards retained; unknown codes omitted
RU-FARUS-CATTERIES-2026-09-09,1253,1471/МОНВ/25 Favourite MArNika MOOR,SIA,Siamese,VBO:0100221,exact,1,Russia (records with explicit foreign address excluded),active cattery-breed association,FARUS,1006,https://xn--80a6adhc.xn--p1ai/catteries/132/1253.html,2026-09-09,Supply-side federation register; multi-breed catteries contribute once to each listed breed; no animal/litter counts; undated cards retained; unknown codes omitted
RU-FARUS-CATTERIES-2026-09-09,1254,1472/МОПС/25 The Legend of Sirius,BUR,Burmese,VBO:0100053,exact,1,Russia (records with explicit foreign address excluded),active cattery-breed association,FARUS,1006,https://xn--80a6adhc.xn--p1ai/catteries/132/1254.html,2026-09-09,Supply-side federation register; multi-breed catteries contribute once to each listed breed; no animal/litter counts; undated cards retained; unknown codes omitted
RU-FARUS-CATTERIES-2026-09-09,1254,1472/МОПС/25 The Legend of Sirius,OSH,Oriental Shorthair,VBO:0100184,exact,1,Russia (records with explicit foreign address excluded),active cattery-breed association,FARUS,1006,https://xn--80a6adhc.xn--p1ai/catteries/132/1254.html,2026-09-09,Supply-side federation register; multi-breed catteries contribute once to each listed breed; no animal/litter counts; undated cards retained; unknown codes omitted
RU-FARUS-CATTERIES-2026-09-09,1254,1472/МОПС/25 The Legend of Sirius,SIA,Siamese,VBO:0100221,exact,1,Russia (records with explicit foreign address excluded),active cattery-breed association,FARUS,1006,https://xn--80a6adhc.xn--p1ai/catteries/132/1254.html,2026-09-09,Supply-side federation register; multi-breed catteries contribute once to each listed breed; no animal/litter counts; undated cards retained; unknown codes omitted
RU-FARUS-CATTERIES-2026-09-09,1255,1473/МООЗ/25 Gem Amber,SCL,Scottish Straight Longhair,VBO:0100214,exact,1,Russia (records with explicit foreign address excluded),active cattery-breed association,FARUS,1006,https://xn--80a6adhc.xn--p1ai/catteries/132/1255.html,2026-09-09,Supply-side federation register; multi-breed catteries contribute once to each listed breed; no animal/litter counts; undated cards retained; unknown codes omitted
RU-FARUS-CATTERIES-2026-09-09,1255,1473/МООЗ/25 Gem Amber,SCS,Scottish Straight,VBO:0100213,exact,1,Russia (records with explicit foreign address excluded),active cattery-breed association,FARUS,1006,https://xn--80a6adhc.xn--p1ai/catteries/132/1255.html,2026-09-09,Supply-side federation register; multi-breed catteries contribute once to each listed breed; no animal/litter counts; undated cards retained; unknown codes omitted
RU-FARUS-CATTERIES-2026-09-09,1255,1473/МООЗ/25 Gem Amber,SFL,Scottish Fold Longhair,VBO:0100210,exact,1,Russia (records with explicit foreign address excluded),active cattery-breed association,FARUS,1006,https://xn--80a6adhc.xn--p1ai/catteries/132/1255.html,2026-09-09,Supply-side federation register; multi-breed catteries contribute once to each listed breed; no animal/litter counts; undated cards retained; unknown codes omitted
RU-FARUS-CATTERIES-2026-09-09,1255,1473/МООЗ/25 Gem Amber,SFS,Scottish Fold,VBO:0100209,exact,1,Russia (records with explicit foreign address excluded),active cattery-breed association,FARUS,1006,https://xn--80a6adhc.xn--p1ai/catteries/132/1255.html,2026-09-09,Supply-side federation register; multi-breed catteries contribute once to each listed breed; no animal/litter counts; undated cards retained; unknown codes omitted
RU-FARUS-CATTERIES-2026-09-09,1256,1474/МОК/25 Magaras,SCL,Scottish Straight Longhair,VBO:0100214,exact,1,Russia (records with explicit foreign address excluded),active cattery-breed association,FARUS,1006,https://xn--80a6adhc.xn--p1ai/catteries/132/1256.html,2026-09-09,Supply-side federation register; multi-breed catteries contribute once to each listed breed; no animal/litter counts; undated cards retained; unknown codes omitted
RU-FARUS-CATTERIES-2026-09-09,1256,1474/МОК/25 Magaras,SCS,Scottish Straight,VBO:0100213,exact,1,Russia (records with explicit foreign address excluded),active cattery-breed association,FARUS,1006,https://xn--80a6adhc.xn--p1ai/catteries/132/1256.html,2026-09-09,Supply-side federation register; multi-breed catteries contribute once to each listed breed; no animal/litter counts; undated cards retained; unknown codes omitted
RU-FARUS-CATTERIES-2026-09-09,1256,1474/МОК/25 Magaras,SFL,Scottish Fold Longhair,VBO:0100210,exact,1,Russia (records with explicit foreign address excluded),active cattery-breed association,FARUS,1006,https://xn--80a6adhc.xn--p1ai/catteries/132/1256.html,2026-09-09,Supply-side federation register; multi-breed catteries contribute once to each listed breed; no animal/litter counts; undated cards retained; unknown codes omitted
RU-FARUS-CATTERIES-2026-09-09,1256,1474/МОК/25 Magaras,SFS,Scottish Fold,VBO:0100209,exact,1,Russia (records with explicit foreign address excluded),active cattery-breed association,FARUS,1006,https://xn--80a6adhc.xn--p1ai/catteries/132/1256.html,2026-09-09,Supply-side federation register; multi-breed catteries contribute once to each listed breed; no animal/litter counts; undated cards retained; unknown codes omitted
RU-FARUS-CATTERIES-2026-09-09,1257,1475/С-П/25 Leopard Grace,BEN,Bengal,VBO:0100040,exact,1,Russia (records with explicit foreign address excluded),active cattery-breed association,FARUS,1006,https://xn--80a6adhc.xn--p1ai/catteries/102/1257.html,2026-09-09,Supply-side federation register; multi-breed catteries contribute once to each listed breed; no animal/litter counts; undated cards retained; unknown codes omitted
RU-FARUS-CATTERIES-2026-09-09,1258,1476/Уф/25 Benamour Cattery,BEN,Bengal,VBO:0100040,exact,1,Russia (records with explicit foreign address excluded),active cattery-breed association,FARUS,1006,https://xn--80a6adhc.xn--p1ai/catteries/98/1258.html,2026-09-09,Supply-side federation register; multi-breed catteries contribute once to each listed breed; no animal/litter counts; undated cards retained; unknown codes omitted
RU-FARUS-CATTERIES-2026-09-09,1259,1477/Ст/25 Orientals Diamonds,OSH,Oriental Shorthair,VBO:0100184,exact,1,Russia (records with explicit foreign address excluded),active cattery-breed association,FARUS,1006,https://xn--80a6adhc.xn--p1ai/catteries/109/1259.html,2026-09-09,Supply-side federation register; multi-breed catteries contribute once to each listed breed; no animal/litter counts; undated cards retained; unknown codes omitted
RU-FARUS-CATTERIES-2026-09-09,1260,1478/КрД/25 EMPIRE OF LOTUS PAWS,OSH,Oriental Shorthair,VBO:0100184,exact,1,Russia (records with explicit foreign address excluded),active cattery-breed association,FARUS,1006,https://xn--80a6adhc.xn--p1ai/catteries/109/1260.html,2026-09-09,Supply-side federation register; multi-breed catteries contribute once to each listed breed; no animal/litter counts; undated cards retained; unknown codes omitted
RU-FARUS-CATTERIES-2026-09-09,1261,1479/Кр/25 AbyLora,ABY,Abyssinian,VBO:0100000,exact,1,Russia (records with explicit foreign address excluded),active cattery-breed association,FARUS,1006,https://xn--80a6adhc.xn--p1ai/catteries/109/1261.html,2026-09-09,Supply-side federation register; multi-breed catteries contribute once to each listed breed; no animal/litter counts; undated cards retained; unknown codes omitted
RU-FARUS-CATTERIES-2026-09-09,1261,1479/Кр/25 AbyLora,BUR,Burmese,VBO:0100053,exact,1,Russia (records with explicit foreign address excluded),active cattery-breed association,FARUS,1006,https://xn--80a6adhc.xn--p1ai/catteries/109/1261.html,2026-09-09,Supply-side federation register; multi-breed catteries contribute once to each listed breed; no animal/litter counts; undated cards retained; unknown codes omitted
RU-FARUS-CATTERIES-2026-09-09,1262,1480/С-П/25 Scarlet Floret,SCL,Scottish Straight Longhair,VBO:0100214,exact,1,Russia (records with explicit foreign address excluded),active cattery-breed association,FARUS,1006,https://xn--80a6adhc.xn--p1ai/catteries/108/1262.html,2026-09-09,Supply-side federation register; multi-breed catteries contribute once to each listed breed; no animal/litter counts; undated cards retained; unknown codes omitted
RU-FARUS-CATTERIES-2026-09-09,1262,1480/С-П/25 Scarlet Floret,SCS,Scottish Straight,VBO:0100213,exact,1,Russia (records with explicit foreign address excluded),active cattery-breed association,FARUS,1006,https://xn--80a6adhc.xn--p1ai/catteries/108/1262.html,2026-09-09,Supply-side federation register; multi-breed catteries contribute once to each listed breed; no animal/litter counts; undated cards retained; unknown codes omitted
RU-FARUS-CATTERIES-2026-09-09,1262,1480/С-П/25 Scarlet Floret,SFL,Scottish Fold Longhair,VBO:0100210,exact,1,Russia (records with explicit foreign address excluded),active cattery-breed association,FARUS,1006,https://xn--80a6adhc.xn--p1ai/catteries/108/1262.html,2026-09-09,Supply-side federation register; multi-breed catteries contribute once to each listed breed; no animal/litter counts; undated cards retained; unknown codes omitted
RU-FARUS-CATTERIES-2026-09-09,1262,1480/С-П/25 Scarlet Floret,SFS,Scottish Fold,VBO:0100209,exact,1,Russia (records with explicit foreign address excluded),active cattery-breed association,FARUS,1006,https://xn--80a6adhc.xn--p1ai/catteries/108/1262.html,2026-09-09,Supply-side federation register; multi-breed catteries contribute once to each listed breed; no animal/litter counts; undated cards retained; unknown codes omitted
RU-FARUS-CATTERIES-2026-09-09,1263,1481/С-П/25 Vivanight,SCL,Scottish Straight Longhair,VBO:0100214,exact,1,Russia (records with explicit foreign address excluded),active cattery-breed association,FARUS,1006,https://xn--80a6adhc.xn--p1ai/catteries/108/1263.html,2026-09-09,Supply-side federation register; multi-breed catteries contribute once to each listed breed; no animal/litter counts; undated cards retained; unknown codes omitted
RU-FARUS-CATTERIES-2026-09-09,1263,1481/С-П/25 Vivanight,SCS,Scottish Straight,VBO:0100213,exact,1,Russia (records with explicit foreign address excluded),active cattery-breed association,FARUS,1006,https://xn--80a6adhc.xn--p1ai/catteries/108/1263.html,2026-09-09,Supply-side federation register; multi-breed catteries contribute once to each listed breed; no animal/litter counts; undated cards retained; unknown codes omitted
RU-FARUS-CATTERIES-2026-09-09,1263,1481/С-П/25 Vivanight,SFL,Scottish Fold Longhair,VBO:0100210,exact,1,Russia (records with explicit foreign address excluded),active cattery-breed association,FARUS,1006,https://xn--80a6adhc.xn--p1ai/catteries/108/1263.html,2026-09-09,Supply-side federation register; multi-breed catteries contribute once to each listed breed; no animal/litter counts; undated cards retained; unknown codes omitted
RU-FARUS-CATTERIES-2026-09-09,1263,1481/С-П/25 Vivanight,SFS,Scottish Fold,VBO:0100209,exact,1,Russia (records with explicit foreign address excluded),active cattery-breed association,FARUS,1006,https://xn--80a6adhc.xn--p1ai/catteries/108/1263.html,2026-09-09,Supply-side federation register; multi-breed catteries contribute once to each listed breed; no animal/litter counts; undated cards retained; unknown codes omitted
RU-FARUS-CATTERIES-2026-09-09,1264,1482/ОрБр/25 Tomori-ORI,OSH,Oriental Shorthair,VBO:0100184,exact,1,Russia (records with explicit foreign address excluded),active cattery-breed association,FARUS,1006,https://xn--80a6adhc.xn--p1ai/catteries/97/1264.html,2026-09-09,Supply-side federation register; multi-breed catteries contribute once to each listed breed; no animal/litter counts; undated cards retained; unknown codes omitted
RU-FARUS-CATTERIES-2026-09-09,1265,1483/ОрЕл/25 Mia for Eva,ABY,Abyssinian,VBO:0100000,exact,1,Russia (records with explicit foreign address excluded),active cattery-breed association,FARUS,1006,https://xn--80a6adhc.xn--p1ai/catteries/97/1265.html,2026-09-09,Supply-side federation register; multi-breed catteries contribute once to each listed breed; no animal/litter counts; undated cards retained; unknown codes omitted
RU-FARUS-CATTERIES-2026-09-09,1266,1484/ЛОВ/25 Wow Cattery,SCS,Scottish Straight,VBO:0100213,exact,1,Russia (records with explicit foreign address excluded),active cattery-breed association,FARUS,1006,https://xn--80a6adhc.xn--p1ai/catteries/99/1266.html,2026-09-09,Supply-side federation register; multi-breed catteries contribute once to each listed breed; no animal/litter counts; undated cards retained; unknown codes omitted
RU-FARUS-CATTERIES-2026-09-09,1266,1484/ЛОВ/25 Wow Cattery,SFS,Scottish Fold,VBO:0100209,exact,1,Russia (records with explicit foreign address excluded),active cattery-breed association,FARUS,1006,https://xn--80a6adhc.xn--p1ai/catteries/99/1266.html,2026-09-09,Supply-side federation register; multi-breed catteries contribute once to each listed breed; no animal/litter counts; undated cards retained; unknown codes omitted
RU-FARUS-CATTERIES-2026-09-09,1267,1485/КЕ/25 CRIMEA MAJESTIC,MCO,Maine Coon,VBO:0100154,exact,1,Russia (records with explicit foreign address excluded),active cattery-breed association,FARUS,1006,https://xn--80a6adhc.xn--p1ai/catteries/96/1267.html,2026-09-09,Supply-side federation register; multi-breed catteries contribute once to each listed breed; no animal/litter counts; undated cards retained; unknown codes omitted
RU-FARUS-CATTERIES-2026-09-09,1267,1485/КЕ/25 CRIMEA MAJESTIC,MCP,Maine Coon Polydactyl,VBO:0100155,exact,1,Russia (records with explicit foreign address excluded),active cattery-breed association,FARUS,1006,https://xn--80a6adhc.xn--p1ai/catteries/96/1267.html,2026-09-09,Supply-side federation register; multi-breed catteries contribute once to each listed breed; no animal/litter counts; undated cards retained; unknown codes omitted
RU-FARUS-CATTERIES-2026-09-09,1270,1486/М/25 Oleg pride,BRI,British Shorthair,VBO:0100052,exact,1,Russia (records with explicit foreign address excluded),active cattery-breed association,FARUS,1006,https://xn--80a6adhc.xn--p1ai/catteries/95/1270.html,2026-09-09,Supply-side federation register; multi-breed catteries contribute once to each listed breed; no animal/litter counts; undated cards retained; unknown codes omitted
RU-FARUS-CATTERIES-2026-09-09,1271,1487/СвЕ/25 Fullhouse,BRI,British Shorthair,VBO:0100052,exact,1,Russia (records with explicit foreign address excluded),active cattery-breed association,FARUS,1006,https://xn--80a6adhc.xn--p1ai/catteries/95/1271.html,2026-09-09,Supply-side federation register; multi-breed catteries contribute once to each listed breed; no animal/litter counts; undated cards retained; unknown codes omitted
RU-FARUS-CATTERIES-2026-09-09,1272,1488/МОБ/25 Solar Joy,ABY,Abyssinian,VBO:0100000,exact,1,Russia (records with explicit foreign address excluded),active cattery-breed association,FARUS,1006,https://xn--80a6adhc.xn--p1ai/catteries/95/1272.html,2026-09-09,Supply-side federation register; multi-breed catteries contribute once to each listed breed; no animal/litter counts; undated cards retained; unknown codes omitted
RU-FARUS-CATTERIES-2026-09-09,1273,1489/МОБ/25 Cleo & C*Tsezar,MCO,Maine Coon,VBO:0100154,exact,1,Russia (records with explicit foreign address excluded),active cattery-breed association,FARUS,1006,https://xn--80a6adhc.xn--p1ai/catteries/132/1273.html,2026-09-09,Supply-side federation register; multi-breed catteries contribute once to each listed breed; no animal/litter counts; undated cards retained; unknown codes omitted
RU-FARUS-CATTERIES-2026-09-09,1273,1489/МОБ/25 Cleo & C*Tsezar,MCP,Maine Coon Polydactyl,VBO:0100155,exact,1,Russia (records with explicit foreign address excluded),active cattery-breed association,FARUS,1006,https://xn--80a6adhc.xn--p1ai/catteries/132/1273.html,2026-09-09,Supply-side federation register; multi-breed catteries contribute once to each listed breed; no animal/litter counts; undated cards retained; unknown codes omitted
RU-FARUS-CATTERIES-2026-09-09,1274,1490/МЗ/25 Kroshki Koshki,BAM,Bambino,VBO:0100037,exact,1,Russia (records with explicit foreign address excluded),active cattery-breed association,FARUS,1006,https://xn--80a6adhc.xn--p1ai/catteries/132/1274.html,2026-09-09,Supply-side federation register; multi-breed catteries contribute once to each listed breed; no animal/litter counts; undated cards retained; unknown codes omitted
RU-FARUS-CATTERIES-2026-09-09,1274,1490/МЗ/25 Kroshki Koshki,ELF,Elf,VBO:0100091,exact,1,Russia (records with explicit foreign address excluded),active cattery-breed association,FARUS,1006,https://xn--80a6adhc.xn--p1ai/catteries/132/1274.html,2026-09-09,Supply-side federation register; multi-breed catteries contribute once to each listed breed; no animal/litter counts; undated cards retained; unknown codes omitted
RU-FARUS-CATTERIES-2026-09-09,1274,1490/МЗ/25 Kroshki Koshki,MIL,Minuet Longhair,VBO:0100164,exact,1,Russia (records with explicit foreign address excluded),active cattery-breed association,FARUS,1006,https://xn--80a6adhc.xn--p1ai/catteries/132/1274.html,2026-09-09,Supply-side federation register; multi-breed catteries contribute once to each listed breed; no animal/litter counts; undated cards retained; unknown codes omitted
RU-FARUS-CATTERIES-2026-09-09,1274,1490/МЗ/25 Kroshki Koshki,MIS,Minuet,VBO:0100163,exact,1,Russia (records with explicit foreign address excluded),active cattery-breed association,FARUS,1006,https://xn--80a6adhc.xn--p1ai/catteries/132/1274.html,2026-09-09,Supply-side federation register; multi-breed catteries contribute once to each listed breed; no animal/litter counts; undated cards retained; unknown codes omitted
RU-FARUS-CATTERIES-2026-09-09,1274,1490/МЗ/25 Kroshki Koshki,MNL,Munchkin Longhair,VBO:0100170,exact,1,Russia (records with explicit foreign address excluded),active cattery-breed association,FARUS,1006,https://xn--80a6adhc.xn--p1ai/catteries/132/1274.html,2026-09-09,Supply-side federation register; multi-breed catteries contribute once to each listed breed; no animal/litter counts; undated cards retained; unknown codes omitted
RU-FARUS-CATTERIES-2026-09-09,1274,1490/МЗ/25 Kroshki Koshki,MNS,"Munchkin (Munchk), Short-Haired",VBO:0100303,exact,1,Russia (records with explicit foreign address excluded),active cattery-breed association,FARUS,1006,https://xn--80a6adhc.xn--p1ai/catteries/132/1274.html,2026-09-09,Supply-side federation register; multi-breed catteries contribute once to each listed breed; no animal/litter counts; undated cards retained; unknown codes omitted
RU-FARUS-CATTERIES-2026-09-09,1274,1490/МЗ/25 Kroshki Koshki,SPH,Sphynx,VBO:0100230,exact,1,Russia (records with explicit foreign address excluded),active cattery-breed association,FARUS,1006,https://xn--80a6adhc.xn--p1ai/catteries/132/1274.html,2026-09-09,Supply-side federation register; multi-breed catteries contribute once to each listed breed; no animal/litter counts; undated cards retained; unknown codes omitted
RU-FARUS-CATTERIES-2026-09-09,1275,1491/МООЗ/25 RomirRus,BRI,British Shorthair,VBO:0100052,exact,1,Russia (records with explicit foreign address excluded),active cattery-breed association,FARUS,1006,https://xn--80a6adhc.xn--p1ai/catteries/132/1275.html,2026-09-09,Supply-side federation register; multi-breed catteries contribute once to each listed breed; no animal/litter counts; undated cards retained; unknown codes omitted
RU-FARUS-CATTERIES-2026-09-09,1275,1491/МООЗ/25 RomirRus,BUR,Burmese,VBO:0100053,exact,1,Russia (records with explicit foreign address excluded),active cattery-breed association,FARUS,1006,https://xn--80a6adhc.xn--p1ai/catteries/132/1275.html,2026-09-09,Supply-side federation register; multi-breed catteries contribute once to each listed breed; no animal/litter counts; undated cards retained; unknown codes omitted
RU-FARUS-CATTERIES-2026-09-09,1275,1491/МООЗ/25 RomirRus,SCL,Scottish Straight Longhair,VBO:0100214,exact,1,Russia (records with explicit foreign address excluded),active cattery-breed association,FARUS,1006,https://xn--80a6adhc.xn--p1ai/catteries/132/1275.html,2026-09-09,Supply-side federation register; multi-breed catteries contribute once to each listed breed; no animal/litter counts; undated cards retained; unknown codes omitted
RU-FARUS-CATTERIES-2026-09-09,1275,1491/МООЗ/25 RomirRus,SCS,Scottish Straight,VBO:0100213,exact,1,Russia (records with explicit foreign address excluded),active cattery-breed association,FARUS,1006,https://xn--80a6adhc.xn--p1ai/catteries/132/1275.html,2026-09-09,Supply-side federation register; multi-breed catteries contribute once to each listed breed; no animal/litter counts; undated cards retained; unknown codes omitted
RU-FARUS-CATTERIES-2026-09-09,1275,1491/МООЗ/25 RomirRus,SFL,Scottish Fold Longhair,VBO:0100210,exact,1,Russia (records with explicit foreign address excluded),active cattery-breed association,FARUS,1006,https://xn--80a6adhc.xn--p1ai/catteries/132/1275.html,2026-09-09,Supply-side federation register; multi-breed catteries contribute once to each listed breed; no animal/litter counts; undated cards retained; unknown codes omitted
RU-FARUS-CATTERIES-2026-09-09,1275,1491/МООЗ/25 RomirRus,SFS,Scottish Fold,VBO:0100209,exact,1,Russia (records with explicit foreign address excluded),active cattery-breed association,FARUS,1006,https://xn--80a6adhc.xn--p1ai/catteries/132/1275.html,2026-09-09,Supply-side federation register; multi-breed catteries contribute once to each listed breed; no animal/litter counts; undated cards retained; unknown codes omitted
RU-FARUS-CATTERIES-2026-09-09,1276,1492/М/25 Vanilla Point,MCO,Maine Coon,VBO:0100154,exact,1,Russia (records with explicit foreign address excluded),active cattery-breed association,FARUS,1006,https://xn--80a6adhc.xn--p1ai/catteries/132/1276.html,2026-09-09,Supply-side federation register; multi-breed catteries contribute once to each listed breed; no animal/litter counts; undated cards retained; unknown codes omitted
RU-FARUS-CATTERIES-2026-09-09,1276,1492/М/25 Vanilla Point,MCP,Maine Coon Polydactyl,VBO:0100155,exact,1,Russia (records with explicit foreign address excluded),active cattery-breed association,FARUS,1006,https://xn--80a6adhc.xn--p1ai/catteries/132/1276.html,2026-09-09,Supply-side federation register; multi-breed catteries contribute once to each listed breed; no animal/litter counts; undated cards retained; unknown codes omitted
RU-FARUS-CATTERIES-2026-09-09,1277,1493/МОЧ/25 Sunny Glade,BLH,British Longhair,VBO:0100051,exact,1,Russia (records with explicit foreign address excluded),active cattery-breed association,FARUS,1006,https://xn--80a6adhc.xn--p1ai/catteries/132/1277.html,2026-09-09,Supply-side federation register; multi-breed catteries contribute once to each listed breed; no animal/litter counts; undated cards retained; unknown codes omitted
RU-FARUS-CATTERIES-2026-09-09,1277,1493/МОЧ/25 Sunny Glade,BRI,British Shorthair,VBO:0100052,exact,1,Russia (records with explicit foreign address excluded),active cattery-breed association,FARUS,1006,https://xn--80a6adhc.xn--p1ai/catteries/132/1277.html,2026-09-09,Supply-side federation register; multi-breed catteries contribute once to each listed breed; no animal/litter counts; undated cards retained; unknown codes omitted
RU-FARUS-CATTERIES-2026-09-09,1278,1494/УдЯ/25 Gentledolls,RAG,Ragdoll,VBO:0100196,exact,1,Russia (records with explicit foreign address excluded),active cattery-breed association,FARUS,1006,https://xn--80a6adhc.xn--p1ai/catteries/132/1278.html,2026-09-09,Supply-side federation register; multi-breed catteries contribute once to each listed breed; no animal/litter counts; undated cards retained; unknown codes omitted
RU-FARUS-CATTERIES-2026-09-09,1279,1495/ЛОМ/25 PlatinumBurm,BUR,Burmese,VBO:0100053,exact,1,Russia (records with explicit foreign address excluded),active cattery-breed association,FARUS,1006,https://xn--80a6adhc.xn--p1ai/catteries/99/1279.html,2026-09-09,Supply-side federation register; multi-breed catteries contribute once to each listed breed; no animal/litter counts; undated cards retained; unknown codes omitted
RU-FARUS-CATTERIES-2026-09-09,1280,1496/ЛОСБ/25 Burmelle,BUR,Burmese,VBO:0100053,exact,1,Russia (records with explicit foreign address excluded),active cattery-breed association,FARUS,1006,https://xn--80a6adhc.xn--p1ai/catteries/99/1280.html,2026-09-09,Supply-side federation register; multi-breed catteries contribute once to each listed breed; no animal/litter counts; undated cards retained; unknown codes omitted
RU-FARUS-CATTERIES-2026-09-09,1281,1497/С-П/25 Burmiel,BUR,Burmese,VBO:0100053,exact,1,Russia (records with explicit foreign address excluded),active cattery-breed association,FARUS,1006,https://xn--80a6adhc.xn--p1ai/catteries/99/1281.html,2026-09-09,Supply-side federation register; multi-breed catteries contribute once to each listed breed; no animal/litter counts; undated cards retained; unknown codes omitted
RU-FARUS-CATTERIES-2026-09-09,1282,1498/ЯрР/25 Saraya,SKL,Selkirk Rex Longhair,VBO:0100216,exact,1,Russia (records with explicit foreign address excluded),active cattery-breed association,FARUS,1006,https://xn--80a6adhc.xn--p1ai/catteries/128/1282.html,2026-09-09,Supply-side federation register; multi-breed catteries contribute once to each listed breed; no animal/litter counts; undated cards retained; unknown codes omitted
RU-FARUS-CATTERIES-2026-09-09,1282,1498/ЯрР/25 Saraya,SKS,Selkirk Rex Shorthair,VBO:0100217,exact,1,Russia (records with explicit foreign address excluded),active cattery-breed association,FARUS,1006,https://xn--80a6adhc.xn--p1ai/catteries/128/1282.html,2026-09-09,Supply-side federation register; multi-breed catteries contribute once to each listed breed; no animal/litter counts; undated cards retained; unknown codes omitted
RU-FARUS-CATTERIES-2026-09-09,1283,1499/М/25 Elegance of Mur,BEN,Bengal,VBO:0100040,exact,1,Russia (records with explicit foreign address excluded),active cattery-breed association,FARUS,1006,https://xn--80a6adhc.xn--p1ai/catteries/101/1283.html,2026-09-09,Supply-side federation register; multi-breed catteries contribute once to each listed breed; no animal/litter counts; undated cards retained; unknown codes omitted
RU-FARUS-CATTERIES-2026-09-09,1305,1502/АлБ/25 Altai Paradise,RAG,Ragdoll,VBO:0100196,exact,1,Russia (records with explicit foreign address excluded),active cattery-breed association,FARUS,1006,https://xn--80a6adhc.xn--p1ai/catteries/132/1305.html,2026-09-09,Supply-side federation register; multi-breed catteries contribute once to each listed breed; no animal/litter counts; undated cards retained; unknown codes omitted
RU-FARUS-CATTERIES-2026-09-09,1306,1503/В/25 Little Friend,BUR,Burmese,VBO:0100053,exact,1,Russia (records with explicit foreign address excluded),active cattery-breed association,FARUS,1006,https://xn--80a6adhc.xn--p1ai/catteries/132/1306.html,2026-09-09,Supply-side federation register; multi-breed catteries contribute once to each listed breed; no animal/litter counts; undated cards retained; unknown codes omitted
RU-FARUS-CATTERIES-2026-09-09,1307,1504/ТвК/25 LeMar Gold,BEN,Bengal,VBO:0100040,exact,1,Russia (records with explicit foreign address excluded),active cattery-breed association,FARUS,1006,https://xn--80a6adhc.xn--p1ai/catteries/132/1307.html,2026-09-09,Supply-side federation register; multi-breed catteries contribute once to each listed breed; no animal/litter counts; undated cards retained; unknown codes omitted
RU-FARUS-CATTERIES-2026-09-09,1308,1505/М/25 Camillion Line,SCL,Scottish Straight Longhair,VBO:0100214,exact,1,Russia (records with explicit foreign address excluded),active cattery-breed association,FARUS,1006,https://xn--80a6adhc.xn--p1ai/catteries/132/1308.html,2026-09-09,Supply-side federation register; multi-breed catteries contribute once to each listed breed; no animal/litter counts; undated cards retained; unknown codes omitted
RU-FARUS-CATTERIES-2026-09-09,1308,1505/М/25 Camillion Line,SCS,Scottish Straight,VBO:0100213,exact,1,Russia (records with explicit foreign address excluded),active cattery-breed association,FARUS,1006,https://xn--80a6adhc.xn--p1ai/catteries/132/1308.html,2026-09-09,Supply-side federation register; multi-breed catteries contribute once to each listed breed; no animal/litter counts; undated cards retained; unknown codes omitted
RU-FARUS-CATTERIES-2026-09-09,1308,1505/М/25 Camillion Line,SFL,Scottish Fold Longhair,VBO:0100210,exact,1,Russia (records with explicit foreign address excluded),active cattery-breed association,FARUS,1006,https://xn--80a6adhc.xn--p1ai/catteries/132/1308.html,2026-09-09,Supply-side federation register; multi-breed catteries contribute once to each listed breed; no animal/litter counts; undated cards retained; unknown codes omitted
RU-FARUS-CATTERIES-2026-09-09,1308,1505/М/25 Camillion Line,SFS,Scottish Fold,VBO:0100209,exact,1,Russia (records with explicit foreign address excluded),active cattery-breed association,FARUS,1006,https://xn--80a6adhc.xn--p1ai/catteries/132/1308.html,2026-09-09,Supply-side federation register; multi-breed catteries contribute once to each listed breed; no animal/litter counts; undated cards retained; unknown codes omitted
RU-FARUS-CATTERIES-2026-09-09,1309,1506/МОН/25 Solar Diamond,SCL,Scottish Straight Longhair,VBO:0100214,exact,1,Russia (records with explicit foreign address excluded),active cattery-breed association,FARUS,1006,https://xn--80a6adhc.xn--p1ai/catteries/132/1309.html,2026-09-09,Supply-side federation register; multi-breed catteries contribute once to each listed breed; no animal/litter counts; undated cards retained; unknown codes omitted
RU-FARUS-CATTERIES-2026-09-09,1309,1506/МОН/25 Solar Diamond,SCS,Scottish Straight,VBO:0100213,exact,1,Russia (records with explicit foreign address excluded),active cattery-breed association,FARUS,1006,https://xn--80a6adhc.xn--p1ai/catteries/132/1309.html,2026-09-09,Supply-side federation register; multi-breed catteries contribute once to each listed breed; no animal/litter counts; undated cards retained; unknown codes omitted
RU-FARUS-CATTERIES-2026-09-09,1309,1506/МОН/25 Solar Diamond,SFL,Scottish Fold Longhair,VBO:0100210,exact,1,Russia (records with explicit foreign address excluded),active cattery-breed association,FARUS,1006,https://xn--80a6adhc.xn--p1ai/catteries/132/1309.html,2026-09-09,Supply-side federation register; multi-breed catteries contribute once to each listed breed; no animal/litter counts; undated cards retained; unknown codes omitted
RU-FARUS-CATTERIES-2026-09-09,1309,1506/МОН/25 Solar Diamond,SFS,Scottish Fold,VBO:0100209,exact,1,Russia (records with explicit foreign address excluded),active cattery-breed association,FARUS,1006,https://xn--80a6adhc.xn--p1ai/catteries/132/1309.html,2026-09-09,Supply-side federation register; multi-breed catteries contribute once to each listed breed; no animal/litter counts; undated cards retained; unknown codes omitted
RU-FARUS-CATTERIES-2026-09-09,1310,1507/Б/25 Devori Royalty,DRX,Devon Rex,VBO:0100084,exact,1,Russia (records with explicit foreign address excluded),active cattery-breed association,FARUS,1006,https://xn--80a6adhc.xn--p1ai/catteries/132/1310.html,2026-09-09,Supply-side federation register; multi-breed catteries contribute once to each listed breed; no animal/litter counts; undated cards retained; unknown codes omitted
RU-FARUS-CATTERIES-2026-09-09,1310,1507/Б/25 Devori Royalty,OSH,Oriental Shorthair,VBO:0100184,exact,1,Russia (records with explicit foreign address excluded),active cattery-breed association,FARUS,1006,https://xn--80a6adhc.xn--p1ai/catteries/132/1310.html,2026-09-09,Supply-side federation register; multi-breed catteries contribute once to each listed breed; no animal/litter counts; undated cards retained; unknown codes omitted
RU-FARUS-CATTERIES-2026-09-09,1310,1507/Б/25 Devori Royalty,SIA,Siamese,VBO:0100221,exact,1,Russia (records with explicit foreign address excluded),active cattery-breed association,FARUS,1006,https://xn--80a6adhc.xn--p1ai/catteries/132/1310.html,2026-09-09,Supply-side federation register; multi-breed catteries contribute once to each listed breed; no animal/litter counts; undated cards retained; unknown codes omitted
RU-FARUS-CATTERIES-2026-09-09,1311,1508/Т/25 Gardenia Chanel Kitten,BRI,British Shorthair,VBO:0100052,exact,1,Russia (records with explicit foreign address excluded),active cattery-breed association,FARUS,1006,https://xn--80a6adhc.xn--p1ai/catteries/120/1311.html,2026-09-09,Supply-side federation register; multi-breed catteries contribute once to each listed breed; no animal/litter counts; undated cards retained; unknown codes omitted
RU-FARUS-CATTERIES-2026-09-09,1312,1509/ОрБр/25 Golden Champions,SCS,Scottish Straight,VBO:0100213,exact,1,Russia (records with explicit foreign address excluded),active cattery-breed association,FARUS,1006,https://xn--80a6adhc.xn--p1ai/catteries/97/1312.html,2026-09-09,Supply-side federation register; multi-breed catteries contribute once to each listed breed; no animal/litter counts; undated cards retained; unknown codes omitted
RU-FARUS-CATTERIES-2026-09-09,1312,1509/ОрБр/25 Golden Champions,SFS,Scottish Fold,VBO:0100209,exact,1,Russia (records with explicit foreign address excluded),active cattery-breed association,FARUS,1006,https://xn--80a6adhc.xn--p1ai/catteries/97/1312.html,2026-09-09,Supply-side federation register; multi-breed catteries contribute once to each listed breed; no animal/litter counts; undated cards retained; unknown codes omitted
RU-FARUS-CATTERIES-2026-09-09,1313,1510/ЛОН/25 Luna feline,ABY,Abyssinian,VBO:0100000,exact,1,Russia (records with explicit foreign address excluded),active cattery-breed association,FARUS,1006,https://xn--80a6adhc.xn--p1ai/catteries/102/1313.html,2026-09-09,Supply-side federation register; multi-breed catteries contribute once to each listed breed; no animal/litter counts; undated cards retained; unknown codes omitted
RU-FARUS-CATTERIES-2026-09-09,1314,1511/М/25 Mythicats,MNS,"Munchkin (Munchk), Short-Haired",VBO:0100303,exact,1,Russia (records with explicit foreign address excluded),active cattery-breed association,FARUS,1006,https://xn--80a6adhc.xn--p1ai/catteries/95/1314.html,2026-09-09,Supply-side federation register; multi-breed catteries contribute once to each listed breed; no animal/litter counts; undated cards retained; unknown codes omitted
RU-FARUS-CATTERIES-2026-09-09,1314,1511/М/25 Mythicats,SCS,Scottish Straight,VBO:0100213,exact,1,Russia (records with explicit foreign address excluded),active cattery-breed association,FARUS,1006,https://xn--80a6adhc.xn--p1ai/catteries/95/1314.html,2026-09-09,Supply-side federation register; multi-breed catteries contribute once to each listed breed; no animal/litter counts; undated cards retained; unknown codes omitted
RU-FARUS-CATTERIES-2026-09-09,1314,1511/М/25 Mythicats,SFS,Scottish Fold,VBO:0100209,exact,1,Russia (records with explicit foreign address excluded),active cattery-breed association,FARUS,1006,https://xn--80a6adhc.xn--p1ai/catteries/95/1314.html,2026-09-09,Supply-side federation register; multi-breed catteries contribute once to each listed breed; no animal/litter counts; undated cards retained; unknown codes omitted
RU-FARUS-CATTERIES-2026-09-09,1314,1511/М/25 Mythicats,SKS,Selkirk Rex Shorthair,VBO:0100217,exact,1,Russia (records with explicit foreign address excluded),active cattery-breed association,FARUS,1006,https://xn--80a6adhc.xn--p1ai/catteries/95/1314.html,2026-09-09,Supply-side federation register; multi-breed catteries contribute once to each listed breed; no animal/litter counts; undated cards retained; unknown codes omitted
RU-FARUS-CATTERIES-2026-09-09,1315,1512/М/25 OAK,SCS,Scottish Straight,VBO:0100213,exact,1,Russia (records with explicit foreign address excluded),active cattery-breed association,FARUS,1006,https://xn--80a6adhc.xn--p1ai/catteries/95/1315.html,2026-09-09,Supply-side federation register; multi-breed catteries contribute once to each listed breed; no animal/litter counts; undated cards retained; unknown codes omitted
RU-FARUS-CATTERIES-2026-09-09,1315,1512/М/25 OAK,SFS,Scottish Fold,VBO:0100209,exact,1,Russia (records with explicit foreign address excluded),active cattery-breed association,FARUS,1006,https://xn--80a6adhc.xn--p1ai/catteries/95/1315.html,2026-09-09,Supply-side federation register; multi-breed catteries contribute once to each listed breed; no animal/litter counts; undated cards retained; unknown codes omitted
RU-FARUS-CATTERIES-2026-09-09,1316,1513/КрН/25 AristoCat`s,SCS,Scottish Straight,VBO:0100213,exact,1,Russia (records with explicit foreign address excluded),active cattery-breed association,FARUS,1006,https://xn--80a6adhc.xn--p1ai/catteries/95/1316.html,2026-09-09,Supply-side federation register; multi-breed catteries contribute once to each listed breed; no animal/litter counts; undated cards retained; unknown codes omitted
RU-FARUS-CATTERIES-2026-09-09,1316,1513/КрН/25 AristoCat`s,SFS,Scottish Fold,VBO:0100209,exact,1,Russia (records with explicit foreign address excluded),active cattery-breed association,FARUS,1006,https://xn--80a6adhc.xn--p1ai/catteries/95/1316.html,2026-09-09,Supply-side federation register; multi-breed catteries contribute once to each listed breed; no animal/litter counts; undated cards retained; unknown codes omitted
RU-FARUS-CATTERIES-2026-09-09,1317,1514/РД/25 FISHEL,DWF,Dwelf,VBO:0100089,exact,1,Russia (records with explicit foreign address excluded),active cattery-breed association,FARUS,1006,https://xn--80a6adhc.xn--p1ai/catteries/95/1317.html,2026-09-09,Supply-side federation register; multi-breed catteries contribute once to each listed breed; no animal/litter counts; undated cards retained; unknown codes omitted
RU-FARUS-CATTERIES-2026-09-09,1317,1514/РД/25 FISHEL,ELF,Elf,VBO:0100091,exact,1,Russia (records with explicit foreign address excluded),active cattery-breed association,FARUS,1006,https://xn--80a6adhc.xn--p1ai/catteries/95/1317.html,2026-09-09,Supply-side federation register; multi-breed catteries contribute once to each listed breed; no animal/litter counts; undated cards retained; unknown codes omitted
RU-FARUS-CATTERIES-2026-09-09,1319,1515/Уф/25 IZ DOMA FILIPPOVYKH,DSX,Donskoy,VBO:0100086,exact,1,Russia (records with explicit foreign address excluded),active cattery-breed association,FARUS,1006,https://xn--80a6adhc.xn--p1ai/catteries/110/1319.html,2026-09-09,Supply-side federation register; multi-breed catteries contribute once to each listed breed; no animal/litter counts; undated cards retained; unknown codes omitted
RU-FARUS-CATTERIES-2026-09-09,1319,1515/Уф/25 IZ DOMA FILIPPOVYKH,PBD,Peterbald,VBO:0100189,exact,1,Russia (records with explicit foreign address excluded),active cattery-breed association,FARUS,1006,https://xn--80a6adhc.xn--p1ai/catteries/110/1319.html,2026-09-09,Supply-side federation register; multi-breed catteries contribute once to each listed breed; no animal/litter counts; undated cards retained; unknown codes omitted
RU-FARUS-CATTERIES-2026-09-09,1319,1515/Уф/25 IZ DOMA FILIPPOVYKH,ULV,Ukrainian Levkoy,VBO:0100252,exact,1,Russia (records with explicit foreign address excluded),active cattery-breed association,FARUS,1006,https://xn--80a6adhc.xn--p1ai/catteries/110/1319.html,2026-09-09,Supply-side federation register; multi-breed catteries contribute once to each listed breed; no animal/litter counts; undated cards retained; unknown codes omitted
RU-FARUS-CATTERIES-2026-09-09,1320,1516/Яр/25 Forever Charm,RAG,Ragdoll,VBO:0100196,exact,1,Russia (records with explicit foreign address excluded),active cattery-breed association,FARUS,1006,https://xn--80a6adhc.xn--p1ai/catteries/132/1320.html,2026-09-09,Supply-side federation register; multi-breed catteries contribute once to each listed breed; no animal/litter counts; undated cards retained; unknown codes omitted
RU-FARUS-CATTERIES-2026-09-09,1321,1517/М/25 Nekomata,OSH,Oriental Shorthair,VBO:0100184,exact,1,Russia (records with explicit foreign address excluded),active cattery-breed association,FARUS,1006,https://xn--80a6adhc.xn--p1ai/catteries/132/1321.html,2026-09-09,Supply-side federation register; multi-breed catteries contribute once to each listed breed; no animal/litter counts; undated cards retained; unknown codes omitted
RU-FARUS-CATTERIES-2026-09-09,1321,1517/М/25 Nekomata,SIA,Siamese,VBO:0100221,exact,1,Russia (records with explicit foreign address excluded),active cattery-breed association,FARUS,1006,https://xn--80a6adhc.xn--p1ai/catteries/132/1321.html,2026-09-09,Supply-side federation register; multi-breed catteries contribute once to each listed breed; no animal/litter counts; undated cards retained; unknown codes omitted
RU-FARUS-CATTERIES-2026-09-09,1322,1518/МОЩ/25 LaFleur Sauvage,OSH,Oriental Shorthair,VBO:0100184,exact,1,Russia (records with explicit foreign address excluded),active cattery-breed association,FARUS,1006,https://xn--80a6adhc.xn--p1ai/catteries/132/1322.html,2026-09-09,Supply-side federation register; multi-breed catteries contribute once to each listed breed; no animal/litter counts; undated cards retained; unknown codes omitted
RU-FARUS-CATTERIES-2026-09-09,1322,1518/МОЩ/25 LaFleur Sauvage,SIA,Siamese,VBO:0100221,exact,1,Russia (records with explicit foreign address excluded),active cattery-breed association,FARUS,1006,https://xn--80a6adhc.xn--p1ai/catteries/132/1322.html,2026-09-09,Supply-side federation register; multi-breed catteries contribute once to each listed breed; no animal/litter counts; undated cards retained; unknown codes omitted
RU-FARUS-CATTERIES-2026-09-09,1323,1519/М/25 Marvel Kittens-Dolls,RAG,Ragdoll,VBO:0100196,exact,1,Russia (records with explicit foreign address excluded),active cattery-breed association,FARUS,1006,https://xn--80a6adhc.xn--p1ai/catteries/132/1323.html,2026-09-09,Supply-side federation register; multi-breed catteries contribute once to each listed breed; no animal/litter counts; undated cards retained; unknown codes omitted
RU-FARUS-CATTERIES-2026-09-09,1324,1520/МОЧ/25 II Leone Del Re,MCO,Maine Coon,VBO:0100154,exact,1,Russia (records with explicit foreign address excluded),active cattery-breed association,FARUS,1006,https://xn--80a6adhc.xn--p1ai/catteries/132/1324.html,2026-09-09,Supply-side federation register; multi-breed catteries contribute once to each listed breed; no animal/litter counts; undated cards retained; unknown codes omitted
RU-FARUS-CATTERIES-2026-09-09,1324,1520/МОЧ/25 II Leone Del Re,MCP,Maine Coon Polydactyl,VBO:0100155,exact,1,Russia (records with explicit foreign address excluded),active cattery-breed association,FARUS,1006,https://xn--80a6adhc.xn--p1ai/catteries/132/1324.html,2026-09-09,Supply-side federation register; multi-breed catteries contribute once to each listed breed; no animal/litter counts; undated cards retained; unknown codes omitted
RU-FARUS-CATTERIES-2026-09-09,1325,1521/МОМ/25 RICHVENI,BUR,Burmese,VBO:0100053,exact,1,Russia (records with explicit foreign address excluded),active cattery-breed association,FARUS,1006,https://xn--80a6adhc.xn--p1ai/catteries/132/1325.html,2026-09-09,Supply-side federation register; multi-breed catteries contribute once to each listed breed; no animal/litter counts; undated cards retained; unknown codes omitted
RU-FARUS-CATTERIES-2026-09-09,1326,1522/В/25 CatLez,BLH,British Longhair,VBO:0100051,exact,1,Russia (records with explicit foreign address excluded),active cattery-breed association,FARUS,1006,https://xn--80a6adhc.xn--p1ai/catteries/132/1326.html,2026-09-09,Supply-side federation register; multi-breed catteries contribute once to each listed breed; no animal/litter counts; undated cards retained; unknown codes omitted
RU-FARUS-CATTERIES-2026-09-09,1326,1522/В/25 CatLez,BRI,British Shorthair,VBO:0100052,exact,1,Russia (records with explicit foreign address excluded),active cattery-breed association,FARUS,1006,https://xn--80a6adhc.xn--p1ai/catteries/132/1326.html,2026-09-09,Supply-side federation register; multi-breed catteries contribute once to each listed breed; no animal/litter counts; undated cards retained; unknown codes omitted
RU-FARUS-CATTERIES-2026-09-09,1327,1523/М/25 Kaprice-multipla-s,CRX,Cornish Rex,VBO:0100077,exact,1,Russia (records with explicit foreign address excluded),active cattery-breed association,FARUS,1006,https://xn--80a6adhc.xn--p1ai/catteries/132/1327.html,2026-09-09,Supply-side federation register; multi-breed catteries contribute once to each listed breed; no animal/litter counts; undated cards retained; unknown codes omitted
RU-FARUS-CATTERIES-2026-09-09,1328,1524/МООЗ/25 GlaMurr,MCO,Maine Coon,VBO:0100154,exact,1,Russia (records with explicit foreign address excluded),active cattery-breed association,FARUS,1006,https://xn--80a6adhc.xn--p1ai/catteries/132/1328.html,2026-09-09,Supply-side federation register; multi-breed catteries contribute once to each listed breed; no animal/litter counts; undated cards retained; unknown codes omitted
RU-FARUS-CATTERIES-2026-09-09,1328,1524/МООЗ/25 GlaMurr,MCP,Maine Coon Polydactyl,VBO:0100155,exact,1,Russia (records with explicit foreign address excluded),active cattery-breed association,FARUS,1006,https://xn--80a6adhc.xn--p1ai/catteries/132/1328.html,2026-09-09,Supply-side federation register; multi-breed catteries contribute once to each listed breed; no animal/litter counts; undated cards retained; unknown codes omitted
RU-FARUS-CATTERIES-2026-09-09,1329,1525/М/25 Akintana,CRX,Cornish Rex,VBO:0100077,exact,1,Russia (records with explicit foreign address excluded),active cattery-breed association,FARUS,1006,https://xn--80a6adhc.xn--p1ai/catteries/132/1329.html,2026-09-09,Supply-side federation register; multi-breed catteries contribute once to each listed breed; no animal/litter counts; undated cards retained; unknown codes omitted
RU-FARUS-CATTERIES-2026-09-09,1330,1526/В/25 Spektrum Sirius,RAG,Ragdoll,VBO:0100196,exact,1,Russia (records with explicit foreign address excluded),active cattery-breed association,FARUS,1006,https://xn--80a6adhc.xn--p1ai/catteries/132/1330.html,2026-09-09,Supply-side federation register; multi-breed catteries contribute once to each listed breed; no animal/litter counts; undated cards retained; unknown codes omitted
RU-FARUS-CATTERIES-2026-09-09,1331,1527/М/25 Mil & Danbur,BUR,Burmese,VBO:0100053,exact,1,Russia (records with explicit foreign address excluded),active cattery-breed association,FARUS,1006,https://xn--80a6adhc.xn--p1ai/catteries/132/1331.html,2026-09-09,Supply-side federation register; multi-breed catteries contribute once to each listed breed; no animal/litter counts; undated cards retained; unknown codes omitted
RU-FARUS-CATTERIES-2026-09-09,1332,1528/В/25 Urban Fox,BUR,Burmese,VBO:0100053,exact,1,Russia (records with explicit foreign address excluded),active cattery-breed association,FARUS,1006,https://xn--80a6adhc.xn--p1ai/catteries/132/1332.html,2026-09-09,Supply-side federation register; multi-breed catteries contribute once to each listed breed; no animal/litter counts; undated cards retained; unknown codes omitted
RU-FARUS-CATTERIES-2026-09-09,1333,1529/М/25 MysticRex,CRX,Cornish Rex,VBO:0100077,exact,1,Russia (records with explicit foreign address excluded),active cattery-breed association,FARUS,1006,https://xn--80a6adhc.xn--p1ai/catteries/132/1333.html,2026-09-09,Supply-side federation register; multi-breed catteries contribute once to each listed breed; no animal/litter counts; undated cards retained; unknown codes omitted
RU-FARUS-CATTERIES-2026-09-09,1334,1530/С-П/25 Vittory,MCO,Maine Coon,VBO:0100154,exact,1,Russia (records with explicit foreign address excluded),active cattery-breed association,FARUS,1006,https://xn--80a6adhc.xn--p1ai/catteries/115/1334.html,2026-09-09,Supply-side federation register; multi-breed catteries contribute once to each listed breed; no animal/litter counts; undated cards retained; unknown codes omitted
RU-FARUS-CATTERIES-2026-09-09,1335,1531/С-П/25 Asterial,MCO,Maine Coon,VBO:0100154,exact,1,Russia (records with explicit foreign address excluded),active cattery-breed association,FARUS,1006,https://xn--80a6adhc.xn--p1ai/catteries/115/1335.html,2026-09-09,Supply-side federation register; multi-breed catteries contribute once to each listed breed; no animal/litter counts; undated cards retained; unknown codes omitted
RU-FARUS-CATTERIES-2026-09-09,1336,1532/С-П/25 HOBBIT`S,MNS,"Munchkin (Munchk), Short-Haired",VBO:0100303,exact,1,Russia (records with explicit foreign address excluded),active cattery-breed association,FARUS,1006,https://xn--80a6adhc.xn--p1ai/catteries/115/1336.html,2026-09-09,Supply-side federation register; multi-breed catteries contribute once to each listed breed; no animal/litter counts; undated cards retained; unknown codes omitted
RU-FARUS-CATTERIES-2026-09-09,1337,1533/С-П/25 Mon Valeur,ABY,Abyssinian,VBO:0100000,exact,1,Russia (records with explicit foreign address excluded),active cattery-breed association,FARUS,1006,https://xn--80a6adhc.xn--p1ai/catteries/115/1337.html,2026-09-09,Supply-side federation register; multi-breed catteries contribute once to each listed breed; no animal/litter counts; undated cards retained; unknown codes omitted
RU-FARUS-CATTERIES-2026-09-09,1337,1533/С-П/25 Mon Valeur,DSX,Donskoy,VBO:0100086,exact,1,Russia (records with explicit foreign address excluded),active cattery-breed association,FARUS,1006,https://xn--80a6adhc.xn--p1ai/catteries/115/1337.html,2026-09-09,Supply-side federation register; multi-breed catteries contribute once to each listed breed; no animal/litter counts; undated cards retained; unknown codes omitted
RU-FARUS-CATTERIES-2026-09-09,1337,1533/С-П/25 Mon Valeur,SOM,Somali,VBO:0100229,exact,1,Russia (records with explicit foreign address excluded),active cattery-breed association,FARUS,1006,https://xn--80a6adhc.xn--p1ai/catteries/115/1337.html,2026-09-09,Supply-side federation register; multi-breed catteries contribute once to each listed breed; no animal/litter counts; undated cards retained; unknown codes omitted
RU-FARUS-CATTERIES-2026-09-09,1338,1534/ЛОП/25 Hermitage (Эрмитаж),DSX,Donskoy,VBO:0100086,exact,1,Russia (records with explicit foreign address excluded),active cattery-breed association,FARUS,1006,https://xn--80a6adhc.xn--p1ai/catteries/115/1338.html,2026-09-09,Supply-side federation register; multi-breed catteries contribute once to each listed breed; no animal/litter counts; undated cards retained; unknown codes omitted
RU-FARUS-CATTERIES-2026-09-09,1339,1535/С-П/25 Nord-Westeros,PER,Persian,VBO:0100188,exact,1,Russia (records with explicit foreign address excluded),active cattery-breed association,FARUS,1006,https://xn--80a6adhc.xn--p1ai/catteries/108/1339.html,2026-09-09,Supply-side federation register; multi-breed catteries contribute once to each listed breed; no animal/litter counts; undated cards retained; unknown codes omitted
RU-FARUS-CATTERIES-2026-09-09,134,RUS-SETA,STB,Toybob,VBO:0100244,exact,1,Russia (records with explicit foreign address excluded),active cattery-breed association,FARUS,1006,https://xn--80a6adhc.xn--p1ai/catteries/83/134.html,2026-09-09,Supply-side federation register; multi-breed catteries contribute once to each listed breed; no animal/litter counts; undated cards retained; unknown codes omitted
RU-FARUS-CATTERIES-2026-09-09,1340,1536/Ом/25 MurGlomour,BEN,Bengal,VBO:0100040,exact,1,Russia (records with explicit foreign address excluded),active cattery-breed association,FARUS,1006,https://xn--80a6adhc.xn--p1ai/catteries/107/1340.html,2026-09-09,Supply-side federation register; multi-breed catteries contribute once to each listed breed; no animal/litter counts; undated cards retained; unknown codes omitted
RU-FARUS-CATTERIES-2026-09-09,1340,1536/Ом/25 MurGlomour,DRX,Devon Rex,VBO:0100084,exact,1,Russia (records with explicit foreign address excluded),active cattery-breed association,FARUS,1006,https://xn--80a6adhc.xn--p1ai/catteries/107/1340.html,2026-09-09,Supply-side federation register; multi-breed catteries contribute once to each listed breed; no animal/litter counts; undated cards retained; unknown codes omitted
RU-FARUS-CATTERIES-2026-09-09,1340,1536/Ом/25 MurGlomour,OSH,Oriental Shorthair,VBO:0100184,exact,1,Russia (records with explicit foreign address excluded),active cattery-breed association,FARUS,1006,https://xn--80a6adhc.xn--p1ai/catteries/107/1340.html,2026-09-09,Supply-side federation register; multi-breed catteries contribute once to each listed breed; no animal/litter counts; undated cards retained; unknown codes omitted
RU-FARUS-CATTERIES-2026-09-09,1341,1537/С-П/25 Charms Neva,BUR,Burmese,VBO:0100053,exact,1,Russia (records with explicit foreign address excluded),active cattery-breed association,FARUS,1006,https://xn--80a6adhc.xn--p1ai/catteries/102/1341.html,2026-09-09,Supply-side federation register; multi-breed catteries contribute once to each listed breed; no animal/litter counts; undated cards retained; unknown codes omitted
RU-FARUS-CATTERIES-2026-09-09,1342,1538/Ом/25 Arnika Benamur,BEN,Bengal,VBO:0100040,exact,1,Russia (records with explicit foreign address excluded),active cattery-breed association,FARUS,1006,https://xn--80a6adhc.xn--p1ai/catteries/126/1342.html,2026-09-09,Supply-side federation register; multi-breed catteries contribute once to each listed breed; no animal/litter counts; undated cards retained; unknown codes omitted
RU-FARUS-CATTERIES-2026-09-09,1343,1539/С-П/25 Bur-mur,BUR,Burmese,VBO:0100053,exact,1,Russia (records with explicit foreign address excluded),active cattery-breed association,FARUS,1006,https://xn--80a6adhc.xn--p1ai/catteries/99/1343.html,2026-09-09,Supply-side federation register; multi-breed catteries contribute once to each listed breed; no animal/litter counts; undated cards retained; unknown codes omitted
RU-FARUS-CATTERIES-2026-09-09,135,Restall,CRX,Cornish Rex,VBO:0100077,exact,1,Russia (records with explicit foreign address excluded),active cattery-breed association,FARUS,1006,https://xn--80a6adhc.xn--p1ai/catteries/83/135.html,2026-09-09,Supply-side federation register; multi-breed catteries contribute once to each listed breed; no animal/litter counts; undated cards retained; unknown codes omitted
RU-FARUS-CATTERIES-2026-09-09,135,Restall,SPH,Sphynx,VBO:0100230,exact,1,Russia (records with explicit foreign address excluded),active cattery-breed association,FARUS,1006,https://xn--80a6adhc.xn--p1ai/catteries/83/135.html,2026-09-09,Supply-side federation register; multi-breed catteries contribute once to each listed breed; no animal/litter counts; undated cards retained; unknown codes omitted
RU-FARUS-CATTERIES-2026-09-09,1350,1540/С-П/25 Fiery phoenix,OSH,Oriental Shorthair,VBO:0100184,exact,1,Russia (records with explicit foreign address excluded),active cattery-breed association,FARUS,1006,https://xn--80a6adhc.xn--p1ai/catteries/102/1350.html,2026-09-09,Supply-side federation register; multi-breed catteries contribute once to each listed breed; no animal/litter counts; undated cards retained; unknown codes omitted
RU-FARUS-CATTERIES-2026-09-09,1350,1540/С-П/25 Fiery phoenix,SIA,Siamese,VBO:0100221,exact,1,Russia (records with explicit foreign address excluded),active cattery-breed association,FARUS,1006,https://xn--80a6adhc.xn--p1ai/catteries/102/1350.html,2026-09-09,Supply-side federation register; multi-breed catteries contribute once to each listed breed; no animal/litter counts; undated cards retained; unknown codes omitted
RU-FARUS-CATTERIES-2026-09-09,1351,1541/М/25 MunkUsha,SCS,Scottish Straight,VBO:0100213,exact,1,Russia (records with explicit foreign address excluded),active cattery-breed association,FARUS,1006,https://xn--80a6adhc.xn--p1ai/catteries/95/1351.html,2026-09-09,Supply-side federation register; multi-breed catteries contribute once to each listed breed; no animal/litter counts; undated cards retained; unknown codes omitted
RU-FARUS-CATTERIES-2026-09-09,1351,1541/М/25 MunkUsha,SFS,Scottish Fold,VBO:0100209,exact,1,Russia (records with explicit foreign address excluded),active cattery-breed association,FARUS,1006,https://xn--80a6adhc.xn--p1ai/catteries/95/1351.html,2026-09-09,Supply-side federation register; multi-breed catteries contribute once to each listed breed; no animal/litter counts; undated cards retained; unknown codes omitted
RU-FARUS-CATTERIES-2026-09-09,1351,1541/М/25 MunkUsha,SKS,Selkirk Rex Shorthair,VBO:0100217,exact,1,Russia (records with explicit foreign address excluded),active cattery-breed association,FARUS,1006,https://xn--80a6adhc.xn--p1ai/catteries/95/1351.html,2026-09-09,Supply-side federation register; multi-breed catteries contribute once to each listed breed; no animal/litter counts; undated cards retained; unknown codes omitted
RU-FARUS-CATTERIES-2026-09-09,1352,1542/МОП/25 YaKsCoon,MCO,Maine Coon,VBO:0100154,exact,1,Russia (records with explicit foreign address excluded),active cattery-breed association,FARUS,1006,https://xn--80a6adhc.xn--p1ai/catteries/95/1352.html,2026-09-09,Supply-side federation register; multi-breed catteries contribute once to each listed breed; no animal/litter counts; undated cards retained; unknown codes omitted
RU-FARUS-CATTERIES-2026-09-09,1353,1543/РОЛ/25 FelisAurea,BLH,British Longhair,VBO:0100051,exact,1,Russia (records with explicit foreign address excluded),active cattery-breed association,FARUS,1006,https://xn--80a6adhc.xn--p1ai/catteries/128/1353.html,2026-09-09,Supply-side federation register; multi-breed catteries contribute once to each listed breed; no animal/litter counts; undated cards retained; unknown codes omitted
RU-FARUS-CATTERIES-2026-09-09,1353,1543/РОЛ/25 FelisAurea,BRI,British Shorthair,VBO:0100052,exact,1,Russia (records with explicit foreign address excluded),active cattery-breed association,FARUS,1006,https://xn--80a6adhc.xn--p1ai/catteries/128/1353.html,2026-09-09,Supply-side federation register; multi-breed catteries contribute once to each listed breed; no animal/litter counts; undated cards retained; unknown codes omitted
RU-FARUS-CATTERIES-2026-09-09,1353,1543/РОЛ/25 FelisAurea,MNS,"Munchkin (Munchk), Short-Haired",VBO:0100303,exact,1,Russia (records with explicit foreign address excluded),active cattery-breed association,FARUS,1006,https://xn--80a6adhc.xn--p1ai/catteries/128/1353.html,2026-09-09,Supply-side federation register; multi-breed catteries contribute once to each listed breed; no animal/litter counts; undated cards retained; unknown codes omitted
RU-FARUS-CATTERIES-2026-09-09,1353,1543/РОЛ/25 FelisAurea,SCL,Scottish Straight Longhair,VBO:0100214,exact,1,Russia (records with explicit foreign address excluded),active cattery-breed association,FARUS,1006,https://xn--80a6adhc.xn--p1ai/catteries/128/1353.html,2026-09-09,Supply-side federation register; multi-breed catteries contribute once to each listed breed; no animal/litter counts; undated cards retained; unknown codes omitted
RU-FARUS-CATTERIES-2026-09-09,1353,1543/РОЛ/25 FelisAurea,SCS,Scottish Straight,VBO:0100213,exact,1,Russia (records with explicit foreign address excluded),active cattery-breed association,FARUS,1006,https://xn--80a6adhc.xn--p1ai/catteries/128/1353.html,2026-09-09,Supply-side federation register; multi-breed catteries contribute once to each listed breed; no animal/litter counts; undated cards retained; unknown codes omitted
RU-FARUS-CATTERIES-2026-09-09,1353,1543/РОЛ/25 FelisAurea,SFL,Scottish Fold Longhair,VBO:0100210,exact,1,Russia (records with explicit foreign address excluded),active cattery-breed association,FARUS,1006,https://xn--80a6adhc.xn--p1ai/catteries/128/1353.html,2026-09-09,Supply-side federation register; multi-breed catteries contribute once to each listed breed; no animal/litter counts; undated cards retained; unknown codes omitted
RU-FARUS-CATTERIES-2026-09-09,1353,1543/РОЛ/25 FelisAurea,SFS,Scottish Fold,VBO:0100209,exact,1,Russia (records with explicit foreign address excluded),active cattery-breed association,FARUS,1006,https://xn--80a6adhc.xn--p1ai/catteries/128/1353.html,2026-09-09,Supply-side federation register; multi-breed catteries contribute once to each listed breed; no animal/litter counts; undated cards retained; unknown codes omitted
RU-FARUS-CATTERIES-2026-09-09,1353,1543/РОЛ/25 FelisAurea,SKS,Selkirk Rex Shorthair,VBO:0100217,exact,1,Russia (records with explicit foreign address excluded),active cattery-breed association,FARUS,1006,https://xn--80a6adhc.xn--p1ai/catteries/128/1353.html,2026-09-09,Supply-side federation register; multi-breed catteries contribute once to each listed breed; no animal/litter counts; undated cards retained; unknown codes omitted
RU-FARUS-CATTERIES-2026-09-09,1354,1544/М/25 Snow,BEN,Bengal,VBO:0100040,exact,1,Russia (records with explicit foreign address excluded),active cattery-breed association,FARUS,1006,https://xn--80a6adhc.xn--p1ai/catteries/132/1354.html,2026-09-09,Supply-side federation register; multi-breed catteries contribute once to each listed breed; no animal/litter counts; undated cards retained; unknown codes omitted
RU-FARUS-CATTERIES-2026-09-09,1355,1545/МОН/25 Family of Golden Kittens,BLH,British Longhair,VBO:0100051,exact,1,Russia (records with explicit foreign address excluded),active cattery-breed association,FARUS,1006,https://xn--80a6adhc.xn--p1ai/catteries/132/1355.html,2026-09-09,Supply-side federation register; multi-breed catteries contribute once to each listed breed; no animal/litter counts; undated cards retained; unknown codes omitted
RU-FARUS-CATTERIES-2026-09-09,1355,1545/МОН/25 Family of Golden Kittens,BRI,British Shorthair,VBO:0100052,exact,1,Russia (records with explicit foreign address excluded),active cattery-breed association,FARUS,1006,https://xn--80a6adhc.xn--p1ai/catteries/132/1355.html,2026-09-09,Supply-side federation register; multi-breed catteries contribute once to each listed breed; no animal/litter counts; undated cards retained; unknown codes omitted
RU-FARUS-CATTERIES-2026-09-09,1356,1546/МОЛ/25 Lubavacats,BLH,British Longhair,VBO:0100051,exact,1,Russia (records with explicit foreign address excluded),active cattery-breed association,FARUS,1006,https://xn--80a6adhc.xn--p1ai/catteries/132/1356.html,2026-09-09,Supply-side federation register; multi-breed catteries contribute once to each listed breed; no animal/litter counts; undated cards retained; unknown codes omitted
RU-FARUS-CATTERIES-2026-09-09,1356,1546/МОЛ/25 Lubavacats,BRI,British Shorthair,VBO:0100052,exact,1,Russia (records with explicit foreign address excluded),active cattery-breed association,FARUS,1006,https://xn--80a6adhc.xn--p1ai/catteries/132/1356.html,2026-09-09,Supply-side federation register; multi-breed catteries contribute once to each listed breed; no animal/litter counts; undated cards retained; unknown codes omitted
RU-FARUS-CATTERIES-2026-09-09,1356,1546/МОЛ/25 Lubavacats,SCS,Scottish Straight,VBO:0100213,exact,1,Russia (records with explicit foreign address excluded),active cattery-breed association,FARUS,1006,https://xn--80a6adhc.xn--p1ai/catteries/132/1356.html,2026-09-09,Supply-side federation register; multi-breed catteries contribute once to each listed breed; no animal/litter counts; undated cards retained; unknown codes omitted
RU-FARUS-CATTERIES-2026-09-09,1356,1546/МОЛ/25 Lubavacats,SFS,Scottish Fold,VBO:0100209,exact,1,Russia (records with explicit foreign address excluded),active cattery-breed association,FARUS,1006,https://xn--80a6adhc.xn--p1ai/catteries/132/1356.html,2026-09-09,Supply-side federation register; multi-breed catteries contribute once to each listed breed; no animal/litter counts; undated cards retained; unknown codes omitted
RU-FARUS-CATTERIES-2026-09-09,1357,1547/Д/25 Panthera,BUR,Burmese,VBO:0100053,exact,1,Russia (records with explicit foreign address excluded),active cattery-breed association,FARUS,1006,https://xn--80a6adhc.xn--p1ai/catteries/132/1357.html,2026-09-09,Supply-side federation register; multi-breed catteries contribute once to each listed breed; no animal/litter counts; undated cards retained; unknown codes omitted
RU-FARUS-CATTERIES-2026-09-09,1358,1548/С-П/25 Velvet Grace,DRX,Devon Rex,VBO:0100084,exact,1,Russia (records with explicit foreign address excluded),active cattery-breed association,FARUS,1006,https://xn--80a6adhc.xn--p1ai/catteries/132/1358.html,2026-09-09,Supply-side federation register; multi-breed catteries contribute once to each listed breed; no animal/litter counts; undated cards retained; unknown codes omitted
RU-FARUS-CATTERIES-2026-09-09,1359,1549/М/25 Legacy Dolls,RAG,Ragdoll,VBO:0100196,exact,1,Russia (records with explicit foreign address excluded),active cattery-breed association,FARUS,1006,https://xn--80a6adhc.xn--p1ai/catteries/132/1359.html,2026-09-09,Supply-side federation register; multi-breed catteries contribute once to each listed breed; no animal/litter counts; undated cards retained; unknown codes omitted
RU-FARUS-CATTERIES-2026-09-09,1360,1550/В/25 Sunny Place,ABY,Abyssinian,VBO:0100000,exact,1,Russia (records with explicit foreign address excluded),active cattery-breed association,FARUS,1006,https://xn--80a6adhc.xn--p1ai/catteries/132/1360.html,2026-09-09,Supply-side federation register; multi-breed catteries contribute once to each listed breed; no animal/litter counts; undated cards retained; unknown codes omitted
RU-FARUS-CATTERIES-2026-09-09,1361,1551/МОР/25 Anse,OSH,Oriental Shorthair,VBO:0100184,exact,1,Russia (records with explicit foreign address excluded),active cattery-breed association,FARUS,1006,https://xn--80a6adhc.xn--p1ai/catteries/132/1361.html,2026-09-09,Supply-side federation register; multi-breed catteries contribute once to each listed breed; no animal/litter counts; undated cards retained; unknown codes omitted
RU-FARUS-CATTERIES-2026-09-09,1361,1551/МОР/25 Anse,SIA,Siamese,VBO:0100221,exact,1,Russia (records with explicit foreign address excluded),active cattery-breed association,FARUS,1006,https://xn--80a6adhc.xn--p1ai/catteries/132/1361.html,2026-09-09,Supply-side federation register; multi-breed catteries contribute once to each listed breed; no animal/litter counts; undated cards retained; unknown codes omitted
RU-FARUS-CATTERIES-2026-09-09,1362,1552/МОН/25 Lala Dream,SCL,Scottish Straight Longhair,VBO:0100214,exact,1,Russia (records with explicit foreign address excluded),active cattery-breed association,FARUS,1006,https://xn--80a6adhc.xn--p1ai/catteries/132/1362.html,2026-09-09,Supply-side federation register; multi-breed catteries contribute once to each listed breed; no animal/litter counts; undated cards retained; unknown codes omitted
RU-FARUS-CATTERIES-2026-09-09,1362,1552/МОН/25 Lala Dream,SCS,Scottish Straight,VBO:0100213,exact,1,Russia (records with explicit foreign address excluded),active cattery-breed association,FARUS,1006,https://xn--80a6adhc.xn--p1ai/catteries/132/1362.html,2026-09-09,Supply-side federation register; multi-breed catteries contribute once to each listed breed; no animal/litter counts; undated cards retained; unknown codes omitted
RU-FARUS-CATTERIES-2026-09-09,1362,1552/МОН/25 Lala Dream,SFL,Scottish Fold Longhair,VBO:0100210,exact,1,Russia (records with explicit foreign address excluded),active cattery-breed association,FARUS,1006,https://xn--80a6adhc.xn--p1ai/catteries/132/1362.html,2026-09-09,Supply-side federation register; multi-breed catteries contribute once to each listed breed; no animal/litter counts; undated cards retained; unknown codes omitted
RU-FARUS-CATTERIES-2026-09-09,1362,1552/МОН/25 Lala Dream,SFS,Scottish Fold,VBO:0100209,exact,1,Russia (records with explicit foreign address excluded),active cattery-breed association,FARUS,1006,https://xn--80a6adhc.xn--p1ai/catteries/132/1362.html,2026-09-09,Supply-side federation register; multi-breed catteries contribute once to each listed breed; no animal/litter counts; undated cards retained; unknown codes omitted
RU-FARUS-CATTERIES-2026-09-09,1363,1553/С-П/25 Kamelia Mon Ami,SCS,Scottish Straight,VBO:0100213,exact,1,Russia (records with explicit foreign address excluded),active cattery-breed association,FARUS,1006,https://xn--80a6adhc.xn--p1ai/catteries/130/1363.html,2026-09-09,Supply-side federation register; multi-breed catteries contribute once to each listed breed; no animal/litter counts; undated cards retained; unknown codes omitted
RU-FARUS-CATTERIES-2026-09-09,1363,1553/С-П/25 Kamelia Mon Ami,SFS,Scottish Fold,VBO:0100209,exact,1,Russia (records with explicit foreign address excluded),active cattery-breed association,FARUS,1006,https://xn--80a6adhc.xn--p1ai/catteries/130/1363.html,2026-09-09,Supply-side federation register; multi-breed catteries contribute once to each listed breed; no animal/litter counts; undated cards retained; unknown codes omitted
RU-FARUS-CATTERIES-2026-09-09,1364,1554/ЧелС/25 Shavi K`at`a,OSH,Oriental Shorthair,VBO:0100184,exact,1,Russia (records with explicit foreign address excluded),active cattery-breed association,FARUS,1006,https://xn--80a6adhc.xn--p1ai/catteries/98/1364.html,2026-09-09,Supply-side federation register; multi-breed catteries contribute once to each listed breed; no animal/litter counts; undated cards retained; unknown codes omitted
RU-FARUS-CATTERIES-2026-09-09,1365,1555/ТвО/25 Golden mist,BEN,Bengal,VBO:0100040,exact,1,Russia (records with explicit foreign address excluded),active cattery-breed association,FARUS,1006,https://xn--80a6adhc.xn--p1ai/catteries/98/1365.html,2026-09-09,Supply-side federation register; multi-breed catteries contribute once to each listed breed; no animal/litter counts; undated cards retained; unknown codes omitted
RU-FARUS-CATTERIES-2026-09-09,1365,1555/ТвО/25 Golden mist,OSH,Oriental Shorthair,VBO:0100184,exact,1,Russia (records with explicit foreign address excluded),active cattery-breed association,FARUS,1006,https://xn--80a6adhc.xn--p1ai/catteries/98/1365.html,2026-09-09,Supply-side federation register; multi-breed catteries contribute once to each listed breed; no animal/litter counts; undated cards retained; unknown codes omitted
RU-FARUS-CATTERIES-2026-09-09,1365,1555/ТвО/25 Golden mist,SIA,Siamese,VBO:0100221,exact,1,Russia (records with explicit foreign address excluded),active cattery-breed association,FARUS,1006,https://xn--80a6adhc.xn--p1ai/catteries/98/1365.html,2026-09-09,Supply-side federation register; multi-breed catteries contribute once to each listed breed; no animal/litter counts; undated cards retained; unknown codes omitted
RU-FARUS-CATTERIES-2026-09-09,1366,1569/С-П/25 King & people,BUR,Burmese,VBO:0100053,exact,1,Russia (records with explicit foreign address excluded),active cattery-breed association,FARUS,1006,https://xn--80a6adhc.xn--p1ai/catteries/99/1366.html,2026-09-09,Supply-side federation register; multi-breed catteries contribute once to each listed breed; no animal/litter counts; undated cards retained; unknown codes omitted
RU-FARUS-CATTERIES-2026-09-09,1367,1556/М/25 Na Kutuzovke,DRX,Devon Rex,VBO:0100084,exact,1,Russia (records with explicit foreign address excluded),active cattery-breed association,FARUS,1006,https://xn--80a6adhc.xn--p1ai/catteries/135/1367.html,2026-09-09,Supply-side federation register; multi-breed catteries contribute once to each listed breed; no animal/litter counts; undated cards retained; unknown codes omitted
RU-FARUS-CATTERIES-2026-09-09,1368,1557/М/25 Tulskie Tigri,BEN,Bengal,VBO:0100040,exact,1,Russia (records with explicit foreign address excluded),active cattery-breed association,FARUS,1006,https://xn--80a6adhc.xn--p1ai/catteries/135/1368.html,2026-09-09,Supply-side federation register; multi-breed catteries contribute once to each listed breed; no animal/litter counts; undated cards retained; unknown codes omitted
RU-FARUS-CATTERIES-2026-09-09,1369,1558/М/25 BENJAMIN,BEN,Bengal,VBO:0100040,exact,1,Russia (records with explicit foreign address excluded),active cattery-breed association,FARUS,1006,https://xn--80a6adhc.xn--p1ai/catteries/135/1369.html,2026-09-09,Supply-side federation register; multi-breed catteries contribute once to each listed breed; no animal/litter counts; undated cards retained; unknown codes omitted
RU-FARUS-CATTERIES-2026-09-09,1370,1559/М/25 Akkedi,TUA,Turkish Angora,VBO:0100249,exact,1,Russia (records with explicit foreign address excluded),active cattery-breed association,FARUS,1006,https://xn--80a6adhc.xn--p1ai/catteries/135/1370.html,2026-09-09,Supply-side federation register; multi-breed catteries contribute once to each listed breed; no animal/litter counts; undated cards retained; unknown codes omitted
RU-FARUS-CATTERIES-2026-09-09,1371,1560/М/25 Flaming Giant,ASH,American Shorthair,VBO:0100018,exact,1,Russia (records with explicit foreign address excluded),active cattery-breed association,FARUS,1006,https://xn--80a6adhc.xn--p1ai/catteries/135/1371.html,2026-09-09,Supply-side federation register; multi-breed catteries contribute once to each listed breed; no animal/litter counts; undated cards retained; unknown codes omitted
RU-FARUS-CATTERIES-2026-09-09,1372,1561/М/25 Space Ideality,SPH,Sphynx,VBO:0100230,exact,1,Russia (records with explicit foreign address excluded),active cattery-breed association,FARUS,1006,https://xn--80a6adhc.xn--p1ai/catteries/135/1372.html,2026-09-09,Supply-side federation register; multi-breed catteries contribute once to each listed breed; no animal/litter counts; undated cards retained; unknown codes omitted
RU-FARUS-CATTERIES-2026-09-09,1373,1562/М/25 Gregori Al Gato,BLH,British Longhair,VBO:0100051,exact,1,Russia (records with explicit foreign address excluded),active cattery-breed association,FARUS,1006,https://xn--80a6adhc.xn--p1ai/catteries/135/1373.html,2026-09-09,Supply-side federation register; multi-breed catteries contribute once to each listed breed; no animal/litter counts; undated cards retained; unknown codes omitted
RU-FARUS-CATTERIES-2026-09-09,1373,1562/М/25 Gregori Al Gato,BRI,British Shorthair,VBO:0100052,exact,1,Russia (records with explicit foreign address excluded),active cattery-breed association,FARUS,1006,https://xn--80a6adhc.xn--p1ai/catteries/135/1373.html,2026-09-09,Supply-side federation register; multi-breed catteries contribute once to each listed breed; no animal/litter counts; undated cards retained; unknown codes omitted
RU-FARUS-CATTERIES-2026-09-09,1374,1563/М/25 NORDWIND FOREST,MCO,Maine Coon,VBO:0100154,exact,1,Russia (records with explicit foreign address excluded),active cattery-breed association,FARUS,1006,https://xn--80a6adhc.xn--p1ai/catteries/135/1374.html,2026-09-09,Supply-side federation register; multi-breed catteries contribute once to each listed breed; no animal/litter counts; undated cards retained; unknown codes omitted
RU-FARUS-CATTERIES-2026-09-09,1374,1563/М/25 NORDWIND FOREST,MCP,Maine Coon Polydactyl,VBO:0100155,exact,1,Russia (records with explicit foreign address excluded),active cattery-breed association,FARUS,1006,https://xn--80a6adhc.xn--p1ai/catteries/135/1374.html,2026-09-09,Supply-side federation register; multi-breed catteries contribute once to each listed breed; no animal/litter counts; undated cards retained; unknown codes omitted
RU-FARUS-CATTERIES-2026-09-09,1375,1564/МОД/25 Fohat,BUR,Burmese,VBO:0100053,exact,1,Russia (records with explicit foreign address excluded),active cattery-breed association,FARUS,1006,https://xn--80a6adhc.xn--p1ai/catteries/135/1375.html,2026-09-09,Supply-side federation register; multi-breed catteries contribute once to each listed breed; no animal/litter counts; undated cards retained; unknown codes omitted
RU-FARUS-CATTERIES-2026-09-09,1376,1565/МОК/25 Filipuliya,BOM,Bombay,VBO:0100045,exact,1,Russia (records with explicit foreign address excluded),active cattery-breed association,FARUS,1006,https://xn--80a6adhc.xn--p1ai/catteries/135/1376.html,2026-09-09,Supply-side federation register; multi-breed catteries contribute once to each listed breed; no animal/litter counts; undated cards retained; unknown codes omitted
RU-FARUS-CATTERIES-2026-09-09,1376,1565/МОК/25 Filipuliya,BUR,Burmese,VBO:0100053,exact,1,Russia (records with explicit foreign address excluded),active cattery-breed association,FARUS,1006,https://xn--80a6adhc.xn--p1ai/catteries/135/1376.html,2026-09-09,Supply-side federation register; multi-breed catteries contribute once to each listed breed; no animal/litter counts; undated cards retained; unknown codes omitted
RU-FARUS-CATTERIES-2026-09-09,1376,1565/МОК/25 Filipuliya,DRX,Devon Rex,VBO:0100084,exact,1,Russia (records with explicit foreign address excluded),active cattery-breed association,FARUS,1006,https://xn--80a6adhc.xn--p1ai/catteries/135/1376.html,2026-09-09,Supply-side federation register; multi-breed catteries contribute once to each listed breed; no animal/litter counts; undated cards retained; unknown codes omitted
RU-FARUS-CATTERIES-2026-09-09,1376,1565/МОК/25 Filipuliya,RAG,Ragdoll,VBO:0100196,exact,1,Russia (records with explicit foreign address excluded),active cattery-breed association,FARUS,1006,https://xn--80a6adhc.xn--p1ai/catteries/135/1376.html,2026-09-09,Supply-side federation register; multi-breed catteries contribute once to each listed breed; no animal/litter counts; undated cards retained; unknown codes omitted
RU-FARUS-CATTERIES-2026-09-09,1377,1566/МОК/25 MagicEyesCoons,MCO,Maine Coon,VBO:0100154,exact,1,Russia (records with explicit foreign address excluded),active cattery-breed association,FARUS,1006,https://xn--80a6adhc.xn--p1ai/catteries/135/1377.html,2026-09-09,Supply-side federation register; multi-breed catteries contribute once to each listed breed; no animal/litter counts; undated cards retained; unknown codes omitted
RU-FARUS-CATTERIES-2026-09-09,1377,1566/МОК/25 MagicEyesCoons,MCP,Maine Coon Polydactyl,VBO:0100155,exact,1,Russia (records with explicit foreign address excluded),active cattery-breed association,FARUS,1006,https://xn--80a6adhc.xn--p1ai/catteries/135/1377.html,2026-09-09,Supply-side federation register; multi-breed catteries contribute once to each listed breed; no animal/litter counts; undated cards retained; unknown codes omitted
RU-FARUS-CATTERIES-2026-09-09,1378,1567/М/25 Snow Kiss,BEN,Bengal,VBO:0100040,exact,1,Russia (records with explicit foreign address excluded),active cattery-breed association,FARUS,1006,https://xn--80a6adhc.xn--p1ai/catteries/135/1378.html,2026-09-09,Supply-side federation register; multi-breed catteries contribute once to each listed breed; no animal/litter counts; undated cards retained; unknown codes omitted
RU-FARUS-CATTERIES-2026-09-09,1379,1568/МОИ/25 Wild Blood,BEN,Bengal,VBO:0100040,exact,1,Russia (records with explicit foreign address excluded),active cattery-breed association,FARUS,1006,https://xn--80a6adhc.xn--p1ai/catteries/135/1379.html,2026-09-09,Supply-side federation register; multi-breed catteries contribute once to each listed breed; no animal/litter counts; undated cards retained; unknown codes omitted
RU-FARUS-CATTERIES-2026-09-09,1385,115/К/22 BAGAN,BUR,Burmese,VBO:0100053,exact,1,Russia (records with explicit foreign address excluded),active cattery-breed association,FARUS,1006,https://xn--80a6adhc.xn--p1ai/catteries/116/1385.html,2026-09-09,Supply-side federation register; multi-breed catteries contribute once to each listed breed; no animal/litter counts; undated cards retained; unknown codes omitted
RU-FARUS-CATTERIES-2026-09-09,1386,159/К/22 NIGRETTA,SCS,Scottish Straight,VBO:0100213,exact,1,Russia (records with explicit foreign address excluded),active cattery-breed association,FARUS,1006,https://xn--80a6adhc.xn--p1ai/catteries/116/1386.html,2026-09-09,Supply-side federation register; multi-breed catteries contribute once to each listed breed; no animal/litter counts; undated cards retained; unknown codes omitted
RU-FARUS-CATTERIES-2026-09-09,1386,159/К/22 NIGRETTA,SFS,Scottish Fold,VBO:0100209,exact,1,Russia (records with explicit foreign address excluded),active cattery-breed association,FARUS,1006,https://xn--80a6adhc.xn--p1ai/catteries/116/1386.html,2026-09-09,Supply-side federation register; multi-breed catteries contribute once to each listed breed; no animal/litter counts; undated cards retained; unknown codes omitted
RU-FARUS-CATTERIES-2026-09-09,1387,182/К/22 SIMARGLA (СИМАРГЛА),BUR,Burmese,VBO:0100053,exact,1,Russia (records with explicit foreign address excluded),active cattery-breed association,FARUS,1006,https://xn--80a6adhc.xn--p1ai/catteries/116/1387.html,2026-09-09,Supply-side federation register; multi-breed catteries contribute once to each listed breed; no animal/litter counts; undated cards retained; unknown codes omitted
RU-FARUS-CATTERIES-2026-09-09,1401,1580/С-П/26 CRYSTAL OWL,SCS,Scottish Straight,VBO:0100213,exact,1,Russia (records with explicit foreign address excluded),active cattery-breed association,FARUS,1006,https://xn--80a6adhc.xn--p1ai/catteries/130/1401.html,2026-09-09,Supply-side federation register; multi-breed catteries contribute once to each listed breed; no animal/litter counts; undated cards retained; unknown codes omitted
RU-FARUS-CATTERIES-2026-09-09,1401,1580/С-П/26 CRYSTAL OWL,SFS,Scottish Fold,VBO:0100209,exact,1,Russia (records with explicit foreign address excluded),active cattery-breed association,FARUS,1006,https://xn--80a6adhc.xn--p1ai/catteries/130/1401.html,2026-09-09,Supply-side federation register; multi-breed catteries contribute once to each listed breed; no animal/litter counts; undated cards retained; unknown codes omitted
RU-FARUS-CATTERIES-2026-09-09,1402,1581/С-П/26 LATTI`S,SCS,Scottish Straight,VBO:0100213,exact,1,Russia (records with explicit foreign address excluded),active cattery-breed association,FARUS,1006,https://xn--80a6adhc.xn--p1ai/catteries/130/1402.html,2026-09-09,Supply-side federation register; multi-breed catteries contribute once to each listed breed; no animal/litter counts; undated cards retained; unknown codes omitted
RU-FARUS-CATTERIES-2026-09-09,1402,1581/С-П/26 LATTI`S,SFS,Scottish Fold,VBO:0100209,exact,1,Russia (records with explicit foreign address excluded),active cattery-breed association,FARUS,1006,https://xn--80a6adhc.xn--p1ai/catteries/130/1402.html,2026-09-09,Supply-side federation register; multi-breed catteries contribute once to each listed breed; no animal/litter counts; undated cards retained; unknown codes omitted
RU-FARUS-CATTERIES-2026-09-09,1403,1582/С-П/26 LinMur,SCL,Scottish Straight Longhair,VBO:0100214,exact,1,Russia (records with explicit foreign address excluded),active cattery-breed association,FARUS,1006,https://xn--80a6adhc.xn--p1ai/catteries/108/1403.html,2026-09-09,Supply-side federation register; multi-breed catteries contribute once to each listed breed; no animal/litter counts; undated cards retained; unknown codes omitted
RU-FARUS-CATTERIES-2026-09-09,1403,1582/С-П/26 LinMur,SCS,Scottish Straight,VBO:0100213,exact,1,Russia (records with explicit foreign address excluded),active cattery-breed association,FARUS,1006,https://xn--80a6adhc.xn--p1ai/catteries/108/1403.html,2026-09-09,Supply-side federation register; multi-breed catteries contribute once to each listed breed; no animal/litter counts; undated cards retained; unknown codes omitted
RU-FARUS-CATTERIES-2026-09-09,1403,1582/С-П/26 LinMur,SFL,Scottish Fold Longhair,VBO:0100210,exact,1,Russia (records with explicit foreign address excluded),active cattery-breed association,FARUS,1006,https://xn--80a6adhc.xn--p1ai/catteries/108/1403.html,2026-09-09,Supply-side federation register; multi-breed catteries contribute once to each listed breed; no animal/litter counts; undated cards retained; unknown codes omitted
RU-FARUS-CATTERIES-2026-09-09,1403,1582/С-П/26 LinMur,SFS,Scottish Fold,VBO:0100209,exact,1,Russia (records with explicit foreign address excluded),active cattery-breed association,FARUS,1006,https://xn--80a6adhc.xn--p1ai/catteries/108/1403.html,2026-09-09,Supply-side federation register; multi-breed catteries contribute once to each listed breed; no animal/litter counts; undated cards retained; unknown codes omitted
RU-FARUS-CATTERIES-2026-09-09,1404,1583/МОП/26 VELVETY TOUCH,ELF,Elf,VBO:0100091,exact,1,Russia (records with explicit foreign address excluded),active cattery-breed association,FARUS,1006,https://xn--80a6adhc.xn--p1ai/catteries/126/1404.html,2026-09-09,Supply-side federation register; multi-breed catteries contribute once to each listed breed; no animal/litter counts; undated cards retained; unknown codes omitted
RU-FARUS-CATTERIES-2026-09-09,1405,1584/Ом/26 9 Jiznei (9 жизней),ABY,Abyssinian,VBO:0100000,exact,1,Russia (records with explicit foreign address excluded),active cattery-breed association,FARUS,1006,https://xn--80a6adhc.xn--p1ai/catteries/126/1405.html,2026-09-09,Supply-side federation register; multi-breed catteries contribute once to each listed breed; no animal/litter counts; undated cards retained; unknown codes omitted
RU-FARUS-CATTERIES-2026-09-09,1406,1585/М/26 Spawn Point,KBL,Kurilian Bobtail Longhair,VBO:0100147,exact,1,Russia (records with explicit foreign address excluded),active cattery-breed association,FARUS,1006,https://xn--80a6adhc.xn--p1ai/catteries/126/1406.html,2026-09-09,Supply-side federation register; multi-breed catteries contribute once to each listed breed; no animal/litter counts; undated cards retained; unknown codes omitted
RU-FARUS-CATTERIES-2026-09-09,1406,1585/М/26 Spawn Point,KBS,Kurilian Bobtail Shorthair,VBO:0100148,exact,1,Russia (records with explicit foreign address excluded),active cattery-breed association,FARUS,1006,https://xn--80a6adhc.xn--p1ai/catteries/126/1406.html,2026-09-09,Supply-side federation register; multi-breed catteries contribute once to each listed breed; no animal/litter counts; undated cards retained; unknown codes omitted
RU-FARUS-CATTERIES-2026-09-09,1407,1586/МОСП/26 Golden House,BUR,Burmese,VBO:0100053,exact,1,Russia (records with explicit foreign address excluded),active cattery-breed association,FARUS,1006,https://xn--80a6adhc.xn--p1ai/catteries/132/1407.html,2026-09-09,Supply-side federation register; multi-breed catteries contribute once to each listed breed; no animal/litter counts; undated cards retained; unknown codes omitted
RU-FARUS-CATTERIES-2026-09-09,1408,1587/МОВ/26 StalinsStars,OSH,Oriental Shorthair,VBO:0100184,exact,1,Russia (records with explicit foreign address excluded),active cattery-breed association,FARUS,1006,https://xn--80a6adhc.xn--p1ai/catteries/132/1408.html,2026-09-09,Supply-side federation register; multi-breed catteries contribute once to each listed breed; no animal/litter counts; undated cards retained; unknown codes omitted
RU-FARUS-CATTERIES-2026-09-09,1408,1587/МОВ/26 StalinsStars,SIA,Siamese,VBO:0100221,exact,1,Russia (records with explicit foreign address excluded),active cattery-breed association,FARUS,1006,https://xn--80a6adhc.xn--p1ai/catteries/132/1408.html,2026-09-09,Supply-side federation register; multi-breed catteries contribute once to each listed breed; no animal/litter counts; undated cards retained; unknown codes omitted
RU-FARUS-CATTERIES-2026-09-09,1409,1588/МОЩ/26 Leopold Gold,BLH,British Longhair,VBO:0100051,exact,1,Russia (records with explicit foreign address excluded),active cattery-breed association,FARUS,1006,https://xn--80a6adhc.xn--p1ai/catteries/132/1409.html,2026-09-09,Supply-side federation register; multi-breed catteries contribute once to each listed breed; no animal/litter counts; undated cards retained; unknown codes omitted
RU-FARUS-CATTERIES-2026-09-09,1409,1588/МОЩ/26 Leopold Gold,BRI,British Shorthair,VBO:0100052,exact,1,Russia (records with explicit foreign address excluded),active cattery-breed association,FARUS,1006,https://xn--80a6adhc.xn--p1ai/catteries/132/1409.html,2026-09-09,Supply-side federation register; multi-breed catteries contribute once to each listed breed; no animal/litter counts; undated cards retained; unknown codes omitted
RU-FARUS-CATTERIES-2026-09-09,1410,1589/С-П/26 Shanti Burma SPB,BUR,Burmese,VBO:0100053,exact,1,Russia (records with explicit foreign address excluded),active cattery-breed association,FARUS,1006,https://xn--80a6adhc.xn--p1ai/catteries/100/1410.html,2026-09-09,Supply-side federation register; multi-breed catteries contribute once to each listed breed; no animal/litter counts; undated cards retained; unknown codes omitted
RU-FARUS-CATTERIES-2026-09-09,1411,1590/ЛОБК/26 Neonila Angels,BUR,Burmese,VBO:0100053,exact,1,Russia (records with explicit foreign address excluded),active cattery-breed association,FARUS,1006,https://xn--80a6adhc.xn--p1ai/catteries/100/1411.html,2026-09-09,Supply-side federation register; multi-breed catteries contribute once to each listed breed; no animal/litter counts; undated cards retained; unknown codes omitted
RU-FARUS-CATTERIES-2026-09-09,1413,1592/ЛОП/26 Grand Rouge,MCO,Maine Coon,VBO:0100154,exact,1,Russia (records with explicit foreign address excluded),active cattery-breed association,FARUS,1006,https://xn--80a6adhc.xn--p1ai/catteries/115/1413.html,2026-09-09,Supply-side federation register; multi-breed catteries contribute once to each listed breed; no animal/litter counts; undated cards retained; unknown codes omitted
RU-FARUS-CATTERIES-2026-09-09,1414,1593/ЛОГ/26 Cat`s Gang,MCO,Maine Coon,VBO:0100154,exact,1,Russia (records with explicit foreign address excluded),active cattery-breed association,FARUS,1006,https://xn--80a6adhc.xn--p1ai/catteries/115/1414.html,2026-09-09,Supply-side federation register; multi-breed catteries contribute once to each listed breed; no animal/litter counts; undated cards retained; unknown codes omitted
RU-FARUS-CATTERIES-2026-09-09,1415,1594/СПЛ/26 Don Terra*Li-N,DSX,Donskoy,VBO:0100086,exact,1,Russia (records with explicit foreign address excluded),active cattery-breed association,FARUS,1006,https://xn--80a6adhc.xn--p1ai/catteries/115/1415.html,2026-09-09,Supply-side federation register; multi-breed catteries contribute once to each listed breed; no animal/litter counts; undated cards retained; unknown codes omitted
RU-FARUS-CATTERIES-2026-09-09,1416,1595/КрЛ/26 Northern Flame,MCO,Maine Coon,VBO:0100154,exact,1,Russia (records with explicit foreign address excluded),active cattery-breed association,FARUS,1006,https://xn--80a6adhc.xn--p1ai/catteries/115/1416.html,2026-09-09,Supply-side federation register; multi-breed catteries contribute once to each listed breed; no animal/litter counts; undated cards retained; unknown codes omitted
RU-FARUS-CATTERIES-2026-09-09,1417,1596/ЧелМ/26 Beliy Lekar,MCO,Maine Coon,VBO:0100154,exact,1,Russia (records with explicit foreign address excluded),active cattery-breed association,FARUS,1006,https://xn--80a6adhc.xn--p1ai/catteries/95/1417.html,2026-09-09,Supply-side federation register; multi-breed catteries contribute once to each listed breed; no animal/litter counts; undated cards retained; unknown codes omitted
RU-FARUS-CATTERIES-2026-09-09,1418,1597/М/26 Energiya Zhizni,BRI,British Shorthair,VBO:0100052,exact,1,Russia (records with explicit foreign address excluded),active cattery-breed association,FARUS,1006,https://xn--80a6adhc.xn--p1ai/catteries/95/1418.html,2026-09-09,Supply-side federation register; multi-breed catteries contribute once to each listed breed; no animal/litter counts; undated cards retained; unknown codes omitted
RU-FARUS-CATTERIES-2026-09-09,1419,1598/М/26 COSMIC CAT,BRI,British Shorthair,VBO:0100052,exact,1,Russia (records with explicit foreign address excluded),active cattery-breed association,FARUS,1006,https://xn--80a6adhc.xn--p1ai/catteries/95/1419.html,2026-09-09,Supply-side federation register; multi-breed catteries contribute once to each listed breed; no animal/litter counts; undated cards retained; unknown codes omitted
RU-FARUS-CATTERIES-2026-09-09,1419,1598/М/26 COSMIC CAT,CRX,Cornish Rex,VBO:0100077,exact,1,Russia (records with explicit foreign address excluded),active cattery-breed association,FARUS,1006,https://xn--80a6adhc.xn--p1ai/catteries/95/1419.html,2026-09-09,Supply-side federation register; multi-breed catteries contribute once to each listed breed; no animal/litter counts; undated cards retained; unknown codes omitted
RU-FARUS-CATTERIES-2026-09-09,1419,1598/М/26 COSMIC CAT,DSX,Donskoy,VBO:0100086,exact,1,Russia (records with explicit foreign address excluded),active cattery-breed association,FARUS,1006,https://xn--80a6adhc.xn--p1ai/catteries/95/1419.html,2026-09-09,Supply-side federation register; multi-breed catteries contribute once to each listed breed; no animal/litter counts; undated cards retained; unknown codes omitted
RU-FARUS-CATTERIES-2026-09-09,1420,1599/М/26 Little Hurricane*RU,MIL,Minuet Longhair,VBO:0100164,exact,1,Russia (records with explicit foreign address excluded),active cattery-breed association,FARUS,1006,https://xn--80a6adhc.xn--p1ai/catteries/95/1420.html,2026-09-09,Supply-side federation register; multi-breed catteries contribute once to each listed breed; no animal/litter counts; undated cards retained; unknown codes omitted
RU-FARUS-CATTERIES-2026-09-09,1420,1599/М/26 Little Hurricane*RU,MIS,Minuet,VBO:0100163,exact,1,Russia (records with explicit foreign address excluded),active cattery-breed association,FARUS,1006,https://xn--80a6adhc.xn--p1ai/catteries/95/1420.html,2026-09-09,Supply-side federation register; multi-breed catteries contribute once to each listed breed; no animal/litter counts; undated cards retained; unknown codes omitted
RU-FARUS-CATTERIES-2026-09-09,1421,1600/МОС/26 ZI RYSECAT,MCO,Maine Coon,VBO:0100154,exact,1,Russia (records with explicit foreign address excluded),active cattery-breed association,FARUS,1006,https://xn--80a6adhc.xn--p1ai/catteries/95/1421.html,2026-09-09,Supply-side federation register; multi-breed catteries contribute once to each listed breed; no animal/litter counts; undated cards retained; unknown codes omitted
RU-FARUS-CATTERIES-2026-09-09,1421,1600/МОС/26 ZI RYSECAT,MCP,Maine Coon Polydactyl,VBO:0100155,exact,1,Russia (records with explicit foreign address excluded),active cattery-breed association,FARUS,1006,https://xn--80a6adhc.xn--p1ai/catteries/95/1421.html,2026-09-09,Supply-side federation register; multi-breed catteries contribute once to each listed breed; no animal/litter counts; undated cards retained; unknown codes omitted
RU-FARUS-CATTERIES-2026-09-09,1422,1601/МОС/26 OLVIMAR,BRI,British Shorthair,VBO:0100052,exact,1,Russia (records with explicit foreign address excluded),active cattery-breed association,FARUS,1006,https://xn--80a6adhc.xn--p1ai/catteries/95/1422.html,2026-09-09,Supply-side federation register; multi-breed catteries contribute once to each listed breed; no animal/litter counts; undated cards retained; unknown codes omitted
RU-FARUS-CATTERIES-2026-09-09,1423,1602/М/26 Leopoldo,DRX,Devon Rex,VBO:0100084,exact,1,Russia (records with explicit foreign address excluded),active cattery-breed association,FARUS,1006,https://xn--80a6adhc.xn--p1ai/catteries/95/1423.html,2026-09-09,Supply-side federation register; multi-breed catteries contribute once to each listed breed; no animal/litter counts; undated cards retained; unknown codes omitted
RU-FARUS-CATTERIES-2026-09-09,1424,1603/М/26 La moor d`amour,BRI,British Shorthair,VBO:0100052,exact,1,Russia (records with explicit foreign address excluded),active cattery-breed association,FARUS,1006,https://xn--80a6adhc.xn--p1ai/catteries/95/1424.html,2026-09-09,Supply-side federation register; multi-breed catteries contribute once to each listed breed; no animal/litter counts; undated cards retained; unknown codes omitted
RU-FARUS-CATTERIES-2026-09-09,1425,1604/К/26 BYBOZO,OSH,Oriental Shorthair,VBO:0100184,exact,1,Russia (records with explicit foreign address excluded),active cattery-breed association,FARUS,1006,https://xn--80a6adhc.xn--p1ai/catteries/116/1425.html,2026-09-09,Supply-side federation register; multi-breed catteries contribute once to each listed breed; no animal/litter counts; undated cards retained; unknown codes omitted
RU-FARUS-CATTERIES-2026-09-09,1426,1605/К/26 REDRAY,MCO,Maine Coon,VBO:0100154,exact,1,Russia (records with explicit foreign address excluded),active cattery-breed association,FARUS,1006,https://xn--80a6adhc.xn--p1ai/catteries/116/1426.html,2026-09-09,Supply-side federation register; multi-breed catteries contribute once to each listed breed; no animal/litter counts; undated cards retained; unknown codes omitted
RU-FARUS-CATTERIES-2026-09-09,1427,1606/КМ/26 From Vimavirs,MCO,Maine Coon,VBO:0100154,exact,1,Russia (records with explicit foreign address excluded),active cattery-breed association,FARUS,1006,https://xn--80a6adhc.xn--p1ai/catteries/116/1427.html,2026-09-09,Supply-side federation register; multi-breed catteries contribute once to each listed breed; no animal/litter counts; undated cards retained; unknown codes omitted
RU-FARUS-CATTERIES-2026-09-09,1428,1607/К/26 Of Milarienta,OSH,Oriental Shorthair,VBO:0100184,exact,1,Russia (records with explicit foreign address excluded),active cattery-breed association,FARUS,1006,https://xn--80a6adhc.xn--p1ai/catteries/116/1428.html,2026-09-09,Supply-side federation register; multi-breed catteries contribute once to each listed breed; no animal/litter counts; undated cards retained; unknown codes omitted
RU-FARUS-CATTERIES-2026-09-09,1429,1608/КО/26 Ex Oriente Lux,ABY,Abyssinian,VBO:0100000,exact,1,Russia (records with explicit foreign address excluded),active cattery-breed association,FARUS,1006,https://xn--80a6adhc.xn--p1ai/catteries/116/1429.html,2026-09-09,Supply-side federation register; multi-breed catteries contribute once to each listed breed; no animal/litter counts; undated cards retained; unknown codes omitted
RU-FARUS-CATTERIES-2026-09-09,1430,1609/МОА/26 Chivas Legacy,KBL,Kurilian Bobtail Longhair,VBO:0100147,exact,1,Russia (records with explicit foreign address excluded),active cattery-breed association,FARUS,1006,https://xn--80a6adhc.xn--p1ai/catteries/116/1430.html,2026-09-09,Supply-side federation register; multi-breed catteries contribute once to each listed breed; no animal/litter counts; undated cards retained; unknown codes omitted
RU-FARUS-CATTERIES-2026-09-09,1430,1609/МОА/26 Chivas Legacy,KBS,Kurilian Bobtail Shorthair,VBO:0100148,exact,1,Russia (records with explicit foreign address excluded),active cattery-breed association,FARUS,1006,https://xn--80a6adhc.xn--p1ai/catteries/116/1430.html,2026-09-09,Supply-side federation register; multi-breed catteries contribute once to each listed breed; no animal/litter counts; undated cards retained; unknown codes omitted
RU-FARUS-CATTERIES-2026-09-09,1431,1610/РББ/26 BASTET KIASS,BUR,Burmese,VBO:0100053,exact,1,Russia (records with explicit foreign address excluded),active cattery-breed association,FARUS,1006,https://xn--80a6adhc.xn--p1ai/catteries/98/1431.html,2026-09-09,Supply-side federation register; multi-breed catteries contribute once to each listed breed; no animal/litter counts; undated cards retained; unknown codes omitted
RU-FARUS-CATTERIES-2026-09-09,1431,1610/РББ/26 BASTET KIASS,MCO,Maine Coon,VBO:0100154,exact,1,Russia (records with explicit foreign address excluded),active cattery-breed association,FARUS,1006,https://xn--80a6adhc.xn--p1ai/catteries/98/1431.html,2026-09-09,Supply-side federation register; multi-breed catteries contribute once to each listed breed; no animal/litter counts; undated cards retained; unknown codes omitted
RU-FARUS-CATTERIES-2026-09-09,1432,1611/С-П/26 Pearl of Time,BUR,Burmese,VBO:0100053,exact,1,Russia (records with explicit foreign address excluded),active cattery-breed association,FARUS,1006,https://xn--80a6adhc.xn--p1ai/catteries/99/1432.html,2026-09-09,Supply-side federation register; multi-breed catteries contribute once to each listed breed; no animal/litter counts; undated cards retained; unknown codes omitted
RU-FARUS-CATTERIES-2026-09-09,1433,1612/М/26 Usatyi Nyan,BUR,Burmese,VBO:0100053,exact,1,Russia (records with explicit foreign address excluded),active cattery-breed association,FARUS,1006,https://xn--80a6adhc.xn--p1ai/catteries/132/1433.html,2026-09-09,Supply-side federation register; multi-breed catteries contribute once to each listed breed; no animal/litter counts; undated cards retained; unknown codes omitted
RU-FARUS-CATTERIES-2026-09-09,1434,1613/КОЛ/26 Amber Moonlight,BUR,Burmese,VBO:0100053,exact,1,Russia (records with explicit foreign address excluded),active cattery-breed association,FARUS,1006,https://xn--80a6adhc.xn--p1ai/catteries/102/1434.html,2026-09-09,Supply-side federation register; multi-breed catteries contribute once to each listed breed; no animal/litter counts; undated cards retained; unknown codes omitted
RU-FARUS-CATTERIES-2026-09-09,1437,1501/M/26 Leon Soleil,ABY,Abyssinian,VBO:0100000,exact,1,Russia (records with explicit foreign address excluded),active cattery-breed association,FARUS,1006,https://xn--80a6adhc.xn--p1ai/catteries/112/1437.html,2026-09-09,Supply-side federation register; multi-breed catteries contribute once to each listed breed; no animal/litter counts; undated cards retained; unknown codes omitted
RU-FARUS-CATTERIES-2026-09-09,1437,1501/M/26 Leon Soleil,CHS,Chausie,VBO:0100068,exact,1,Russia (records with explicit foreign address excluded),active cattery-breed association,FARUS,1006,https://xn--80a6adhc.xn--p1ai/catteries/112/1437.html,2026-09-09,Supply-side federation register; multi-breed catteries contribute once to each listed breed; no animal/litter counts; undated cards retained; unknown codes omitted
RU-FARUS-CATTERIES-2026-09-09,1438,1570/M/26 Delforika,BBN,Bambino,VBO:0100037,exact,1,Russia (records with explicit foreign address excluded),active cattery-breed association,FARUS,1006,https://xn--80a6adhc.xn--p1ai/catteries/112/1438.html,2026-09-09,Supply-side federation register; multi-breed catteries contribute once to each listed breed; no animal/litter counts; undated cards retained; unknown codes omitted
RU-FARUS-CATTERIES-2026-09-09,1438,1570/M/26 Delforika,DWF,Dwelf,VBO:0100089,exact,1,Russia (records with explicit foreign address excluded),active cattery-breed association,FARUS,1006,https://xn--80a6adhc.xn--p1ai/catteries/112/1438.html,2026-09-09,Supply-side federation register; multi-breed catteries contribute once to each listed breed; no animal/litter counts; undated cards retained; unknown codes omitted
RU-FARUS-CATTERIES-2026-09-09,1438,1570/M/26 Delforika,ELF,Elf,VBO:0100091,exact,1,Russia (records with explicit foreign address excluded),active cattery-breed association,FARUS,1006,https://xn--80a6adhc.xn--p1ai/catteries/112/1438.html,2026-09-09,Supply-side federation register; multi-breed catteries contribute once to each listed breed; no animal/litter counts; undated cards retained; unknown codes omitted
RU-FARUS-CATTERIES-2026-09-09,1438,1570/M/26 Delforika,ORI,Oriental Shorthair,VBO:0100184,exact,1,Russia (records with explicit foreign address excluded),active cattery-breed association,FARUS,1006,https://xn--80a6adhc.xn--p1ai/catteries/112/1438.html,2026-09-09,Supply-side federation register; multi-breed catteries contribute once to each listed breed; no animal/litter counts; undated cards retained; unknown codes omitted
RU-FARUS-CATTERIES-2026-09-09,1438,1570/M/26 Delforika,SIA,Siamese,VBO:0100221,exact,1,Russia (records with explicit foreign address excluded),active cattery-breed association,FARUS,1006,https://xn--80a6adhc.xn--p1ai/catteries/112/1438.html,2026-09-09,Supply-side federation register; multi-breed catteries contribute once to each listed breed; no animal/litter counts; undated cards retained; unknown codes omitted
RU-FARUS-CATTERIES-2026-09-09,1438,1570/M/26 Delforika,SPH,Sphynx,VBO:0100230,exact,1,Russia (records with explicit foreign address excluded),active cattery-breed association,FARUS,1006,https://xn--80a6adhc.xn--p1ai/catteries/112/1438.html,2026-09-09,Supply-side federation register; multi-breed catteries contribute once to each listed breed; no animal/litter counts; undated cards retained; unknown codes omitted
RU-FARUS-CATTERIES-2026-09-09,1439,1573/M/26 Abybrist,ABY,Abyssinian,VBO:0100000,exact,1,Russia (records with explicit foreign address excluded),active cattery-breed association,FARUS,1006,https://xn--80a6adhc.xn--p1ai/catteries/112/1439.html,2026-09-09,Supply-side federation register; multi-breed catteries contribute once to each listed breed; no animal/litter counts; undated cards retained; unknown codes omitted
RU-FARUS-CATTERIES-2026-09-09,1439,1573/M/26 Abybrist,BLH,British Longhair,VBO:0100051,exact,1,Russia (records with explicit foreign address excluded),active cattery-breed association,FARUS,1006,https://xn--80a6adhc.xn--p1ai/catteries/112/1439.html,2026-09-09,Supply-side federation register; multi-breed catteries contribute once to each listed breed; no animal/litter counts; undated cards retained; unknown codes omitted
RU-FARUS-CATTERIES-2026-09-09,1439,1573/M/26 Abybrist,BRI,British Shorthair,VBO:0100052,exact,1,Russia (records with explicit foreign address excluded),active cattery-breed association,FARUS,1006,https://xn--80a6adhc.xn--p1ai/catteries/112/1439.html,2026-09-09,Supply-side federation register; multi-breed catteries contribute once to each listed breed; no animal/litter counts; undated cards retained; unknown codes omitted
RU-FARUS-CATTERIES-2026-09-09,1440,1574/M/26 Wildaby Pride,ABY,Abyssinian,VBO:0100000,exact,1,Russia (records with explicit foreign address excluded),active cattery-breed association,FARUS,1006,https://xn--80a6adhc.xn--p1ai/catteries/112/1440.html,2026-09-09,Supply-side federation register; multi-breed catteries contribute once to each listed breed; no animal/litter counts; undated cards retained; unknown codes omitted
RU-FARUS-CATTERIES-2026-09-09,1441,1575/M/26 Bananza,ABY,Abyssinian,VBO:0100000,exact,1,Russia (records with explicit foreign address excluded),active cattery-breed association,FARUS,1006,https://xn--80a6adhc.xn--p1ai/catteries/112/1441.html,2026-09-09,Supply-side federation register; multi-breed catteries contribute once to each listed breed; no animal/litter counts; undated cards retained; unknown codes omitted
RU-FARUS-CATTERIES-2026-09-09,1458,1604/К/26 BYBOZO,OSH,Oriental Shorthair,VBO:0100184,exact,1,Russia (records with explicit foreign address excluded),active cattery-breed association,FARUS,1006,https://xn--80a6adhc.xn--p1ai/catteries/132/1458.html,2026-09-09,Supply-side federation register; multi-breed catteries contribute once to each listed breed; no animal/litter counts; undated cards retained; unknown codes omitted
RU-FARUS-CATTERIES-2026-09-09,1459,1614/МОЭ/26 My Praide,BUR,Burmese,VBO:0100053,exact,1,Russia (records with explicit foreign address excluded),active cattery-breed association,FARUS,1006,https://xn--80a6adhc.xn--p1ai/catteries/132/1459.html,2026-09-09,Supply-side federation register; multi-breed catteries contribute once to each listed breed; no animal/litter counts; undated cards retained; unknown codes omitted
RU-FARUS-CATTERIES-2026-09-09,1459,1614/МОЭ/26 My Praide,OSH,Oriental Shorthair,VBO:0100184,exact,1,Russia (records with explicit foreign address excluded),active cattery-breed association,FARUS,1006,https://xn--80a6adhc.xn--p1ai/catteries/132/1459.html,2026-09-09,Supply-side federation register; multi-breed catteries contribute once to each listed breed; no animal/litter counts; undated cards retained; unknown codes omitted
RU-FARUS-CATTERIES-2026-09-09,1459,1614/МОЭ/26 My Praide,SIA,Siamese,VBO:0100221,exact,1,Russia (records with explicit foreign address excluded),active cattery-breed association,FARUS,1006,https://xn--80a6adhc.xn--p1ai/catteries/132/1459.html,2026-09-09,Supply-side federation register; multi-breed catteries contribute once to each listed breed; no animal/litter counts; undated cards retained; unknown codes omitted
RU-FARUS-CATTERIES-2026-09-09,1460,1615/Яр/26 BENYOUSHEL,BEN,Bengal,VBO:0100040,exact,1,Russia (records with explicit foreign address excluded),active cattery-breed association,FARUS,1006,https://xn--80a6adhc.xn--p1ai/catteries/132/1460.html,2026-09-09,Supply-side federation register; multi-breed catteries contribute once to each listed breed; no animal/litter counts; undated cards retained; unknown codes omitted
RU-FARUS-CATTERIES-2026-09-09,1461,1616/В/26 Nebesnoe Sozdanie,BRI,British Shorthair,VBO:0100052,exact,1,Russia (records with explicit foreign address excluded),active cattery-breed association,FARUS,1006,https://xn--80a6adhc.xn--p1ai/catteries/132/1461.html,2026-09-09,Supply-side federation register; multi-breed catteries contribute once to each listed breed; no animal/litter counts; undated cards retained; unknown codes omitted
RU-FARUS-CATTERIES-2026-09-09,1462,1617/М/26 Beautiful Burmese2024,BUR,Burmese,VBO:0100053,exact,1,Russia (records with explicit foreign address excluded),active cattery-breed association,FARUS,1006,https://xn--80a6adhc.xn--p1ai/catteries/132/1462.html,2026-09-09,Supply-side federation register; multi-breed catteries contribute once to each listed breed; no animal/litter counts; undated cards retained; unknown codes omitted
RU-FARUS-CATTERIES-2026-09-09,1463,1618/МОО/26 Chloe,ABY,Abyssinian,VBO:0100000,exact,1,Russia (records with explicit foreign address excluded),active cattery-breed association,FARUS,1006,https://xn--80a6adhc.xn--p1ai/catteries/132/1463.html,2026-09-09,Supply-side federation register; multi-breed catteries contribute once to each listed breed; no animal/litter counts; undated cards retained; unknown codes omitted
RU-FARUS-CATTERIES-2026-09-09,1464,1619/Т/26 Royal Fisha,OSH,Oriental Shorthair,VBO:0100184,exact,1,Russia (records with explicit foreign address excluded),active cattery-breed association,FARUS,1006,https://xn--80a6adhc.xn--p1ai/catteries/107/1464.html,2026-09-09,Supply-side federation register; multi-breed catteries contribute once to each listed breed; no animal/litter counts; undated cards retained; unknown codes omitted
RU-FARUS-CATTERIES-2026-09-09,1465,1620/Л/26 Red & Black,MCO,Maine Coon,VBO:0100154,exact,1,Russia (records with explicit foreign address excluded),active cattery-breed association,FARUS,1006,https://xn--80a6adhc.xn--p1ai/catteries/113/1465.html,2026-09-09,Supply-side federation register; multi-breed catteries contribute once to each listed breed; no animal/litter counts; undated cards retained; unknown codes omitted
RU-FARUS-CATTERIES-2026-09-09,1466,1621/С-П/26 Kototsarstvo,RUS,Russian Blue,VBO:0100200,exact,1,Russia (records with explicit foreign address excluded),active cattery-breed association,FARUS,1006,https://xn--80a6adhc.xn--p1ai/catteries/100/1466.html,2026-09-09,Supply-side federation register; multi-breed catteries contribute once to each listed breed; no animal/litter counts; undated cards retained; unknown codes omitted
RU-FARUS-CATTERIES-2026-09-09,1467,1622/С-П/26 Kairos Cats,BUR,Burmese,VBO:0100053,exact,1,Russia (records with explicit foreign address excluded),active cattery-breed association,FARUS,1006,https://xn--80a6adhc.xn--p1ai/catteries/100/1467.html,2026-09-09,Supply-side federation register; multi-breed catteries contribute once to each listed breed; no animal/litter counts; undated cards retained; unknown codes omitted
RU-FARUS-CATTERIES-2026-09-09,1467,1622/С-П/26 Kairos Cats,DRX,Devon Rex,VBO:0100084,exact,1,Russia (records with explicit foreign address excluded),active cattery-breed association,FARUS,1006,https://xn--80a6adhc.xn--p1ai/catteries/100/1467.html,2026-09-09,Supply-side federation register; multi-breed catteries contribute once to each listed breed; no animal/litter counts; undated cards retained; unknown codes omitted
RU-FARUS-CATTERIES-2026-09-09,1468,1623/РБУ/26 Burma lovely pets,BUR,Burmese,VBO:0100053,exact,1,Russia (records with explicit foreign address excluded),active cattery-breed association,FARUS,1006,https://xn--80a6adhc.xn--p1ai/catteries/98/1468.html,2026-09-09,Supply-side federation register; multi-breed catteries contribute once to each listed breed; no animal/litter counts; undated cards retained; unknown codes omitted
RU-FARUS-CATTERIES-2026-09-09,1469,1624/СвЗ/26 Superbia atomica,BEN,Bengal,VBO:0100040,exact,1,Russia (records with explicit foreign address excluded),active cattery-breed association,FARUS,1006,https://xn--80a6adhc.xn--p1ai/catteries/98/1469.html,2026-09-09,Supply-side federation register; multi-breed catteries contribute once to each listed breed; no animal/litter counts; undated cards retained; unknown codes omitted
RU-FARUS-CATTERIES-2026-09-09,1469,1624/СвЗ/26 Superbia atomica,BUR,Burmese,VBO:0100053,exact,1,Russia (records with explicit foreign address excluded),active cattery-breed association,FARUS,1006,https://xn--80a6adhc.xn--p1ai/catteries/98/1469.html,2026-09-09,Supply-side federation register; multi-breed catteries contribute once to each listed breed; no animal/litter counts; undated cards retained; unknown codes omitted
RU-FARUS-CATTERIES-2026-09-09,1469,1624/СвЗ/26 Superbia atomica,OSH,Oriental Shorthair,VBO:0100184,exact,1,Russia (records with explicit foreign address excluded),active cattery-breed association,FARUS,1006,https://xn--80a6adhc.xn--p1ai/catteries/98/1469.html,2026-09-09,Supply-side federation register; multi-breed catteries contribute once to each listed breed; no animal/litter counts; undated cards retained; unknown codes omitted
RU-FARUS-CATTERIES-2026-09-09,1469,1624/СвЗ/26 Superbia atomica,SIA,Siamese,VBO:0100221,exact,1,Russia (records with explicit foreign address excluded),active cattery-breed association,FARUS,1006,https://xn--80a6adhc.xn--p1ai/catteries/98/1469.html,2026-09-09,Supply-side federation register; multi-breed catteries contribute once to each listed breed; no animal/litter counts; undated cards retained; unknown codes omitted
RU-FARUS-CATTERIES-2026-09-09,1470,1625/Неф/26 Lumina Aura,ELF,Elf,VBO:0100091,exact,1,Russia (records with explicit foreign address excluded),active cattery-breed association,FARUS,1006,https://xn--80a6adhc.xn--p1ai/catteries/126/1470.html,2026-09-09,Supply-side federation register; multi-breed catteries contribute once to each listed breed; no animal/litter counts; undated cards retained; unknown codes omitted
RU-FARUS-CATTERIES-2026-09-09,1471,1626/Ом/26 BeHappy,DRX,Devon Rex,VBO:0100084,exact,1,Russia (records with explicit foreign address excluded),active cattery-breed association,FARUS,1006,https://xn--80a6adhc.xn--p1ai/catteries/126/1471.html,2026-09-09,Supply-side federation register; multi-breed catteries contribute once to each listed breed; no animal/litter counts; undated cards retained; unknown codes omitted
RU-FARUS-CATTERIES-2026-09-09,1472,1627/Ом/26 Sly Performance,OSH,Oriental Shorthair,VBO:0100184,exact,1,Russia (records with explicit foreign address excluded),active cattery-breed association,FARUS,1006,https://xn--80a6adhc.xn--p1ai/catteries/126/1472.html,2026-09-09,Supply-side federation register; multi-breed catteries contribute once to each listed breed; no animal/litter counts; undated cards retained; unknown codes omitted
RU-FARUS-CATTERIES-2026-09-09,1473,1628/ТвР/26 Severnii Velikan (Северный Великан),MCO,Maine Coon,VBO:0100154,exact,1,Russia (records with explicit foreign address excluded),active cattery-breed association,FARUS,1006,https://xn--80a6adhc.xn--p1ai/catteries/126/1473.html,2026-09-09,Supply-side federation register; multi-breed catteries contribute once to each listed breed; no animal/litter counts; undated cards retained; unknown codes omitted
RU-FARUS-CATTERIES-2026-09-09,1474,1629/М/26 ZABAVA,OSH,Oriental Shorthair,VBO:0100184,exact,1,Russia (records with explicit foreign address excluded),active cattery-breed association,FARUS,1006,https://xn--80a6adhc.xn--p1ai/catteries/95/1474.html,2026-09-09,Supply-side federation register; multi-breed catteries contribute once to each listed breed; no animal/litter counts; undated cards retained; unknown codes omitted
RU-FARUS-CATTERIES-2026-09-09,1475,1630/М/26 Sunshine Imperium,BRI,British Shorthair,VBO:0100052,exact,1,Russia (records with explicit foreign address excluded),active cattery-breed association,FARUS,1006,https://xn--80a6adhc.xn--p1ai/catteries/95/1475.html,2026-09-09,Supply-side federation register; multi-breed catteries contribute once to each listed breed; no animal/litter counts; undated cards retained; unknown codes omitted
RU-FARUS-CATTERIES-2026-09-09,1476,1631/П/26 Waisienessa,BAM,Bambino,VBO:0100037,exact,1,Russia (records with explicit foreign address excluded),active cattery-breed association,FARUS,1006,https://xn--80a6adhc.xn--p1ai/catteries/95/1476.html,2026-09-09,Supply-side federation register; multi-breed catteries contribute once to each listed breed; no animal/litter counts; undated cards retained; unknown codes omitted
RU-FARUS-CATTERIES-2026-09-09,1476,1631/П/26 Waisienessa,DRX,Devon Rex,VBO:0100084,exact,1,Russia (records with explicit foreign address excluded),active cattery-breed association,FARUS,1006,https://xn--80a6adhc.xn--p1ai/catteries/95/1476.html,2026-09-09,Supply-side federation register; multi-breed catteries contribute once to each listed breed; no animal/litter counts; undated cards retained; unknown codes omitted
RU-FARUS-CATTERIES-2026-09-09,1476,1631/П/26 Waisienessa,SPH,Sphynx,VBO:0100230,exact,1,Russia (records with explicit foreign address excluded),active cattery-breed association,FARUS,1006,https://xn--80a6adhc.xn--p1ai/catteries/95/1476.html,2026-09-09,Supply-side federation register; multi-breed catteries contribute once to each listed breed; no animal/litter counts; undated cards retained; unknown codes omitted
RU-FARUS-CATTERIES-2026-09-09,1477,1632/М/26 Pure Gold line,BLH,British Longhair,VBO:0100051,exact,1,Russia (records with explicit foreign address excluded),active cattery-breed association,FARUS,1006,https://xn--80a6adhc.xn--p1ai/catteries/95/1477.html,2026-09-09,Supply-side federation register; multi-breed catteries contribute once to each listed breed; no animal/litter counts; undated cards retained; unknown codes omitted
RU-FARUS-CATTERIES-2026-09-09,1477,1632/М/26 Pure Gold line,BRI,British Shorthair,VBO:0100052,exact,1,Russia (records with explicit foreign address excluded),active cattery-breed association,FARUS,1006,https://xn--80a6adhc.xn--p1ai/catteries/95/1477.html,2026-09-09,Supply-side federation register; multi-breed catteries contribute once to each listed breed; no animal/litter counts; undated cards retained; unknown codes omitted
RU-FARUS-CATTERIES-2026-09-09,1478,1633/МОН/26 Simba,BUR,Burmese,VBO:0100053,exact,1,Russia (records with explicit foreign address excluded),active cattery-breed association,FARUS,1006,https://xn--80a6adhc.xn--p1ai/catteries/132/1478.html,2026-09-09,Supply-side federation register; multi-breed catteries contribute once to each listed breed; no animal/litter counts; undated cards retained; unknown codes omitted
RU-FARUS-CATTERIES-2026-09-09,1479,1634/РД/26 Velsia,OSH,Oriental Shorthair,VBO:0100184,exact,1,Russia (records with explicit foreign address excluded),active cattery-breed association,FARUS,1006,https://xn--80a6adhc.xn--p1ai/catteries/128/1479.html,2026-09-09,Supply-side federation register; multi-breed catteries contribute once to each listed breed; no animal/litter counts; undated cards retained; unknown codes omitted
RU-FARUS-CATTERIES-2026-09-09,1480,1635/НР/26 Di Noble Charm,BUR,Burmese,VBO:0100053,exact,1,Russia (records with explicit foreign address excluded),active cattery-breed association,FARUS,1006,https://xn--80a6adhc.xn--p1ai/catteries/110/1480.html,2026-09-09,Supply-side federation register; multi-breed catteries contribute once to each listed breed; no animal/litter counts; undated cards retained; unknown codes omitted
RU-FARUS-CATTERIES-2026-09-09,1481,1636/С-П/26 CAUDA BREVIS,KBL,Kurilian Bobtail Longhair,VBO:0100147,exact,1,Russia (records with explicit foreign address excluded),active cattery-breed association,FARUS,1006,https://xn--80a6adhc.xn--p1ai/catteries/100/1481.html,2026-09-09,Supply-side federation register; multi-breed catteries contribute once to each listed breed; no animal/litter counts; undated cards retained; unknown codes omitted
RU-FARUS-CATTERIES-2026-09-09,1481,1636/С-П/26 CAUDA BREVIS,KBS,Kurilian Bobtail Shorthair,VBO:0100148,exact,1,Russia (records with explicit foreign address excluded),active cattery-breed association,FARUS,1006,https://xn--80a6adhc.xn--p1ai/catteries/100/1481.html,2026-09-09,Supply-side federation register; multi-breed catteries contribute once to each listed breed; no animal/litter counts; undated cards retained; unknown codes omitted
RU-FARUS-CATTERIES-2026-09-09,1483,1637/С-П/26 Flame of love,ABY,Abyssinian,VBO:0100000,exact,1,Russia (records with explicit foreign address excluded),active cattery-breed association,FARUS,1006,https://xn--80a6adhc.xn--p1ai/catteries/130/1483.html,2026-09-09,Supply-side federation register; multi-breed catteries contribute once to each listed breed; no animal/litter counts; undated cards retained; unknown codes omitted
RU-FARUS-CATTERIES-2026-09-09,1484,1638/С-П/26 Saint Hunter,SCL,Scottish Straight Longhair,VBO:0100214,exact,1,Russia (records with explicit foreign address excluded),active cattery-breed association,FARUS,1006,https://xn--80a6adhc.xn--p1ai/catteries/108/1484.html,2026-09-09,Supply-side federation register; multi-breed catteries contribute once to each listed breed; no animal/litter counts; undated cards retained; unknown codes omitted
RU-FARUS-CATTERIES-2026-09-09,1484,1638/С-П/26 Saint Hunter,SCS,Scottish Straight,VBO:0100213,exact,1,Russia (records with explicit foreign address excluded),active cattery-breed association,FARUS,1006,https://xn--80a6adhc.xn--p1ai/catteries/108/1484.html,2026-09-09,Supply-side federation register; multi-breed catteries contribute once to each listed breed; no animal/litter counts; undated cards retained; unknown codes omitted
RU-FARUS-CATTERIES-2026-09-09,1484,1638/С-П/26 Saint Hunter,SFL,Scottish Fold Longhair,VBO:0100210,exact,1,Russia (records with explicit foreign address excluded),active cattery-breed association,FARUS,1006,https://xn--80a6adhc.xn--p1ai/catteries/108/1484.html,2026-09-09,Supply-side federation register; multi-breed catteries contribute once to each listed breed; no animal/litter counts; undated cards retained; unknown codes omitted
RU-FARUS-CATTERIES-2026-09-09,1484,1638/С-П/26 Saint Hunter,SFS,Scottish Fold,VBO:0100209,exact,1,Russia (records with explicit foreign address excluded),active cattery-breed association,FARUS,1006,https://xn--80a6adhc.xn--p1ai/catteries/108/1484.html,2026-09-09,Supply-side federation register; multi-breed catteries contribute once to each listed breed; no animal/litter counts; undated cards retained; unknown codes omitted
RU-FARUS-CATTERIES-2026-09-09,1485,1639/С-П/26 Evriel,BUR,Burmese,VBO:0100053,exact,1,Russia (records with explicit foreign address excluded),active cattery-breed association,FARUS,1006,https://xn--80a6adhc.xn--p1ai/catteries/99/1485.html,2026-09-09,Supply-side federation register; multi-breed catteries contribute once to each listed breed; no animal/litter counts; undated cards retained; unknown codes omitted
RU-FARUS-CATTERIES-2026-09-09,1486,1640/С-П/26 OreoSun,OSH,Oriental Shorthair,VBO:0100184,exact,1,Russia (records with explicit foreign address excluded),active cattery-breed association,FARUS,1006,https://xn--80a6adhc.xn--p1ai/catteries/99/1486.html,2026-09-09,Supply-side federation register; multi-breed catteries contribute once to each listed breed; no animal/litter counts; undated cards retained; unknown codes omitted
RU-FARUS-CATTERIES-2026-09-09,1487,1641/К/26 Mirkat munchkin (Миркет манчкин),BAM,Bambino,VBO:0100037,exact,1,Russia (records with explicit foreign address excluded),active cattery-breed association,FARUS,1006,https://xn--80a6adhc.xn--p1ai/catteries/126/1487.html,2026-09-09,Supply-side federation register; multi-breed catteries contribute once to each listed breed; no animal/litter counts; undated cards retained; unknown codes omitted
RU-FARUS-CATTERIES-2026-09-09,1487,1641/К/26 Mirkat munchkin (Миркет манчкин),MNL,Munchkin Longhair,VBO:0100170,exact,1,Russia (records with explicit foreign address excluded),active cattery-breed association,FARUS,1006,https://xn--80a6adhc.xn--p1ai/catteries/126/1487.html,2026-09-09,Supply-side federation register; multi-breed catteries contribute once to each listed breed; no animal/litter counts; undated cards retained; unknown codes omitted
RU-FARUS-CATTERIES-2026-09-09,1487,1641/К/26 Mirkat munchkin (Миркет манчкин),MNS,"Munchkin (Munchk), Short-Haired",VBO:0100303,exact,1,Russia (records with explicit foreign address excluded),active cattery-breed association,FARUS,1006,https://xn--80a6adhc.xn--p1ai/catteries/126/1487.html,2026-09-09,Supply-side federation register; multi-breed catteries contribute once to each listed breed; no animal/litter counts; undated cards retained; unknown codes omitted
RU-FARUS-CATTERIES-2026-09-09,1487,1641/К/26 Mirkat munchkin (Миркет манчкин),SKL,Selkirk Rex Longhair,VBO:0100216,exact,1,Russia (records with explicit foreign address excluded),active cattery-breed association,FARUS,1006,https://xn--80a6adhc.xn--p1ai/catteries/126/1487.html,2026-09-09,Supply-side federation register; multi-breed catteries contribute once to each listed breed; no animal/litter counts; undated cards retained; unknown codes omitted
RU-FARUS-CATTERIES-2026-09-09,1487,1641/К/26 Mirkat munchkin (Миркет манчкин),SKS,Selkirk Rex Shorthair,VBO:0100217,exact,1,Russia (records with explicit foreign address excluded),active cattery-breed association,FARUS,1006,https://xn--80a6adhc.xn--p1ai/catteries/126/1487.html,2026-09-09,Supply-side federation register; multi-breed catteries contribute once to each listed breed; no animal/litter counts; undated cards retained; unknown codes omitted
RU-FARUS-CATTERIES-2026-09-09,1488,1642/Т/26 Radiance of BenAbiBri (Сияние БенАбиБри),ABY,Abyssinian,VBO:0100000,exact,1,Russia (records with explicit foreign address excluded),active cattery-breed association,FARUS,1006,https://xn--80a6adhc.xn--p1ai/catteries/126/1488.html,2026-09-09,Supply-side federation register; multi-breed catteries contribute once to each listed breed; no animal/litter counts; undated cards retained; unknown codes omitted
RU-FARUS-CATTERIES-2026-09-09,1488,1642/Т/26 Radiance of BenAbiBri (Сияние БенАбиБри),BEN,Bengal,VBO:0100040,exact,1,Russia (records with explicit foreign address excluded),active cattery-breed association,FARUS,1006,https://xn--80a6adhc.xn--p1ai/catteries/126/1488.html,2026-09-09,Supply-side federation register; multi-breed catteries contribute once to each listed breed; no animal/litter counts; undated cards retained; unknown codes omitted
RU-FARUS-CATTERIES-2026-09-09,1488,1642/Т/26 Radiance of BenAbiBri (Сияние БенАбиБри),BRI,British Shorthair,VBO:0100052,exact,1,Russia (records with explicit foreign address excluded),active cattery-breed association,FARUS,1006,https://xn--80a6adhc.xn--p1ai/catteries/126/1488.html,2026-09-09,Supply-side federation register; multi-breed catteries contribute once to each listed breed; no animal/litter counts; undated cards retained; unknown codes omitted
RU-FARUS-CATTERIES-2026-09-09,1489,1643/МОФ/26 NevadaGrand,MCO,Maine Coon,VBO:0100154,exact,1,Russia (records with explicit foreign address excluded),active cattery-breed association,FARUS,1006,https://xn--80a6adhc.xn--p1ai/catteries/119/1489.html,2026-09-09,Supply-side federation register; multi-breed catteries contribute once to each listed breed; no animal/litter counts; undated cards retained; unknown codes omitted
RU-FARUS-CATTERIES-2026-09-09,1489,1643/МОФ/26 NevadaGrand,MCP,Maine Coon Polydactyl,VBO:0100155,exact,1,Russia (records with explicit foreign address excluded),active cattery-breed association,FARUS,1006,https://xn--80a6adhc.xn--p1ai/catteries/119/1489.html,2026-09-09,Supply-side federation register; multi-breed catteries contribute once to each listed breed; no animal/litter counts; undated cards retained; unknown codes omitted
RU-FARUS-CATTERIES-2026-09-09,1490,1644/МОЛ/26 DollishCharm,RAG,Ragdoll,VBO:0100196,exact,1,Russia (records with explicit foreign address excluded),active cattery-breed association,FARUS,1006,https://xn--80a6adhc.xn--p1ai/catteries/132/1490.html,2026-09-09,Supply-side federation register; multi-breed catteries contribute once to each listed breed; no animal/litter counts; undated cards retained; unknown codes omitted
RU-FARUS-CATTERIES-2026-09-09,1491,1645/МОПС/26 Gurzuf Cats,BUR,Burmese,VBO:0100053,exact,1,Russia (records with explicit foreign address excluded),active cattery-breed association,FARUS,1006,https://xn--80a6adhc.xn--p1ai/catteries/132/1491.html,2026-09-09,Supply-side federation register; multi-breed catteries contribute once to each listed breed; no animal/litter counts; undated cards retained; unknown codes omitted
RU-FARUS-CATTERIES-2026-09-09,1492,1646/МОЭ/26 BETTY BEST,SCL,Scottish Straight Longhair,VBO:0100214,exact,1,Russia (records with explicit foreign address excluded),active cattery-breed association,FARUS,1006,https://xn--80a6adhc.xn--p1ai/catteries/132/1492.html,2026-09-09,Supply-side federation register; multi-breed catteries contribute once to each listed breed; no animal/litter counts; undated cards retained; unknown codes omitted
RU-FARUS-CATTERIES-2026-09-09,1492,1646/МОЭ/26 BETTY BEST,SCS,Scottish Straight,VBO:0100213,exact,1,Russia (records with explicit foreign address excluded),active cattery-breed association,FARUS,1006,https://xn--80a6adhc.xn--p1ai/catteries/132/1492.html,2026-09-09,Supply-side federation register; multi-breed catteries contribute once to each listed breed; no animal/litter counts; undated cards retained; unknown codes omitted
RU-FARUS-CATTERIES-2026-09-09,1492,1646/МОЭ/26 BETTY BEST,SFL,Scottish Fold Longhair,VBO:0100210,exact,1,Russia (records with explicit foreign address excluded),active cattery-breed association,FARUS,1006,https://xn--80a6adhc.xn--p1ai/catteries/132/1492.html,2026-09-09,Supply-side federation register; multi-breed catteries contribute once to each listed breed; no animal/litter counts; undated cards retained; unknown codes omitted
RU-FARUS-CATTERIES-2026-09-09,1492,1646/МОЭ/26 BETTY BEST,SFS,Scottish Fold,VBO:0100209,exact,1,Russia (records with explicit foreign address excluded),active cattery-breed association,FARUS,1006,https://xn--80a6adhc.xn--p1ai/catteries/132/1492.html,2026-09-09,Supply-side federation register; multi-breed catteries contribute once to each listed breed; no animal/litter counts; undated cards retained; unknown codes omitted
RU-FARUS-CATTERIES-2026-09-09,1493,1647/МОЭ/26 Holymoly Dream,DRX,Devon Rex,VBO:0100084,exact,1,Russia (records with explicit foreign address excluded),active cattery-breed association,FARUS,1006,https://xn--80a6adhc.xn--p1ai/catteries/132/1493.html,2026-09-09,Supply-side federation register; multi-breed catteries contribute once to each listed breed; no animal/litter counts; undated cards retained; unknown codes omitted
RU-FARUS-CATTERIES-2026-09-09,1494,1648/РУТ/26 El unico,ABY,Abyssinian,VBO:0100000,exact,1,Russia (records with explicit foreign address excluded),active cattery-breed association,FARUS,1006,https://xn--80a6adhc.xn--p1ai/catteries/106/1494.html,2026-09-09,Supply-side federation register; multi-breed catteries contribute once to each listed breed; no animal/litter counts; undated cards retained; unknown codes omitted
RU-FARUS-CATTERIES-2026-09-09,1494,1648/РУТ/26 El unico,BEN,Bengal,VBO:0100040,exact,1,Russia (records with explicit foreign address excluded),active cattery-breed association,FARUS,1006,https://xn--80a6adhc.xn--p1ai/catteries/106/1494.html,2026-09-09,Supply-side federation register; multi-breed catteries contribute once to each listed breed; no animal/litter counts; undated cards retained; unknown codes omitted
RU-FARUS-CATTERIES-2026-09-09,1494,1648/РУТ/26 El unico,MCO,Maine Coon,VBO:0100154,exact,1,Russia (records with explicit foreign address excluded),active cattery-breed association,FARUS,1006,https://xn--80a6adhc.xn--p1ai/catteries/106/1494.html,2026-09-09,Supply-side federation register; multi-breed catteries contribute once to each listed breed; no animal/litter counts; undated cards retained; unknown codes omitted
RU-FARUS-CATTERIES-2026-09-09,1501,1297/МОХ/25 Oriental Diamond,OSH,Oriental Shorthair,VBO:0100184,exact,1,Russia (records with explicit foreign address excluded),active cattery-breed association,FARUS,1006,https://xn--80a6adhc.xn--p1ai/catteries/95/1501.html,2026-09-09,Supply-side federation register; multi-breed catteries contribute once to each listed breed; no animal/litter counts; undated cards retained; unknown codes omitted
RU-FARUS-CATTERIES-2026-09-09,1501,1297/МОХ/25 Oriental Diamond,SIA,Siamese,VBO:0100221,exact,1,Russia (records with explicit foreign address excluded),active cattery-breed association,FARUS,1006,https://xn--80a6adhc.xn--p1ai/catteries/95/1501.html,2026-09-09,Supply-side federation register; multi-breed catteries contribute once to each listed breed; no animal/litter counts; undated cards retained; unknown codes omitted
RU-FARUS-CATTERIES-2026-09-09,1502,817/CК/26 Darling Star,BRI,British Shorthair,VBO:0100052,exact,1,Russia (records with explicit foreign address excluded),active cattery-breed association,FARUS,1006,https://xn--80a6adhc.xn--p1ai/catteries/128/1502.html,2026-09-09,Supply-side federation register; multi-breed catteries contribute once to each listed breed; no animal/litter counts; undated cards retained; unknown codes omitted
RU-FARUS-CATTERIES-2026-09-09,1502,817/CК/26 Darling Star,MNS,"Munchkin (Munchk), Short-Haired",VBO:0100303,exact,1,Russia (records with explicit foreign address excluded),active cattery-breed association,FARUS,1006,https://xn--80a6adhc.xn--p1ai/catteries/128/1502.html,2026-09-09,Supply-side federation register; multi-breed catteries contribute once to each listed breed; no animal/litter counts; undated cards retained; unknown codes omitted
RU-FARUS-CATTERIES-2026-09-09,1502,817/CК/26 Darling Star,SCS,Scottish Straight,VBO:0100213,exact,1,Russia (records with explicit foreign address excluded),active cattery-breed association,FARUS,1006,https://xn--80a6adhc.xn--p1ai/catteries/128/1502.html,2026-09-09,Supply-side federation register; multi-breed catteries contribute once to each listed breed; no animal/litter counts; undated cards retained; unknown codes omitted
RU-FARUS-CATTERIES-2026-09-09,1502,817/CК/26 Darling Star,SFS,Scottish Fold,VBO:0100209,exact,1,Russia (records with explicit foreign address excluded),active cattery-breed association,FARUS,1006,https://xn--80a6adhc.xn--p1ai/catteries/128/1502.html,2026-09-09,Supply-side federation register; multi-breed catteries contribute once to each listed breed; no animal/litter counts; undated cards retained; unknown codes omitted
RU-FARUS-CATTERIES-2026-09-09,1503,504/Кр/26 Iriz Sibiria,SCS,Scottish Straight,VBO:0100213,exact,1,Russia (records with explicit foreign address excluded),active cattery-breed association,FARUS,1006,https://xn--80a6adhc.xn--p1ai/catteries/104/1503.html,2026-09-09,Supply-side federation register; multi-breed catteries contribute once to each listed breed; no animal/litter counts; undated cards retained; unknown codes omitted
RU-FARUS-CATTERIES-2026-09-09,1503,504/Кр/26 Iriz Sibiria,SFS,Scottish Fold,VBO:0100209,exact,1,Russia (records with explicit foreign address excluded),active cattery-breed association,FARUS,1006,https://xn--80a6adhc.xn--p1ai/catteries/104/1503.html,2026-09-09,Supply-side federation register; multi-breed catteries contribute once to each listed breed; no animal/litter counts; undated cards retained; unknown codes omitted
RU-FARUS-CATTERIES-2026-09-09,1504,1649/М/26 Honey Burma,BUR,Burmese,VBO:0100053,exact,1,Russia (records with explicit foreign address excluded),active cattery-breed association,FARUS,1006,https://xn--80a6adhc.xn--p1ai/catteries/132/1504.html,2026-09-09,Supply-side federation register; multi-breed catteries contribute once to each listed breed; no animal/litter counts; undated cards retained; unknown codes omitted
RU-FARUS-CATTERIES-2026-09-09,1505,1650/МОН/26 Little Exotic,EXO,Exotic Shorthair,VBO:0100096,exact,1,Russia (records with explicit foreign address excluded),active cattery-breed association,FARUS,1006,https://xn--80a6adhc.xn--p1ai/catteries/132/1505.html,2026-09-09,Supply-side federation register; multi-breed catteries contribute once to each listed breed; no animal/litter counts; undated cards retained; unknown codes omitted
RU-FARUS-CATTERIES-2026-09-09,1505,1650/МОН/26 Little Exotic,PER,Persian,VBO:0100188,exact,1,Russia (records with explicit foreign address excluded),active cattery-breed association,FARUS,1006,https://xn--80a6adhc.xn--p1ai/catteries/132/1505.html,2026-09-09,Supply-side federation register; multi-breed catteries contribute once to each listed breed; no animal/litter counts; undated cards retained; unknown codes omitted
RU-FARUS-CATTERIES-2026-09-09,1506,1651/МОХ/26 Dom Mira,RAG,Ragdoll,VBO:0100196,exact,1,Russia (records with explicit foreign address excluded),active cattery-breed association,FARUS,1006,https://xn--80a6adhc.xn--p1ai/catteries/132/1506.html,2026-09-09,Supply-side federation register; multi-breed catteries contribute once to each listed breed; no animal/litter counts; undated cards retained; unknown codes omitted
RU-FARUS-CATTERIES-2026-09-09,1507,1652/МОР/26 In inferno Anima,BUR,Burmese,VBO:0100053,exact,1,Russia (records with explicit foreign address excluded),active cattery-breed association,FARUS,1006,https://xn--80a6adhc.xn--p1ai/catteries/132/1507.html,2026-09-09,Supply-side federation register; multi-breed catteries contribute once to each listed breed; no animal/litter counts; undated cards retained; unknown codes omitted
RU-FARUS-CATTERIES-2026-09-09,1508,1653/МОК/26 Dear Friend,RAG,Ragdoll,VBO:0100196,exact,1,Russia (records with explicit foreign address excluded),active cattery-breed association,FARUS,1006,https://xn--80a6adhc.xn--p1ai/catteries/132/1508.html,2026-09-09,Supply-side federation register; multi-breed catteries contribute once to each listed breed; no animal/litter counts; undated cards retained; unknown codes omitted
RU-FARUS-CATTERIES-2026-09-09,1509,1654/МОХ/26 Bolshoi Kot,MCO,Maine Coon,VBO:0100154,exact,1,Russia (records with explicit foreign address excluded),active cattery-breed association,FARUS,1006,https://xn--80a6adhc.xn--p1ai/catteries/132/1509.html,2026-09-09,Supply-side federation register; multi-breed catteries contribute once to each listed breed; no animal/litter counts; undated cards retained; unknown codes omitted
RU-FARUS-CATTERIES-2026-09-09,1509,1654/МОХ/26 Bolshoi Kot,MCP,Maine Coon Polydactyl,VBO:0100155,exact,1,Russia (records with explicit foreign address excluded),active cattery-breed association,FARUS,1006,https://xn--80a6adhc.xn--p1ai/catteries/132/1509.html,2026-09-09,Supply-side federation register; multi-breed catteries contribute once to each listed breed; no animal/litter counts; undated cards retained; unknown codes omitted
RU-FARUS-CATTERIES-2026-09-09,1510,1655/С-П/26 Goldie Glance,BUR,Burmese,VBO:0100053,exact,1,Russia (records with explicit foreign address excluded),active cattery-breed association,FARUS,1006,https://xn--80a6adhc.xn--p1ai/catteries/102/1510.html,2026-09-09,Supply-side federation register; multi-breed catteries contribute once to each listed breed; no animal/litter counts; undated cards retained; unknown codes omitted
RU-FARUS-CATTERIES-2026-09-09,1511,1656/С-П/26 Premium Cat`s Pride,ABY,Abyssinian,VBO:0100000,exact,1,Russia (records with explicit foreign address excluded),active cattery-breed association,FARUS,1006,https://xn--80a6adhc.xn--p1ai/catteries/102/1511.html,2026-09-09,Supply-side federation register; multi-breed catteries contribute once to each listed breed; no animal/litter counts; undated cards retained; unknown codes omitted
RU-FARUS-CATTERIES-2026-09-09,1512,1657/С-П/26 Tesoro del sol,ABY,Abyssinian,VBO:0100000,exact,1,Russia (records with explicit foreign address excluded),active cattery-breed association,FARUS,1006,https://xn--80a6adhc.xn--p1ai/catteries/102/1512.html,2026-09-09,Supply-side federation register; multi-breed catteries contribute once to each listed breed; no animal/litter counts; undated cards retained; unknown codes omitted
RU-FARUS-CATTERIES-2026-09-09,1513,1658/С-П/26 Izhora pride,BUR,Burmese,VBO:0100053,exact,1,Russia (records with explicit foreign address excluded),active cattery-breed association,FARUS,1006,https://xn--80a6adhc.xn--p1ai/catteries/102/1513.html,2026-09-09,Supply-side federation register; multi-breed catteries contribute once to each listed breed; no animal/litter counts; undated cards retained; unknown codes omitted
RU-FARUS-CATTERIES-2026-09-09,1514,1659/ЛОВ/26 Wilde Katte,BEN,Bengal,VBO:0100040,exact,1,Russia (records with explicit foreign address excluded),active cattery-breed association,FARUS,1006,https://xn--80a6adhc.xn--p1ai/catteries/100/1514.html,2026-09-09,Supply-side federation register; multi-breed catteries contribute once to each listed breed; no animal/litter counts; undated cards retained; unknown codes omitted
RU-FARUS-CATTERIES-2026-09-09,1515,1660/С-П/26 Gammy cat,SCS,Scottish Straight,VBO:0100213,exact,1,Russia (records with explicit foreign address excluded),active cattery-breed association,FARUS,1006,https://xn--80a6adhc.xn--p1ai/catteries/130/1515.html,2026-09-09,Supply-side federation register; multi-breed catteries contribute once to each listed breed; no animal/litter counts; undated cards retained; unknown codes omitted
RU-FARUS-CATTERIES-2026-09-09,1515,1660/С-П/26 Gammy cat,SFS,Scottish Fold,VBO:0100209,exact,1,Russia (records with explicit foreign address excluded),active cattery-breed association,FARUS,1006,https://xn--80a6adhc.xn--p1ai/catteries/130/1515.html,2026-09-09,Supply-side federation register; multi-breed catteries contribute once to each listed breed; no animal/litter counts; undated cards retained; unknown codes omitted
RU-FARUS-CATTERIES-2026-09-09,1516,1661/Ом/26 Zapadnaya Sibir (Западная Сибирь),MCO,Maine Coon,VBO:0100154,exact,1,Russia (records with explicit foreign address excluded),active cattery-breed association,FARUS,1006,https://xn--80a6adhc.xn--p1ai/catteries/126/1516.html,2026-09-09,Supply-side federation register; multi-breed catteries contribute once to each listed breed; no animal/litter counts; undated cards retained; unknown codes omitted
RU-FARUS-CATTERIES-2026-09-09,1517,1662/Л/26 Paws of Love,BLH,British Longhair,VBO:0100051,exact,1,Russia (records with explicit foreign address excluded),active cattery-breed association,FARUS,1006,https://xn--80a6adhc.xn--p1ai/catteries/113/1517.html,2026-09-09,Supply-side federation register; multi-breed catteries contribute once to each listed breed; no animal/litter counts; undated cards retained; unknown codes omitted
RU-FARUS-CATTERIES-2026-09-09,1517,1662/Л/26 Paws of Love,BRI,British Shorthair,VBO:0100052,exact,1,Russia (records with explicit foreign address excluded),active cattery-breed association,FARUS,1006,https://xn--80a6adhc.xn--p1ai/catteries/113/1517.html,2026-09-09,Supply-side federation register; multi-breed catteries contribute once to each listed breed; no animal/litter counts; undated cards retained; unknown codes omitted
RU-FARUS-CATTERIES-2026-09-09,1517,1662/Л/26 Paws of Love,SCL,Scottish Straight Longhair,VBO:0100214,exact,1,Russia (records with explicit foreign address excluded),active cattery-breed association,FARUS,1006,https://xn--80a6adhc.xn--p1ai/catteries/113/1517.html,2026-09-09,Supply-side federation register; multi-breed catteries contribute once to each listed breed; no animal/litter counts; undated cards retained; unknown codes omitted
RU-FARUS-CATTERIES-2026-09-09,1517,1662/Л/26 Paws of Love,SCS,Scottish Straight,VBO:0100213,exact,1,Russia (records with explicit foreign address excluded),active cattery-breed association,FARUS,1006,https://xn--80a6adhc.xn--p1ai/catteries/113/1517.html,2026-09-09,Supply-side federation register; multi-breed catteries contribute once to each listed breed; no animal/litter counts; undated cards retained; unknown codes omitted
RU-FARUS-CATTERIES-2026-09-09,1517,1662/Л/26 Paws of Love,SFL,Scottish Fold Longhair,VBO:0100210,exact,1,Russia (records with explicit foreign address excluded),active cattery-breed association,FARUS,1006,https://xn--80a6adhc.xn--p1ai/catteries/113/1517.html,2026-09-09,Supply-side federation register; multi-breed catteries contribute once to each listed breed; no animal/litter counts; undated cards retained; unknown codes omitted
RU-FARUS-CATTERIES-2026-09-09,1517,1662/Л/26 Paws of Love,SFS,Scottish Fold,VBO:0100209,exact,1,Russia (records with explicit foreign address excluded),active cattery-breed association,FARUS,1006,https://xn--80a6adhc.xn--p1ai/catteries/113/1517.html,2026-09-09,Supply-side federation register; multi-breed catteries contribute once to each listed breed; no animal/litter counts; undated cards retained; unknown codes omitted
RU-FARUS-CATTERIES-2026-09-09,1518,1663/Ст/26 Meliss-kiti,ABY,Abyssinian,VBO:0100000,exact,1,Russia (records with explicit foreign address excluded),active cattery-breed association,FARUS,1006,https://xn--80a6adhc.xn--p1ai/catteries/103/1518.html,2026-09-09,Supply-side federation register; multi-breed catteries contribute once to each listed breed; no animal/litter counts; undated cards retained; unknown codes omitted
RU-FARUS-CATTERIES-2026-09-09,1518,1663/Ст/26 Meliss-kiti,OSH,Oriental Shorthair,VBO:0100184,exact,1,Russia (records with explicit foreign address excluded),active cattery-breed association,FARUS,1006,https://xn--80a6adhc.xn--p1ai/catteries/103/1518.html,2026-09-09,Supply-side federation register; multi-breed catteries contribute once to each listed breed; no animal/litter counts; undated cards retained; unknown codes omitted
RU-FARUS-CATTERIES-2026-09-09,1519,1664/М/26 LAKISA,MCO,Maine Coon,VBO:0100154,exact,1,Russia (records with explicit foreign address excluded),active cattery-breed association,FARUS,1006,https://xn--80a6adhc.xn--p1ai/catteries/101/1519.html,2026-09-09,Supply-side federation register; multi-breed catteries contribute once to each listed breed; no animal/litter counts; undated cards retained; unknown codes omitted
RU-FARUS-CATTERIES-2026-09-09,1520,1665/КрК/26 ZLATA KISS,BEN,Bengal,VBO:0100040,exact,1,Russia (records with explicit foreign address excluded),active cattery-breed association,FARUS,1006,https://xn--80a6adhc.xn--p1ai/catteries/101/1520.html,2026-09-09,Supply-side federation register; multi-breed catteries contribute once to each listed breed; no animal/litter counts; undated cards retained; unknown codes omitted
RU-FARUS-CATTERIES-2026-09-09,1520,1665/КрК/26 ZLATA KISS,DRX,Devon Rex,VBO:0100084,exact,1,Russia (records with explicit foreign address excluded),active cattery-breed association,FARUS,1006,https://xn--80a6adhc.xn--p1ai/catteries/101/1520.html,2026-09-09,Supply-side federation register; multi-breed catteries contribute once to each listed breed; no animal/litter counts; undated cards retained; unknown codes omitted
RU-FARUS-CATTERIES-2026-09-09,1521,1666/Кр/26 Prime Rex Atelier,DRX,Devon Rex,VBO:0100084,exact,1,Russia (records with explicit foreign address excluded),active cattery-breed association,FARUS,1006,https://xn--80a6adhc.xn--p1ai/catteries/104/1521.html,2026-09-09,Supply-side federation register; multi-breed catteries contribute once to each listed breed; no animal/litter counts; undated cards retained; unknown codes omitted
RU-FARUS-CATTERIES-2026-09-09,1522,1667/КрК/26 Tiffane Ket,OSH,Oriental Shorthair,VBO:0100184,exact,1,Russia (records with explicit foreign address excluded),active cattery-breed association,FARUS,1006,https://xn--80a6adhc.xn--p1ai/catteries/109/1522.html,2026-09-09,Supply-side federation register; multi-breed catteries contribute once to each listed breed; no animal/litter counts; undated cards retained; unknown codes omitted
RU-FARUS-CATTERIES-2026-09-09,1522,1667/КрК/26 Tiffane Ket,SIA,Siamese,VBO:0100221,exact,1,Russia (records with explicit foreign address excluded),active cattery-breed association,FARUS,1006,https://xn--80a6adhc.xn--p1ai/catteries/109/1522.html,2026-09-09,Supply-side federation register; multi-breed catteries contribute once to each listed breed; no animal/litter counts; undated cards retained; unknown codes omitted
RU-FARUS-CATTERIES-2026-09-09,1523,1668/МОЛГ/26 Diva Zaferi,DRX,Devon Rex,VBO:0100084,exact,1,Russia (records with explicit foreign address excluded),active cattery-breed association,FARUS,1006,https://xn--80a6adhc.xn--p1ai/catteries/95/1523.html,2026-09-09,Supply-side federation register; multi-breed catteries contribute once to each listed breed; no animal/litter counts; undated cards retained; unknown codes omitted
RU-FARUS-CATTERIES-2026-09-09,1524,1669/МОК/26 Mr. Gulliver,MCO,Maine Coon,VBO:0100154,exact,1,Russia (records with explicit foreign address excluded),active cattery-breed association,FARUS,1006,https://xn--80a6adhc.xn--p1ai/catteries/95/1524.html,2026-09-09,Supply-side federation register; multi-breed catteries contribute once to each listed breed; no animal/litter counts; undated cards retained; unknown codes omitted
RU-FARUS-CATTERIES-2026-09-09,1525,1670/М/26 Charm of Moscow,BLH,British Longhair,VBO:0100051,exact,1,Russia (records with explicit foreign address excluded),active cattery-breed association,FARUS,1006,https://xn--80a6adhc.xn--p1ai/catteries/95/1525.html,2026-09-09,Supply-side federation register; multi-breed catteries contribute once to each listed breed; no animal/litter counts; undated cards retained; unknown codes omitted
RU-FARUS-CATTERIES-2026-09-09,1525,1670/М/26 Charm of Moscow,BRI,British Shorthair,VBO:0100052,exact,1,Russia (records with explicit foreign address excluded),active cattery-breed association,FARUS,1006,https://xn--80a6adhc.xn--p1ai/catteries/95/1525.html,2026-09-09,Supply-side federation register; multi-breed catteries contribute once to each listed breed; no animal/litter counts; undated cards retained; unknown codes omitted
RU-FARUS-CATTERIES-2026-09-09,1525,1670/М/26 Charm of Moscow,SCL,Scottish Straight Longhair,VBO:0100214,exact,1,Russia (records with explicit foreign address excluded),active cattery-breed association,FARUS,1006,https://xn--80a6adhc.xn--p1ai/catteries/95/1525.html,2026-09-09,Supply-side federation register; multi-breed catteries contribute once to each listed breed; no animal/litter counts; undated cards retained; unknown codes omitted
RU-FARUS-CATTERIES-2026-09-09,1525,1670/М/26 Charm of Moscow,SCS,Scottish Straight,VBO:0100213,exact,1,Russia (records with explicit foreign address excluded),active cattery-breed association,FARUS,1006,https://xn--80a6adhc.xn--p1ai/catteries/95/1525.html,2026-09-09,Supply-side federation register; multi-breed catteries contribute once to each listed breed; no animal/litter counts; undated cards retained; unknown codes omitted
RU-FARUS-CATTERIES-2026-09-09,1525,1670/М/26 Charm of Moscow,SFL,Scottish Fold Longhair,VBO:0100210,exact,1,Russia (records with explicit foreign address excluded),active cattery-breed association,FARUS,1006,https://xn--80a6adhc.xn--p1ai/catteries/95/1525.html,2026-09-09,Supply-side federation register; multi-breed catteries contribute once to each listed breed; no animal/litter counts; undated cards retained; unknown codes omitted
RU-FARUS-CATTERIES-2026-09-09,1525,1670/М/26 Charm of Moscow,SFS,Scottish Fold,VBO:0100209,exact,1,Russia (records with explicit foreign address excluded),active cattery-breed association,FARUS,1006,https://xn--80a6adhc.xn--p1ai/catteries/95/1525.html,2026-09-09,Supply-side federation register; multi-breed catteries contribute once to each listed breed; no animal/litter counts; undated cards retained; unknown codes omitted
RU-FARUS-CATTERIES-2026-09-09,1526,1671/Тв/26 Soft Toys,RAG,Ragdoll,VBO:0100196,exact,1,Russia (records with explicit foreign address excluded),active cattery-breed association,FARUS,1006,https://xn--80a6adhc.xn--p1ai/catteries/95/1526.html,2026-09-09,Supply-side federation register; multi-breed catteries contribute once to each listed breed; no animal/litter counts; undated cards retained; unknown codes omitted
RU-FARUS-CATTERIES-2026-09-09,1571,63/М/26 RAYLIS,BLH,British Longhair,VBO:0100051,exact,1,Russia (records with explicit foreign address excluded),active cattery-breed association,FARUS,1006,https://xn--80a6adhc.xn--p1ai/catteries/101/1571.html,2026-09-09,Supply-side federation register; multi-breed catteries contribute once to each listed breed; no animal/litter counts; undated cards retained; unknown codes omitted
RU-FARUS-CATTERIES-2026-09-09,1571,63/М/26 RAYLIS,BRI,British Shorthair,VBO:0100052,exact,1,Russia (records with explicit foreign address excluded),active cattery-breed association,FARUS,1006,https://xn--80a6adhc.xn--p1ai/catteries/101/1571.html,2026-09-09,Supply-side federation register; multi-breed catteries contribute once to each listed breed; no animal/litter counts; undated cards retained; unknown codes omitted
RU-FARUS-CATTERIES-2026-09-09,1572,1672/С-П/26 Best Angel Castel,BUR,Burmese,VBO:0100053,exact,1,Russia (records with explicit foreign address excluded),active cattery-breed association,FARUS,1006,https://xn--80a6adhc.xn--p1ai/catteries/102/1572.html,2026-09-09,Supply-side federation register; multi-breed catteries contribute once to each listed breed; no animal/litter counts; undated cards retained; unknown codes omitted
RU-FARUS-CATTERIES-2026-09-09,1572,1672/С-П/26 Best Angel Castel,SCS,Scottish Straight,VBO:0100213,exact,1,Russia (records with explicit foreign address excluded),active cattery-breed association,FARUS,1006,https://xn--80a6adhc.xn--p1ai/catteries/102/1572.html,2026-09-09,Supply-side federation register; multi-breed catteries contribute once to each listed breed; no animal/litter counts; undated cards retained; unknown codes omitted
RU-FARUS-CATTERIES-2026-09-09,1572,1672/С-П/26 Best Angel Castel,SFS,Scottish Fold,VBO:0100209,exact,1,Russia (records with explicit foreign address excluded),active cattery-breed association,FARUS,1006,https://xn--80a6adhc.xn--p1ai/catteries/102/1572.html,2026-09-09,Supply-side federation register; multi-breed catteries contribute once to each listed breed; no animal/litter counts; undated cards retained; unknown codes omitted
RU-FARUS-CATTERIES-2026-09-09,1573,1673/РБУ/26 Dom Barny,DRX,Devon Rex,VBO:0100084,exact,1,Russia (records with explicit foreign address excluded),active cattery-breed association,FARUS,1006,https://xn--80a6adhc.xn--p1ai/catteries/110/1573.html,2026-09-09,Supply-side federation register; multi-breed catteries contribute once to each listed breed; no animal/litter counts; undated cards retained; unknown codes omitted
RU-FARUS-CATTERIES-2026-09-09,1574,1674/МОН/26 ASTROCATS,BUR,Burmese,VBO:0100053,exact,1,Russia (records with explicit foreign address excluded),active cattery-breed association,FARUS,1006,https://xn--80a6adhc.xn--p1ai/catteries/132/1574.html,2026-09-09,Supply-side federation register; multi-breed catteries contribute once to each listed breed; no animal/litter counts; undated cards retained; unknown codes omitted
RU-FARUS-CATTERIES-2026-09-09,1575,1675/М/26 MAGIC DOLL,RAG,Ragdoll,VBO:0100196,exact,1,Russia (records with explicit foreign address excluded),active cattery-breed association,FARUS,1006,https://xn--80a6adhc.xn--p1ai/catteries/132/1575.html,2026-09-09,Supply-side federation register; multi-breed catteries contribute once to each listed breed; no animal/litter counts; undated cards retained; unknown codes omitted
RU-FARUS-CATTERIES-2026-09-09,1576,1676/М/26 Kaizer Somali,SOM,Somali,VBO:0100229,exact,1,Russia (records with explicit foreign address excluded),active cattery-breed association,FARUS,1006,https://xn--80a6adhc.xn--p1ai/catteries/132/1576.html,2026-09-09,Supply-side federation register; multi-breed catteries contribute once to each listed breed; no animal/litter counts; undated cards retained; unknown codes omitted
RU-FARUS-CATTERIES-2026-09-09,1577,1677/М/26 White Scorpions,MCO,Maine Coon,VBO:0100154,exact,1,Russia (records with explicit foreign address excluded),active cattery-breed association,FARUS,1006,https://xn--80a6adhc.xn--p1ai/catteries/132/1577.html,2026-09-09,Supply-side federation register; multi-breed catteries contribute once to each listed breed; no animal/litter counts; undated cards retained; unknown codes omitted
RU-FARUS-CATTERIES-2026-09-09,1577,1677/М/26 White Scorpions,RAG,Ragdoll,VBO:0100196,exact,1,Russia (records with explicit foreign address excluded),active cattery-breed association,FARUS,1006,https://xn--80a6adhc.xn--p1ai/catteries/132/1577.html,2026-09-09,Supply-side federation register; multi-breed catteries contribute once to each listed breed; no animal/litter counts; undated cards retained; unknown codes omitted
RU-FARUS-CATTERIES-2026-09-09,1578,1678/М/26 Silk Sable,BUR,Burmese,VBO:0100053,exact,1,Russia (records with explicit foreign address excluded),active cattery-breed association,FARUS,1006,https://xn--80a6adhc.xn--p1ai/catteries/132/1578.html,2026-09-09,Supply-side federation register; multi-breed catteries contribute once to each listed breed; no animal/litter counts; undated cards retained; unknown codes omitted
RU-FARUS-CATTERIES-2026-09-09,1579,1679/УдИ/26 Golden Glory,MCO,Maine Coon,VBO:0100154,exact,1,Russia (records with explicit foreign address excluded),active cattery-breed association,FARUS,1006,https://xn--80a6adhc.xn--p1ai/catteries/126/1579.html,2026-09-09,Supply-side federation register; multi-breed catteries contribute once to each listed breed; no animal/litter counts; undated cards retained; unknown codes omitted
RU-FARUS-CATTERIES-2026-09-09,1579,1679/УдИ/26 Golden Glory,MCP,Maine Coon Polydactyl,VBO:0100155,exact,1,Russia (records with explicit foreign address excluded),active cattery-breed association,FARUS,1006,https://xn--80a6adhc.xn--p1ai/catteries/126/1579.html,2026-09-09,Supply-side federation register; multi-breed catteries contribute once to each listed breed; no animal/litter counts; undated cards retained; unknown codes omitted
RU-FARUS-CATTERIES-2026-09-09,1580,1680/С-П/26 O&Ori,OSH,Oriental Shorthair,VBO:0100184,exact,1,Russia (records with explicit foreign address excluded),active cattery-breed association,FARUS,1006,https://xn--80a6adhc.xn--p1ai/catteries/108/1580.html,2026-09-09,Supply-side federation register; multi-breed catteries contribute once to each listed breed; no animal/litter counts; undated cards retained; unknown codes omitted
RU-FARUS-CATTERIES-2026-09-09,1581,1681/С-П/26 Maison Davi-Mark,CRX,Cornish Rex,VBO:0100077,exact,1,Russia (records with explicit foreign address excluded),active cattery-breed association,FARUS,1006,https://xn--80a6adhc.xn--p1ai/catteries/102/1581.html,2026-09-09,Supply-side federation register; multi-breed catteries contribute once to each listed breed; no animal/litter counts; undated cards retained; unknown codes omitted
RU-FARUS-CATTERIES-2026-09-09,1582,1682/М/26 Silver Moon Fold,SCS,Scottish Straight,VBO:0100213,exact,1,Russia (records with explicit foreign address excluded),active cattery-breed association,FARUS,1006,https://xn--80a6adhc.xn--p1ai/catteries/95/1582.html,2026-09-09,Supply-side federation register; multi-breed catteries contribute once to each listed breed; no animal/litter counts; undated cards retained; unknown codes omitted
RU-FARUS-CATTERIES-2026-09-09,1582,1682/М/26 Silver Moon Fold,SFS,Scottish Fold,VBO:0100209,exact,1,Russia (records with explicit foreign address excluded),active cattery-breed association,FARUS,1006,https://xn--80a6adhc.xn--p1ai/catteries/95/1582.html,2026-09-09,Supply-side federation register; multi-breed catteries contribute once to each listed breed; no animal/litter counts; undated cards retained; unknown codes omitted
RU-FARUS-CATTERIES-2026-09-09,1583,1683/Uz/24 BritNyasha,BRI,British Shorthair,VBO:0100052,exact,1,Russia (records with explicit foreign address excluded),active cattery-breed association,FARUS,1006,https://xn--80a6adhc.xn--p1ai/catteries/95/1583.html,2026-09-09,Supply-side federation register; multi-breed catteries contribute once to each listed breed; no animal/litter counts; undated cards retained; unknown codes omitted
RU-FARUS-CATTERIES-2026-09-09,1583,1683/Uz/24 BritNyasha,SCS,Scottish Straight,VBO:0100213,exact,1,Russia (records with explicit foreign address excluded),active cattery-breed association,FARUS,1006,https://xn--80a6adhc.xn--p1ai/catteries/95/1583.html,2026-09-09,Supply-side federation register; multi-breed catteries contribute once to each listed breed; no animal/litter counts; undated cards retained; unknown codes omitted
RU-FARUS-CATTERIES-2026-09-09,1583,1683/Uz/24 BritNyasha,SFS,Scottish Fold,VBO:0100209,exact,1,Russia (records with explicit foreign address excluded),active cattery-breed association,FARUS,1006,https://xn--80a6adhc.xn--p1ai/catteries/95/1583.html,2026-09-09,Supply-side federation register; multi-breed catteries contribute once to each listed breed; no animal/litter counts; undated cards retained; unknown codes omitted
RU-FARUS-CATTERIES-2026-09-09,1583,1683/Uz/24 BritNyasha,SKS,Selkirk Rex Shorthair,VBO:0100217,exact,1,Russia (records with explicit foreign address excluded),active cattery-breed association,FARUS,1006,https://xn--80a6adhc.xn--p1ai/catteries/95/1583.html,2026-09-09,Supply-side federation register; multi-breed catteries contribute once to each listed breed; no animal/litter counts; undated cards retained; unknown codes omitted
RU-FARUS-CATTERIES-2026-09-09,1584,1684/МОЧ/26 Fight Cats,OSH,Oriental Shorthair,VBO:0100184,exact,1,Russia (records with explicit foreign address excluded),active cattery-breed association,FARUS,1006,https://xn--80a6adhc.xn--p1ai/catteries/103/1584.html,2026-09-09,Supply-side federation register; multi-breed catteries contribute once to each listed breed; no animal/litter counts; undated cards retained; unknown codes omitted
RU-FARUS-CATTERIES-2026-09-09,1587,1685/М/26 ROUND,BUR,Burmese,VBO:0100053,exact,1,Russia (records with explicit foreign address excluded),active cattery-breed association,FARUS,1006,https://xn--80a6adhc.xn--p1ai/catteries/101/1587.html,2026-09-09,Supply-side federation register; multi-breed catteries contribute once to each listed breed; no animal/litter counts; undated cards retained; unknown codes omitted
RU-FARUS-CATTERIES-2026-09-09,1588,1686/М/26 SOLARIS GRATIA,BEN,Bengal,VBO:0100040,exact,1,Russia (records with explicit foreign address excluded),active cattery-breed association,FARUS,1006,https://xn--80a6adhc.xn--p1ai/catteries/101/1588.html,2026-09-09,Supply-side federation register; multi-breed catteries contribute once to each listed breed; no animal/litter counts; undated cards retained; unknown codes omitted
RU-FARUS-CATTERIES-2026-09-09,1589,1687/С-П/26 ASTOR,BUR,Burmese,VBO:0100053,exact,1,Russia (records with explicit foreign address excluded),active cattery-breed association,FARUS,1006,https://xn--80a6adhc.xn--p1ai/catteries/102/1589.html,2026-09-09,Supply-side federation register; multi-breed catteries contribute once to each listed breed; no animal/litter counts; undated cards retained; unknown codes omitted
RU-FARUS-CATTERIES-2026-09-09,1590,1688/КЧБ/26 YAGODA MEDVEZH`YA,BLH,British Longhair,VBO:0100051,exact,1,Russia (records with explicit foreign address excluded),active cattery-breed association,FARUS,1006,https://xn--80a6adhc.xn--p1ai/catteries/110/1590.html,2026-09-09,Supply-side federation register; multi-breed catteries contribute once to each listed breed; no animal/litter counts; undated cards retained; unknown codes omitted
RU-FARUS-CATTERIES-2026-09-09,1590,1688/КЧБ/26 YAGODA MEDVEZH`YA,BRI,British Shorthair,VBO:0100052,exact,1,Russia (records with explicit foreign address excluded),active cattery-breed association,FARUS,1006,https://xn--80a6adhc.xn--p1ai/catteries/110/1590.html,2026-09-09,Supply-side federation register; multi-breed catteries contribute once to each listed breed; no animal/litter counts; undated cards retained; unknown codes omitted
RU-FARUS-CATTERIES-2026-09-09,1590,1688/КЧБ/26 YAGODA MEDVEZH`YA,MCO,Maine Coon,VBO:0100154,exact,1,Russia (records with explicit foreign address excluded),active cattery-breed association,FARUS,1006,https://xn--80a6adhc.xn--p1ai/catteries/110/1590.html,2026-09-09,Supply-side federation register; multi-breed catteries contribute once to each listed breed; no animal/litter counts; undated cards retained; unknown codes omitted
RU-FARUS-CATTERIES-2026-09-09,1590,1688/КЧБ/26 YAGODA MEDVEZH`YA,MCP,Maine Coon Polydactyl,VBO:0100155,exact,1,Russia (records with explicit foreign address excluded),active cattery-breed association,FARUS,1006,https://xn--80a6adhc.xn--p1ai/catteries/110/1590.html,2026-09-09,Supply-side federation register; multi-breed catteries contribute once to each listed breed; no animal/litter counts; undated cards retained; unknown codes omitted
RU-FARUS-CATTERIES-2026-09-09,1591,1689/СтР/26 Little Royal Ears,BLH,British Longhair,VBO:0100051,exact,1,Russia (records with explicit foreign address excluded),active cattery-breed association,FARUS,1006,https://xn--80a6adhc.xn--p1ai/catteries/128/1591.html,2026-09-09,Supply-side federation register; multi-breed catteries contribute once to each listed breed; no animal/litter counts; undated cards retained; unknown codes omitted
RU-FARUS-CATTERIES-2026-09-09,1591,1689/СтР/26 Little Royal Ears,BRI,British Shorthair,VBO:0100052,exact,1,Russia (records with explicit foreign address excluded),active cattery-breed association,FARUS,1006,https://xn--80a6adhc.xn--p1ai/catteries/128/1591.html,2026-09-09,Supply-side federation register; multi-breed catteries contribute once to each listed breed; no animal/litter counts; undated cards retained; unknown codes omitted
RU-FARUS-CATTERIES-2026-09-09,1591,1689/СтР/26 Little Royal Ears,SCL,Scottish Straight Longhair,VBO:0100214,exact,1,Russia (records with explicit foreign address excluded),active cattery-breed association,FARUS,1006,https://xn--80a6adhc.xn--p1ai/catteries/128/1591.html,2026-09-09,Supply-side federation register; multi-breed catteries contribute once to each listed breed; no animal/litter counts; undated cards retained; unknown codes omitted
RU-FARUS-CATTERIES-2026-09-09,1591,1689/СтР/26 Little Royal Ears,SCS,Scottish Straight,VBO:0100213,exact,1,Russia (records with explicit foreign address excluded),active cattery-breed association,FARUS,1006,https://xn--80a6adhc.xn--p1ai/catteries/128/1591.html,2026-09-09,Supply-side federation register; multi-breed catteries contribute once to each listed breed; no animal/litter counts; undated cards retained; unknown codes omitted
RU-FARUS-CATTERIES-2026-09-09,1591,1689/СтР/26 Little Royal Ears,SFL,Scottish Fold Longhair,VBO:0100210,exact,1,Russia (records with explicit foreign address excluded),active cattery-breed association,FARUS,1006,https://xn--80a6adhc.xn--p1ai/catteries/128/1591.html,2026-09-09,Supply-side federation register; multi-breed catteries contribute once to each listed breed; no animal/litter counts; undated cards retained; unknown codes omitted
RU-FARUS-CATTERIES-2026-09-09,1591,1689/СтР/26 Little Royal Ears,SFS,Scottish Fold,VBO:0100209,exact,1,Russia (records with explicit foreign address excluded),active cattery-breed association,FARUS,1006,https://xn--80a6adhc.xn--p1ai/catteries/128/1591.html,2026-09-09,Supply-side federation register; multi-breed catteries contribute once to each listed breed; no animal/litter counts; undated cards retained; unknown codes omitted
RU-FARUS-CATTERIES-2026-09-09,1592,1690/Ом/26 Felis Leo,CHS,Chausie,VBO:0100068,exact,1,Russia (records with explicit foreign address excluded),active cattery-breed association,FARUS,1006,https://xn--80a6adhc.xn--p1ai/catteries/126/1592.html,2026-09-09,Supply-side federation register; multi-breed catteries contribute once to each listed breed; no animal/litter counts; undated cards retained; unknown codes omitted
RU-FARUS-CATTERIES-2026-09-09,1593,1691/Т/26 Burma Land,BUR,Burmese,VBO:0100053,exact,1,Russia (records with explicit foreign address excluded),active cattery-breed association,FARUS,1006,https://xn--80a6adhc.xn--p1ai/catteries/132/1593.html,2026-09-09,Supply-side federation register; multi-breed catteries contribute once to each listed breed; no animal/litter counts; undated cards retained; unknown codes omitted
RU-FARUS-CATTERIES-2026-09-09,1593,1691/Т/26 Burma Land,SCL,Scottish Straight Longhair,VBO:0100214,exact,1,Russia (records with explicit foreign address excluded),active cattery-breed association,FARUS,1006,https://xn--80a6adhc.xn--p1ai/catteries/132/1593.html,2026-09-09,Supply-side federation register; multi-breed catteries contribute once to each listed breed; no animal/litter counts; undated cards retained; unknown codes omitted
RU-FARUS-CATTERIES-2026-09-09,1593,1691/Т/26 Burma Land,SCS,Scottish Straight,VBO:0100213,exact,1,Russia (records with explicit foreign address excluded),active cattery-breed association,FARUS,1006,https://xn--80a6adhc.xn--p1ai/catteries/132/1593.html,2026-09-09,Supply-side federation register; multi-breed catteries contribute once to each listed breed; no animal/litter counts; undated cards retained; unknown codes omitted
RU-FARUS-CATTERIES-2026-09-09,1593,1691/Т/26 Burma Land,SFL,Scottish Fold Longhair,VBO:0100210,exact,1,Russia (records with explicit foreign address excluded),active cattery-breed association,FARUS,1006,https://xn--80a6adhc.xn--p1ai/catteries/132/1593.html,2026-09-09,Supply-side federation register; multi-breed catteries contribute once to each listed breed; no animal/litter counts; undated cards retained; unknown codes omitted
RU-FARUS-CATTERIES-2026-09-09,1593,1691/Т/26 Burma Land,SFS,Scottish Fold,VBO:0100209,exact,1,Russia (records with explicit foreign address excluded),active cattery-breed association,FARUS,1006,https://xn--80a6adhc.xn--p1ai/catteries/132/1593.html,2026-09-09,Supply-side federation register; multi-breed catteries contribute once to each listed breed; no animal/litter counts; undated cards retained; unknown codes omitted
RU-FARUS-CATTERIES-2026-09-09,1594,1692/М/26 Gold Veil,BRI,British Shorthair,VBO:0100052,exact,1,Russia (records with explicit foreign address excluded),active cattery-breed association,FARUS,1006,https://xn--80a6adhc.xn--p1ai/catteries/132/1594.html,2026-09-09,Supply-side federation register; multi-breed catteries contribute once to each listed breed; no animal/litter counts; undated cards retained; unknown codes omitted
RU-FARUS-CATTERIES-2026-09-09,1595,1693/Кр/26 BUR LUX,BUR,Burmese,VBO:0100053,exact,1,Russia (records with explicit foreign address excluded),active cattery-breed association,FARUS,1006,https://xn--80a6adhc.xn--p1ai/catteries/132/1595.html,2026-09-09,Supply-side federation register; multi-breed catteries contribute once to each listed breed; no animal/litter counts; undated cards retained; unknown codes omitted
RU-FARUS-CATTERIES-2026-09-09,1596,1694/МОХ/26 VictoriaAngeles,RAG,Ragdoll,VBO:0100196,exact,1,Russia (records with explicit foreign address excluded),active cattery-breed association,FARUS,1006,https://xn--80a6adhc.xn--p1ai/catteries/132/1596.html,2026-09-09,Supply-side federation register; multi-breed catteries contribute once to each listed breed; no animal/litter counts; undated cards retained; unknown codes omitted
RU-FARUS-CATTERIES-2026-09-09,1597,1695/А/26 Lamursel,ABY,Abyssinian,VBO:0100000,exact,1,Russia (records with explicit foreign address excluded),active cattery-breed association,FARUS,1006,https://xn--80a6adhc.xn--p1ai/catteries/132/1597.html,2026-09-09,Supply-side federation register; multi-breed catteries contribute once to each listed breed; no animal/litter counts; undated cards retained; unknown codes omitted
RU-FARUS-CATTERIES-2026-09-09,1598,1696/РУТ/26 BluePearlDoll,RAG,Ragdoll,VBO:0100196,exact,1,Russia (records with explicit foreign address excluded),active cattery-breed association,FARUS,1006,https://xn--80a6adhc.xn--p1ai/catteries/132/1598.html,2026-09-09,Supply-side federation register; multi-breed catteries contribute once to each listed breed; no animal/litter counts; undated cards retained; unknown codes omitted
RU-FARUS-CATTERIES-2026-09-09,1599,1697/ЯрД/26 East Ghost,OSH,Oriental Shorthair,VBO:0100184,exact,1,Russia (records with explicit foreign address excluded),active cattery-breed association,FARUS,1006,https://xn--80a6adhc.xn--p1ai/catteries/132/1599.html,2026-09-09,Supply-side federation register; multi-breed catteries contribute once to each listed breed; no animal/litter counts; undated cards retained; unknown codes omitted
RU-FARUS-CATTERIES-2026-09-09,1599,1697/ЯрД/26 East Ghost,SIA,Siamese,VBO:0100221,exact,1,Russia (records with explicit foreign address excluded),active cattery-breed association,FARUS,1006,https://xn--80a6adhc.xn--p1ai/catteries/132/1599.html,2026-09-09,Supply-side federation register; multi-breed catteries contribute once to each listed breed; no animal/litter counts; undated cards retained; unknown codes omitted
RU-FARUS-CATTERIES-2026-09-09,1600,1698/ПрА/26 Lerua Madlen,BLH,British Longhair,VBO:0100051,exact,1,Russia (records with explicit foreign address excluded),active cattery-breed association,FARUS,1006,https://xn--80a6adhc.xn--p1ai/catteries/95/1600.html,2026-09-09,Supply-side federation register; multi-breed catteries contribute once to each listed breed; no animal/litter counts; undated cards retained; unknown codes omitted
RU-FARUS-CATTERIES-2026-09-09,1600,1698/ПрА/26 Lerua Madlen,BRI,British Shorthair,VBO:0100052,exact,1,Russia (records with explicit foreign address excluded),active cattery-breed association,FARUS,1006,https://xn--80a6adhc.xn--p1ai/catteries/95/1600.html,2026-09-09,Supply-side federation register; multi-breed catteries contribute once to each listed breed; no animal/litter counts; undated cards retained; unknown codes omitted
RU-FARUS-CATTERIES-2026-09-09,1601,1699/МОК/26 Alicia Milagro,SCS,Scottish Straight,VBO:0100213,exact,1,Russia (records with explicit foreign address excluded),active cattery-breed association,FARUS,1006,https://xn--80a6adhc.xn--p1ai/catteries/95/1601.html,2026-09-09,Supply-side federation register; multi-breed catteries contribute once to each listed breed; no animal/litter counts; undated cards retained; unknown codes omitted
RU-FARUS-CATTERIES-2026-09-09,1601,1699/МОК/26 Alicia Milagro,SFS,Scottish Fold,VBO:0100209,exact,1,Russia (records with explicit foreign address excluded),active cattery-breed association,FARUS,1006,https://xn--80a6adhc.xn--p1ai/catteries/95/1601.html,2026-09-09,Supply-side federation register; multi-breed catteries contribute once to each listed breed; no animal/litter counts; undated cards retained; unknown codes omitted
RU-FARUS-CATTERIES-2026-09-09,1602,1700/CJ/26 Nana`s Land,BRI,British Shorthair,VBO:0100052,exact,1,Russia (records with explicit foreign address excluded),active cattery-breed association,FARUS,1006,https://xn--80a6adhc.xn--p1ai/catteries/95/1602.html,2026-09-09,Supply-side federation register; multi-breed catteries contribute once to each listed breed; no animal/litter counts; undated cards retained; unknown codes omitted
RU-FARUS-CATTERIES-2026-09-09,1612,1701/Чел/26 BRUSNIKA,OSH,Oriental Shorthair,VBO:0100184,exact,1,Russia (records with explicit foreign address excluded),active cattery-breed association,FARUS,1006,https://xn--80a6adhc.xn--p1ai/catteries/98/1612.html,2026-09-09,Supply-side federation register; multi-breed catteries contribute once to each listed breed; no animal/litter counts; undated cards retained; unknown codes omitted
RU-FARUS-CATTERIES-2026-09-09,1612,1701/Чел/26 BRUSNIKA,SIA,Siamese,VBO:0100221,exact,1,Russia (records with explicit foreign address excluded),active cattery-breed association,FARUS,1006,https://xn--80a6adhc.xn--p1ai/catteries/98/1612.html,2026-09-09,Supply-side federation register; multi-breed catteries contribute once to each listed breed; no animal/litter counts; undated cards retained; unknown codes omitted
RU-FARUS-CATTERIES-2026-09-09,1612,1701/Чел/26 BRUSNIKA,SYS,Seychellois Short Hair,VBO:0100314,exact,1,Russia (records with explicit foreign address excluded),active cattery-breed association,FARUS,1006,https://xn--80a6adhc.xn--p1ai/catteries/98/1612.html,2026-09-09,Supply-side federation register; multi-breed catteries contribute once to each listed breed; no animal/litter counts; undated cards retained; unknown codes omitted
RU-FARUS-CATTERIES-2026-09-09,1613,1702/С-П/26 Cosmosmunch,BUR,Burmese,VBO:0100053,exact,1,Russia (records with explicit foreign address excluded),active cattery-breed association,FARUS,1006,https://xn--80a6adhc.xn--p1ai/catteries/108/1613.html,2026-09-09,Supply-side federation register; multi-breed catteries contribute once to each listed breed; no animal/litter counts; undated cards retained; unknown codes omitted
RU-FARUS-CATTERIES-2026-09-09,1613,1702/С-П/26 Cosmosmunch,DRX,Devon Rex,VBO:0100084,exact,1,Russia (records with explicit foreign address excluded),active cattery-breed association,FARUS,1006,https://xn--80a6adhc.xn--p1ai/catteries/108/1613.html,2026-09-09,Supply-side federation register; multi-breed catteries contribute once to each listed breed; no animal/litter counts; undated cards retained; unknown codes omitted
RU-FARUS-CATTERIES-2026-09-09,1613,1702/С-П/26 Cosmosmunch,MNL,Munchkin Longhair,VBO:0100170,exact,1,Russia (records with explicit foreign address excluded),active cattery-breed association,FARUS,1006,https://xn--80a6adhc.xn--p1ai/catteries/108/1613.html,2026-09-09,Supply-side federation register; multi-breed catteries contribute once to each listed breed; no animal/litter counts; undated cards retained; unknown codes omitted
RU-FARUS-CATTERIES-2026-09-09,1613,1702/С-П/26 Cosmosmunch,MNS,"Munchkin (Munchk), Short-Haired",VBO:0100303,exact,1,Russia (records with explicit foreign address excluded),active cattery-breed association,FARUS,1006,https://xn--80a6adhc.xn--p1ai/catteries/108/1613.html,2026-09-09,Supply-side federation register; multi-breed catteries contribute once to each listed breed; no animal/litter counts; undated cards retained; unknown codes omitted
RU-FARUS-CATTERIES-2026-09-09,1614,1703/С-П/26 SofOriSolo,OSH,Oriental Shorthair,VBO:0100184,exact,1,Russia (records with explicit foreign address excluded),active cattery-breed association,FARUS,1006,https://xn--80a6adhc.xn--p1ai/catteries/108/1614.html,2026-09-09,Supply-side federation register; multi-breed catteries contribute once to each listed breed; no animal/litter counts; undated cards retained; unknown codes omitted
RU-FARUS-CATTERIES-2026-09-09,1615,1704/ЛОТ/26 Vaskis,MCO,Maine Coon,VBO:0100154,exact,1,Russia (records with explicit foreign address excluded),active cattery-breed association,FARUS,1006,https://xn--80a6adhc.xn--p1ai/catteries/108/1615.html,2026-09-09,Supply-side federation register; multi-breed catteries contribute once to each listed breed; no animal/litter counts; undated cards retained; unknown codes omitted
RU-FARUS-CATTERIES-2026-09-09,1615,1704/ЛОТ/26 Vaskis,MCP,Maine Coon Polydactyl,VBO:0100155,exact,1,Russia (records with explicit foreign address excluded),active cattery-breed association,FARUS,1006,https://xn--80a6adhc.xn--p1ai/catteries/108/1615.html,2026-09-09,Supply-side federation register; multi-breed catteries contribute once to each listed breed; no animal/litter counts; undated cards retained; unknown codes omitted
RU-FARUS-CATTERIES-2026-09-09,1616,1705/С-П/26 Royal Jasmine Cattery,BEN,Bengal,VBO:0100040,exact,1,Russia (records with explicit foreign address excluded),active cattery-breed association,FARUS,1006,https://xn--80a6adhc.xn--p1ai/catteries/100/1616.html,2026-09-09,Supply-side federation register; multi-breed catteries contribute once to each listed breed; no animal/litter counts; undated cards retained; unknown codes omitted
RU-FARUS-CATTERIES-2026-09-09,1617,1706/С-П/26 Nevsky White Night,ABY,Abyssinian,VBO:0100000,exact,1,Russia (records with explicit foreign address excluded),active cattery-breed association,FARUS,1006,https://xn--80a6adhc.xn--p1ai/catteries/102/1617.html,2026-09-09,Supply-side federation register; multi-breed catteries contribute once to each listed breed; no animal/litter counts; undated cards retained; unknown codes omitted
RU-FARUS-CATTERIES-2026-09-09,1617,1706/С-П/26 Nevsky White Night,BUR,Burmese,VBO:0100053,exact,1,Russia (records with explicit foreign address excluded),active cattery-breed association,FARUS,1006,https://xn--80a6adhc.xn--p1ai/catteries/102/1617.html,2026-09-09,Supply-side federation register; multi-breed catteries contribute once to each listed breed; no animal/litter counts; undated cards retained; unknown codes omitted
RU-FARUS-CATTERIES-2026-09-09,1617,1706/С-П/26 Nevsky White Night,EXO,Exotic Shorthair,VBO:0100096,exact,1,Russia (records with explicit foreign address excluded),active cattery-breed association,FARUS,1006,https://xn--80a6adhc.xn--p1ai/catteries/102/1617.html,2026-09-09,Supply-side federation register; multi-breed catteries contribute once to each listed breed; no animal/litter counts; undated cards retained; unknown codes omitted
RU-FARUS-CATTERIES-2026-09-09,1618,1707/С-П/26 LuxBurma,BUR,Burmese,VBO:0100053,exact,1,Russia (records with explicit foreign address excluded),active cattery-breed association,FARUS,1006,https://xn--80a6adhc.xn--p1ai/catteries/102/1618.html,2026-09-09,Supply-side federation register; multi-breed catteries contribute once to each listed breed; no animal/litter counts; undated cards retained; unknown codes omitted
RU-FARUS-CATTERIES-2026-09-09,1619,1708/ЛОС/26 Yashma Azatay,BUR,Burmese,VBO:0100053,exact,1,Russia (records with explicit foreign address excluded),active cattery-breed association,FARUS,1006,https://xn--80a6adhc.xn--p1ai/catteries/102/1619.html,2026-09-09,Supply-side federation register; multi-breed catteries contribute once to each listed breed; no animal/litter counts; undated cards retained; unknown codes omitted
RU-FARUS-CATTERIES-2026-09-09,1620,1709/Ом/26 The grace beauty (Грация и красота),BEN,Bengal,VBO:0100040,exact,1,Russia (records with explicit foreign address excluded),active cattery-breed association,FARUS,1006,https://xn--80a6adhc.xn--p1ai/catteries/126/1620.html,2026-09-09,Supply-side federation register; multi-breed catteries contribute once to each listed breed; no animal/litter counts; undated cards retained; unknown codes omitted
RU-FARUS-CATTERIES-2026-09-09,1621,1710/Ом/26 Golden Fold (Голден Фолд),SCL,Scottish Straight Longhair,VBO:0100214,exact,1,Russia (records with explicit foreign address excluded),active cattery-breed association,FARUS,1006,https://xn--80a6adhc.xn--p1ai/catteries/126/1621.html,2026-09-09,Supply-side federation register; multi-breed catteries contribute once to each listed breed; no animal/litter counts; undated cards retained; unknown codes omitted
RU-FARUS-CATTERIES-2026-09-09,1621,1710/Ом/26 Golden Fold (Голден Фолд),SCS,Scottish Straight,VBO:0100213,exact,1,Russia (records with explicit foreign address excluded),active cattery-breed association,FARUS,1006,https://xn--80a6adhc.xn--p1ai/catteries/126/1621.html,2026-09-09,Supply-side federation register; multi-breed catteries contribute once to each listed breed; no animal/litter counts; undated cards retained; unknown codes omitted
RU-FARUS-CATTERIES-2026-09-09,1621,1710/Ом/26 Golden Fold (Голден Фолд),SFL,Scottish Fold Longhair,VBO:0100210,exact,1,Russia (records with explicit foreign address excluded),active cattery-breed association,FARUS,1006,https://xn--80a6adhc.xn--p1ai/catteries/126/1621.html,2026-09-09,Supply-side federation register; multi-breed catteries contribute once to each listed breed; no animal/litter counts; undated cards retained; unknown codes omitted
RU-FARUS-CATTERIES-2026-09-09,1621,1710/Ом/26 Golden Fold (Голден Фолд),SFS,Scottish Fold,VBO:0100209,exact,1,Russia (records with explicit foreign address excluded),active cattery-breed association,FARUS,1006,https://xn--80a6adhc.xn--p1ai/catteries/126/1621.html,2026-09-09,Supply-side federation register; multi-breed catteries contribute once to each listed breed; no animal/litter counts; undated cards retained; unknown codes omitted
RU-FARUS-CATTERIES-2026-09-09,1622,1711/Ом/26 Miami Dream,SCL,Scottish Straight Longhair,VBO:0100214,exact,1,Russia (records with explicit foreign address excluded),active cattery-breed association,FARUS,1006,https://xn--80a6adhc.xn--p1ai/catteries/126/1622.html,2026-09-09,Supply-side federation register; multi-breed catteries contribute once to each listed breed; no animal/litter counts; undated cards retained; unknown codes omitted
RU-FARUS-CATTERIES-2026-09-09,1622,1711/Ом/26 Miami Dream,SCS,Scottish Straight,VBO:0100213,exact,1,Russia (records with explicit foreign address excluded),active cattery-breed association,FARUS,1006,https://xn--80a6adhc.xn--p1ai/catteries/126/1622.html,2026-09-09,Supply-side federation register; multi-breed catteries contribute once to each listed breed; no animal/litter counts; undated cards retained; unknown codes omitted
RU-FARUS-CATTERIES-2026-09-09,1622,1711/Ом/26 Miami Dream,SFL,Scottish Fold Longhair,VBO:0100210,exact,1,Russia (records with explicit foreign address excluded),active cattery-breed association,FARUS,1006,https://xn--80a6adhc.xn--p1ai/catteries/126/1622.html,2026-09-09,Supply-side federation register; multi-breed catteries contribute once to each listed breed; no animal/litter counts; undated cards retained; unknown codes omitted
RU-FARUS-CATTERIES-2026-09-09,1622,1711/Ом/26 Miami Dream,SFS,Scottish Fold,VBO:0100209,exact,1,Russia (records with explicit foreign address excluded),active cattery-breed association,FARUS,1006,https://xn--80a6adhc.xn--p1ai/catteries/126/1622.html,2026-09-09,Supply-side federation register; multi-breed catteries contribute once to each listed breed; no animal/litter counts; undated cards retained; unknown codes omitted
RU-FARUS-CATTERIES-2026-09-09,1623,1712/Ом/26 Amigo*RU (Амиго*РУ),MCO,Maine Coon,VBO:0100154,exact,1,Russia (records with explicit foreign address excluded),active cattery-breed association,FARUS,1006,https://xn--80a6adhc.xn--p1ai/catteries/126/1623.html,2026-09-09,Supply-side federation register; multi-breed catteries contribute once to each listed breed; no animal/litter counts; undated cards retained; unknown codes omitted
RU-FARUS-CATTERIES-2026-09-09,1624,1713/С-П/26 OriParadise,OSH,Oriental Shorthair,VBO:0100184,exact,1,Russia (records with explicit foreign address excluded),active cattery-breed association,FARUS,1006,https://xn--80a6adhc.xn--p1ai/catteries/99/1624.html,2026-09-09,Supply-side federation register; multi-breed catteries contribute once to each listed breed; no animal/litter counts; undated cards retained; unknown codes omitted
RU-FARUS-CATTERIES-2026-09-09,1625,1714/С-П/26 Celfic Owl,OSH,Oriental Shorthair,VBO:0100184,exact,1,Russia (records with explicit foreign address excluded),active cattery-breed association,FARUS,1006,https://xn--80a6adhc.xn--p1ai/catteries/99/1625.html,2026-09-09,Supply-side federation register; multi-breed catteries contribute once to each listed breed; no animal/litter counts; undated cards retained; unknown codes omitted
RU-FARUS-CATTERIES-2026-09-09,1625,1714/С-П/26 Celfic Owl,SCS,Scottish Straight,VBO:0100213,exact,1,Russia (records with explicit foreign address excluded),active cattery-breed association,FARUS,1006,https://xn--80a6adhc.xn--p1ai/catteries/99/1625.html,2026-09-09,Supply-side federation register; multi-breed catteries contribute once to each listed breed; no animal/litter counts; undated cards retained; unknown codes omitted
RU-FARUS-CATTERIES-2026-09-09,1625,1714/С-П/26 Celfic Owl,SFS,Scottish Fold,VBO:0100209,exact,1,Russia (records with explicit foreign address excluded),active cattery-breed association,FARUS,1006,https://xn--80a6adhc.xn--p1ai/catteries/99/1625.html,2026-09-09,Supply-side federation register; multi-breed catteries contribute once to each listed breed; no animal/litter counts; undated cards retained; unknown codes omitted
RU-FARUS-CATTERIES-2026-09-09,1625,1714/С-П/26 Celfic Owl,SIA,Siamese,VBO:0100221,exact,1,Russia (records with explicit foreign address excluded),active cattery-breed association,FARUS,1006,https://xn--80a6adhc.xn--p1ai/catteries/99/1625.html,2026-09-09,Supply-side federation register; multi-breed catteries contribute once to each listed breed; no animal/litter counts; undated cards retained; unknown codes omitted
RU-FARUS-CATTERIES-2026-09-09,1626,1715/МОД/26 MilWise,SCS,Scottish Straight,VBO:0100213,exact,1,Russia (records with explicit foreign address excluded),active cattery-breed association,FARUS,1006,https://xn--80a6adhc.xn--p1ai/catteries/95/1626.html,2026-09-09,Supply-side federation register; multi-breed catteries contribute once to each listed breed; no animal/litter counts; undated cards retained; unknown codes omitted
RU-FARUS-CATTERIES-2026-09-09,1626,1715/МОД/26 MilWise,SFS,Scottish Fold,VBO:0100209,exact,1,Russia (records with explicit foreign address excluded),active cattery-breed association,FARUS,1006,https://xn--80a6adhc.xn--p1ai/catteries/95/1626.html,2026-09-09,Supply-side federation register; multi-breed catteries contribute once to each listed breed; no animal/litter counts; undated cards retained; unknown codes omitted
RU-FARUS-CATTERIES-2026-09-09,1627,1716/ПВ/26 Kotobuketik,SCL,Scottish Straight Longhair,VBO:0100214,exact,1,Russia (records with explicit foreign address excluded),active cattery-breed association,FARUS,1006,https://xn--80a6adhc.xn--p1ai/catteries/95/1627.html,2026-09-09,Supply-side federation register; multi-breed catteries contribute once to each listed breed; no animal/litter counts; undated cards retained; unknown codes omitted
RU-FARUS-CATTERIES-2026-09-09,1627,1716/ПВ/26 Kotobuketik,SCS,Scottish Straight,VBO:0100213,exact,1,Russia (records with explicit foreign address excluded),active cattery-breed association,FARUS,1006,https://xn--80a6adhc.xn--p1ai/catteries/95/1627.html,2026-09-09,Supply-side federation register; multi-breed catteries contribute once to each listed breed; no animal/litter counts; undated cards retained; unknown codes omitted
RU-FARUS-CATTERIES-2026-09-09,1627,1716/ПВ/26 Kotobuketik,SFL,Scottish Fold Longhair,VBO:0100210,exact,1,Russia (records with explicit foreign address excluded),active cattery-breed association,FARUS,1006,https://xn--80a6adhc.xn--p1ai/catteries/95/1627.html,2026-09-09,Supply-side federation register; multi-breed catteries contribute once to each listed breed; no animal/litter counts; undated cards retained; unknown codes omitted
RU-FARUS-CATTERIES-2026-09-09,1627,1716/ПВ/26 Kotobuketik,SFS,Scottish Fold,VBO:0100209,exact,1,Russia (records with explicit foreign address excluded),active cattery-breed association,FARUS,1006,https://xn--80a6adhc.xn--p1ai/catteries/95/1627.html,2026-09-09,Supply-side federation register; multi-breed catteries contribute once to each listed breed; no animal/litter counts; undated cards retained; unknown codes omitted
RU-FARUS-CATTERIES-2026-09-09,1628,1717/М/26 Velour Paws,BRI,British Shorthair,VBO:0100052,exact,1,Russia (records with explicit foreign address excluded),active cattery-breed association,FARUS,1006,https://xn--80a6adhc.xn--p1ai/catteries/95/1628.html,2026-09-09,Supply-side federation register; multi-breed catteries contribute once to each listed breed; no animal/litter counts; undated cards retained; unknown codes omitted
RU-FARUS-CATTERIES-2026-09-09,1630,1719/КС/26 Shalom Qattula,ABY,Abyssinian,VBO:0100000,exact,1,Russia (records with explicit foreign address excluded),active cattery-breed association,FARUS,1006,https://xn--80a6adhc.xn--p1ai/catteries/96/1630.html,2026-09-09,Supply-side federation register; multi-breed catteries contribute once to each listed breed; no animal/litter counts; undated cards retained; unknown codes omitted
RU-FARUS-CATTERIES-2026-09-09,1630,1719/КС/26 Shalom Qattula,BUR,Burmese,VBO:0100053,exact,1,Russia (records with explicit foreign address excluded),active cattery-breed association,FARUS,1006,https://xn--80a6adhc.xn--p1ai/catteries/96/1630.html,2026-09-09,Supply-side federation register; multi-breed catteries contribute once to each listed breed; no animal/litter counts; undated cards retained; unknown codes omitted
RU-FARUS-CATTERIES-2026-09-09,1630,1719/КС/26 Shalom Qattula,DRX,Devon Rex,VBO:0100084,exact,1,Russia (records with explicit foreign address excluded),active cattery-breed association,FARUS,1006,https://xn--80a6adhc.xn--p1ai/catteries/96/1630.html,2026-09-09,Supply-side federation register; multi-breed catteries contribute once to each listed breed; no animal/litter counts; undated cards retained; unknown codes omitted
RU-FARUS-CATTERIES-2026-09-09,1630,1719/КС/26 Shalom Qattula,DSX,Donskoy,VBO:0100086,exact,1,Russia (records with explicit foreign address excluded),active cattery-breed association,FARUS,1006,https://xn--80a6adhc.xn--p1ai/catteries/96/1630.html,2026-09-09,Supply-side federation register; multi-breed catteries contribute once to each listed breed; no animal/litter counts; undated cards retained; unknown codes omitted
RU-FARUS-CATTERIES-2026-09-09,1630,1719/КС/26 Shalom Qattula,OSH,Oriental Shorthair,VBO:0100184,exact,1,Russia (records with explicit foreign address excluded),active cattery-breed association,FARUS,1006,https://xn--80a6adhc.xn--p1ai/catteries/96/1630.html,2026-09-09,Supply-side federation register; multi-breed catteries contribute once to each listed breed; no animal/litter counts; undated cards retained; unknown codes omitted
RU-FARUS-CATTERIES-2026-09-09,1630,1719/КС/26 Shalom Qattula,SPH,Sphynx,VBO:0100230,exact,1,Russia (records with explicit foreign address excluded),active cattery-breed association,FARUS,1006,https://xn--80a6adhc.xn--p1ai/catteries/96/1630.html,2026-09-09,Supply-side federation register; multi-breed catteries contribute once to each listed breed; no animal/litter counts; undated cards retained; unknown codes omitted
RU-FARUS-CATTERIES-2026-09-09,1631,1720/КС/26 Lili`s Gold BRI,BRI,British Shorthair,VBO:0100052,exact,1,Russia (records with explicit foreign address excluded),active cattery-breed association,FARUS,1006,https://xn--80a6adhc.xn--p1ai/catteries/96/1631.html,2026-09-09,Supply-side federation register; multi-breed catteries contribute once to each listed breed; no animal/litter counts; undated cards retained; unknown codes omitted
RU-FARUS-CATTERIES-2026-09-09,1632,1721/МОП/26 Silver Strand,BRI,British Shorthair,VBO:0100052,exact,1,Russia (records with explicit foreign address excluded),active cattery-breed association,FARUS,1006,https://xn--80a6adhc.xn--p1ai/catteries/135/1632.html,2026-09-09,Supply-side federation register; multi-breed catteries contribute once to each listed breed; no animal/litter counts; undated cards retained; unknown codes omitted
RU-FARUS-CATTERIES-2026-09-09,1633,1722/КБ/26 Kuzbass Pride,OSH,Oriental Shorthair,VBO:0100184,exact,1,Russia (records with explicit foreign address excluded),active cattery-breed association,FARUS,1006,https://xn--80a6adhc.xn--p1ai/catteries/107/1633.html,2026-09-09,Supply-side federation register; multi-breed catteries contribute once to each listed breed; no animal/litter counts; undated cards retained; unknown codes omitted
RU-FARUS-CATTERIES-2026-09-09,1634,1723/С-П/26 Lore Anri De Yu Tass,BLH,British Longhair,VBO:0100051,exact,1,Russia (records with explicit foreign address excluded),active cattery-breed association,FARUS,1006,https://xn--80a6adhc.xn--p1ai/catteries/102/1634.html,2026-09-09,Supply-side federation register; multi-breed catteries contribute once to each listed breed; no animal/litter counts; undated cards retained; unknown codes omitted
RU-FARUS-CATTERIES-2026-09-09,1634,1723/С-П/26 Lore Anri De Yu Tass,BRI,British Shorthair,VBO:0100052,exact,1,Russia (records with explicit foreign address excluded),active cattery-breed association,FARUS,1006,https://xn--80a6adhc.xn--p1ai/catteries/102/1634.html,2026-09-09,Supply-side federation register; multi-breed catteries contribute once to each listed breed; no animal/litter counts; undated cards retained; unknown codes omitted
RU-FARUS-CATTERIES-2026-09-09,1634,1723/С-П/26 Lore Anri De Yu Tass,SCL,Scottish Straight Longhair,VBO:0100214,exact,1,Russia (records with explicit foreign address excluded),active cattery-breed association,FARUS,1006,https://xn--80a6adhc.xn--p1ai/catteries/102/1634.html,2026-09-09,Supply-side federation register; multi-breed catteries contribute once to each listed breed; no animal/litter counts; undated cards retained; unknown codes omitted
RU-FARUS-CATTERIES-2026-09-09,1634,1723/С-П/26 Lore Anri De Yu Tass,SCS,Scottish Straight,VBO:0100213,exact,1,Russia (records with explicit foreign address excluded),active cattery-breed association,FARUS,1006,https://xn--80a6adhc.xn--p1ai/catteries/102/1634.html,2026-09-09,Supply-side federation register; multi-breed catteries contribute once to each listed breed; no animal/litter counts; undated cards retained; unknown codes omitted
RU-FARUS-CATTERIES-2026-09-09,1634,1723/С-П/26 Lore Anri De Yu Tass,SFL,Scottish Fold Longhair,VBO:0100210,exact,1,Russia (records with explicit foreign address excluded),active cattery-breed association,FARUS,1006,https://xn--80a6adhc.xn--p1ai/catteries/102/1634.html,2026-09-09,Supply-side federation register; multi-breed catteries contribute once to each listed breed; no animal/litter counts; undated cards retained; unknown codes omitted
RU-FARUS-CATTERIES-2026-09-09,1634,1723/С-П/26 Lore Anri De Yu Tass,SFS,Scottish Fold,VBO:0100209,exact,1,Russia (records with explicit foreign address excluded),active cattery-breed association,FARUS,1006,https://xn--80a6adhc.xn--p1ai/catteries/102/1634.html,2026-09-09,Supply-side federation register; multi-breed catteries contribute once to each listed breed; no animal/litter counts; undated cards retained; unknown codes omitted
RU-FARUS-CATTERIES-2026-09-09,164,BoniCat,BRI,British Shorthair,VBO:0100052,exact,1,Russia (records with explicit foreign address excluded),active cattery-breed association,FARUS,1006,https://xn--80a6adhc.xn--p1ai/catteries/83/164.html,2026-09-09,Supply-side federation register; multi-breed catteries contribute once to each listed breed; no animal/litter counts; undated cards retained; unknown codes omitted
RU-FARUS-CATTERIES-2026-09-09,165,Avantiurun,RUS,Russian Blue,VBO:0100200,exact,1,Russia (records with explicit foreign address excluded),active cattery-breed association,FARUS,1006,https://xn--80a6adhc.xn--p1ai/catteries/83/165.html,2026-09-09,Supply-side federation register; multi-breed catteries contribute once to each listed breed; no animal/litter counts; undated cards retained; unknown codes omitted
RU-FARUS-CATTERIES-2026-09-09,166,SOTAS,SFL,Scottish Fold Longhair,VBO:0100210,exact,1,Russia (records with explicit foreign address excluded),active cattery-breed association,FARUS,1006,https://xn--80a6adhc.xn--p1ai/catteries/83/166.html,2026-09-09,Supply-side federation register; multi-breed catteries contribute once to each listed breed; no animal/litter counts; undated cards retained; unknown codes omitted
RU-FARUS-CATTERIES-2026-09-09,166,SOTAS,SFS,Scottish Fold,VBO:0100209,exact,1,Russia (records with explicit foreign address excluded),active cattery-breed association,FARUS,1006,https://xn--80a6adhc.xn--p1ai/catteries/83/166.html,2026-09-09,Supply-side federation register; multi-breed catteries contribute once to each listed breed; no animal/litter counts; undated cards retained; unknown codes omitted
RU-FARUS-CATTERIES-2026-09-09,167,Kamel' Rouge,ABY,Abyssinian,VBO:0100000,exact,1,Russia (records with explicit foreign address excluded),active cattery-breed association,FARUS,1006,https://xn--80a6adhc.xn--p1ai/catteries/83/167.html,2026-09-09,Supply-side federation register; multi-breed catteries contribute once to each listed breed; no animal/litter counts; undated cards retained; unknown codes omitted
RU-FARUS-CATTERIES-2026-09-09,168,Altfaizer Kiss,OSH,Oriental Shorthair,VBO:0100184,exact,1,Russia (records with explicit foreign address excluded),active cattery-breed association,FARUS,1006,https://xn--80a6adhc.xn--p1ai/catteries/83/168.html,2026-09-09,Supply-side federation register; multi-breed catteries contribute once to each listed breed; no animal/litter counts; undated cards retained; unknown codes omitted
RU-FARUS-CATTERIES-2026-09-09,168,Altfaizer Kiss,SIA,Siamese,VBO:0100221,exact,1,Russia (records with explicit foreign address excluded),active cattery-breed association,FARUS,1006,https://xn--80a6adhc.xn--p1ai/catteries/83/168.html,2026-09-09,Supply-side federation register; multi-breed catteries contribute once to each listed breed; no animal/litter counts; undated cards retained; unknown codes omitted
RU-FARUS-CATTERIES-2026-09-09,169,Briness,BRI,British Shorthair,VBO:0100052,exact,1,Russia (records with explicit foreign address excluded),active cattery-breed association,FARUS,1006,https://xn--80a6adhc.xn--p1ai/catteries/83/169.html,2026-09-09,Supply-side federation register; multi-breed catteries contribute once to each listed breed; no animal/litter counts; undated cards retained; unknown codes omitted
RU-FARUS-CATTERIES-2026-09-09,170,Ladakedi,TUA,Turkish Angora,VBO:0100249,exact,1,Russia (records with explicit foreign address excluded),active cattery-breed association,FARUS,1006,https://xn--80a6adhc.xn--p1ai/catteries/83/170.html,2026-09-09,Supply-side federation register; multi-breed catteries contribute once to each listed breed; no animal/litter counts; undated cards retained; unknown codes omitted
RU-FARUS-CATTERIES-2026-09-09,171,Andriady Cat,DRX,Devon Rex,VBO:0100084,exact,1,Russia (records with explicit foreign address excluded),active cattery-breed association,FARUS,1006,https://xn--80a6adhc.xn--p1ai/catteries/83/171.html,2026-09-09,Supply-side federation register; multi-breed catteries contribute once to each listed breed; no animal/litter counts; undated cards retained; unknown codes omitted
RU-FARUS-CATTERIES-2026-09-09,171,Andriady Cat,SPH,Sphynx,VBO:0100230,exact,1,Russia (records with explicit foreign address excluded),active cattery-breed association,FARUS,1006,https://xn--80a6adhc.xn--p1ai/catteries/83/171.html,2026-09-09,Supply-side federation register; multi-breed catteries contribute once to each listed breed; no animal/litter counts; undated cards retained; unknown codes omitted
RU-FARUS-CATTERIES-2026-09-09,172,Yanina Beauty,BRI,British Shorthair,VBO:0100052,exact,1,Russia (records with explicit foreign address excluded),active cattery-breed association,FARUS,1006,https://xn--80a6adhc.xn--p1ai/catteries/83/172.html,2026-09-09,Supply-side federation register; multi-breed catteries contribute once to each listed breed; no animal/litter counts; undated cards retained; unknown codes omitted
RU-FARUS-CATTERIES-2026-09-09,173,Benavill,SFL,Scottish Fold Longhair,VBO:0100210,exact,1,Russia (records with explicit foreign address excluded),active cattery-breed association,FARUS,1006,https://xn--80a6adhc.xn--p1ai/catteries/83/173.html,2026-09-09,Supply-side federation register; multi-breed catteries contribute once to each listed breed; no animal/litter counts; undated cards retained; unknown codes omitted
RU-FARUS-CATTERIES-2026-09-09,173,Benavill,SFS,Scottish Fold,VBO:0100209,exact,1,Russia (records with explicit foreign address excluded),active cattery-breed association,FARUS,1006,https://xn--80a6adhc.xn--p1ai/catteries/83/173.html,2026-09-09,Supply-side federation register; multi-breed catteries contribute once to each listed breed; no animal/litter counts; undated cards retained; unknown codes omitted
RU-FARUS-CATTERIES-2026-09-09,174,Bast - Moon,MCO,Maine Coon,VBO:0100154,exact,1,Russia (records with explicit foreign address excluded),active cattery-breed association,FARUS,1006,https://xn--80a6adhc.xn--p1ai/catteries/83/174.html,2026-09-09,Supply-side federation register; multi-breed catteries contribute once to each listed breed; no animal/litter counts; undated cards retained; unknown codes omitted
RU-FARUS-CATTERIES-2026-09-09,175,Silk Road,SFL,Scottish Fold Longhair,VBO:0100210,exact,1,Russia (records with explicit foreign address excluded),active cattery-breed association,FARUS,1006,https://xn--80a6adhc.xn--p1ai/catteries/83/175.html,2026-09-09,Supply-side federation register; multi-breed catteries contribute once to each listed breed; no animal/litter counts; undated cards retained; unknown codes omitted
RU-FARUS-CATTERIES-2026-09-09,175,Silk Road,SFS,Scottish Fold,VBO:0100209,exact,1,Russia (records with explicit foreign address excluded),active cattery-breed association,FARUS,1006,https://xn--80a6adhc.xn--p1ai/catteries/83/175.html,2026-09-09,Supply-side federation register; multi-breed catteries contribute once to each listed breed; no animal/litter counts; undated cards retained; unknown codes omitted
RU-FARUS-CATTERIES-2026-09-09,177,Soft Dream,SFL,Scottish Fold Longhair,VBO:0100210,exact,1,Russia (records with explicit foreign address excluded),active cattery-breed association,FARUS,1006,https://xn--80a6adhc.xn--p1ai/catteries/83/177.html,2026-09-09,Supply-side federation register; multi-breed catteries contribute once to each listed breed; no animal/litter counts; undated cards retained; unknown codes omitted
RU-FARUS-CATTERIES-2026-09-09,177,Soft Dream,SFS,Scottish Fold,VBO:0100209,exact,1,Russia (records with explicit foreign address excluded),active cattery-breed association,FARUS,1006,https://xn--80a6adhc.xn--p1ai/catteries/83/177.html,2026-09-09,Supply-side federation register; multi-breed catteries contribute once to each listed breed; no animal/litter counts; undated cards retained; unknown codes omitted
RU-FARUS-CATTERIES-2026-09-09,178,NokkeyN,ABY,Abyssinian,VBO:0100000,exact,1,Russia (records with explicit foreign address excluded),active cattery-breed association,FARUS,1006,https://xn--80a6adhc.xn--p1ai/catteries/83/178.html,2026-09-09,Supply-side federation register; multi-breed catteries contribute once to each listed breed; no animal/litter counts; undated cards retained; unknown codes omitted
RU-FARUS-CATTERIES-2026-09-09,178,NokkeyN,BEN,Bengal,VBO:0100040,exact,1,Russia (records with explicit foreign address excluded),active cattery-breed association,FARUS,1006,https://xn--80a6adhc.xn--p1ai/catteries/83/178.html,2026-09-09,Supply-side federation register; multi-breed catteries contribute once to each listed breed; no animal/litter counts; undated cards retained; unknown codes omitted
RU-FARUS-CATTERIES-2026-09-09,178,NokkeyN,BUR,Burmese,VBO:0100053,exact,1,Russia (records with explicit foreign address excluded),active cattery-breed association,FARUS,1006,https://xn--80a6adhc.xn--p1ai/catteries/83/178.html,2026-09-09,Supply-side federation register; multi-breed catteries contribute once to each listed breed; no animal/litter counts; undated cards retained; unknown codes omitted
RU-FARUS-CATTERIES-2026-09-09,178,NokkeyN,CHS,Chausie,VBO:0100068,exact,1,Russia (records with explicit foreign address excluded),active cattery-breed association,FARUS,1006,https://xn--80a6adhc.xn--p1ai/catteries/83/178.html,2026-09-09,Supply-side federation register; multi-breed catteries contribute once to each listed breed; no animal/litter counts; undated cards retained; unknown codes omitted
RU-FARUS-CATTERIES-2026-09-09,178,NokkeyN,SOM,Somali,VBO:0100229,exact,1,Russia (records with explicit foreign address excluded),active cattery-breed association,FARUS,1006,https://xn--80a6adhc.xn--p1ai/catteries/83/178.html,2026-09-09,Supply-side federation register; multi-breed catteries contribute once to each listed breed; no animal/litter counts; undated cards retained; unknown codes omitted
RU-FARUS-CATTERIES-2026-09-09,179,Elemurry,SFL,Scottish Fold Longhair,VBO:0100210,exact,1,Russia (records with explicit foreign address excluded),active cattery-breed association,FARUS,1006,https://xn--80a6adhc.xn--p1ai/catteries/83/179.html,2026-09-09,Supply-side federation register; multi-breed catteries contribute once to each listed breed; no animal/litter counts; undated cards retained; unknown codes omitted
RU-FARUS-CATTERIES-2026-09-09,179,Elemurry,SFS,Scottish Fold,VBO:0100209,exact,1,Russia (records with explicit foreign address excluded),active cattery-breed association,FARUS,1006,https://xn--80a6adhc.xn--p1ai/catteries/83/179.html,2026-09-09,Supply-side federation register; multi-breed catteries contribute once to each listed breed; no animal/litter counts; undated cards retained; unknown codes omitted
RU-FARUS-CATTERIES-2026-09-09,180,Compliment,BRI,British Shorthair,VBO:0100052,exact,1,Russia (records with explicit foreign address excluded),active cattery-breed association,FARUS,1006,https://xn--80a6adhc.xn--p1ai/catteries/83/180.html,2026-09-09,Supply-side federation register; multi-breed catteries contribute once to each listed breed; no animal/litter counts; undated cards retained; unknown codes omitted
RU-FARUS-CATTERIES-2026-09-09,180,Compliment,BRL,British Longhair,VBO:0100051,exact,1,Russia (records with explicit foreign address excluded),active cattery-breed association,FARUS,1006,https://xn--80a6adhc.xn--p1ai/catteries/83/180.html,2026-09-09,Supply-side federation register; multi-breed catteries contribute once to each listed breed; no animal/litter counts; undated cards retained; unknown codes omitted
RU-FARUS-CATTERIES-2026-09-09,180,Compliment,SCL,Scottish Straight Longhair,VBO:0100214,exact,1,Russia (records with explicit foreign address excluded),active cattery-breed association,FARUS,1006,https://xn--80a6adhc.xn--p1ai/catteries/83/180.html,2026-09-09,Supply-side federation register; multi-breed catteries contribute once to each listed breed; no animal/litter counts; undated cards retained; unknown codes omitted
RU-FARUS-CATTERIES-2026-09-09,180,Compliment,SCS,Scottish Straight,VBO:0100213,exact,1,Russia (records with explicit foreign address excluded),active cattery-breed association,FARUS,1006,https://xn--80a6adhc.xn--p1ai/catteries/83/180.html,2026-09-09,Supply-side federation register; multi-breed catteries contribute once to each listed breed; no animal/litter counts; undated cards retained; unknown codes omitted
RU-FARUS-CATTERIES-2026-09-09,180,Compliment,SFL,Scottish Fold Longhair,VBO:0100210,exact,1,Russia (records with explicit foreign address excluded),active cattery-breed association,FARUS,1006,https://xn--80a6adhc.xn--p1ai/catteries/83/180.html,2026-09-09,Supply-side federation register; multi-breed catteries contribute once to each listed breed; no animal/litter counts; undated cards retained; unknown codes omitted
RU-FARUS-CATTERIES-2026-09-09,180,Compliment,SFS,Scottish Fold,VBO:0100209,exact,1,Russia (records with explicit foreign address excluded),active cattery-breed association,FARUS,1006,https://xn--80a6adhc.xn--p1ai/catteries/83/180.html,2026-09-09,Supply-side federation register; multi-breed catteries contribute once to each listed breed; no animal/litter counts; undated cards retained; unknown codes omitted
RU-FARUS-CATTERIES-2026-09-09,181,Sura Cat,BLH,British Longhair,VBO:0100051,exact,1,Russia (records with explicit foreign address excluded),active cattery-breed association,FARUS,1006,https://xn--80a6adhc.xn--p1ai/catteries/83/181.html,2026-09-09,Supply-side federation register; multi-breed catteries contribute once to each listed breed; no animal/litter counts; undated cards retained; unknown codes omitted
RU-FARUS-CATTERIES-2026-09-09,181,Sura Cat,BRI,British Shorthair,VBO:0100052,exact,1,Russia (records with explicit foreign address excluded),active cattery-breed association,FARUS,1006,https://xn--80a6adhc.xn--p1ai/catteries/83/181.html,2026-09-09,Supply-side federation register; multi-breed catteries contribute once to each listed breed; no animal/litter counts; undated cards retained; unknown codes omitted
RU-FARUS-CATTERIES-2026-09-09,181,Sura Cat,DSX,Donskoy,VBO:0100086,exact,1,Russia (records with explicit foreign address excluded),active cattery-breed association,FARUS,1006,https://xn--80a6adhc.xn--p1ai/catteries/83/181.html,2026-09-09,Supply-side federation register; multi-breed catteries contribute once to each listed breed; no animal/litter counts; undated cards retained; unknown codes omitted
RU-FARUS-CATTERIES-2026-09-09,181,Sura Cat,SPH,Sphynx,VBO:0100230,exact,1,Russia (records with explicit foreign address excluded),active cattery-breed association,FARUS,1006,https://xn--80a6adhc.xn--p1ai/catteries/83/181.html,2026-09-09,Supply-side federation register; multi-breed catteries contribute once to each listed breed; no animal/litter counts; undated cards retained; unknown codes omitted
RU-FARUS-CATTERIES-2026-09-09,183,ArLeYar Coon,MCO,Maine Coon,VBO:0100154,exact,1,Russia (records with explicit foreign address excluded),active cattery-breed association,FARUS,1006,https://xn--80a6adhc.xn--p1ai/catteries/83/183.html,2026-09-09,Supply-side federation register; multi-breed catteries contribute once to each listed breed; no animal/litter counts; undated cards retained; unknown codes omitted
RU-FARUS-CATTERIES-2026-09-09,184,Mon Fleur,BRI,British Shorthair,VBO:0100052,exact,1,Russia (records with explicit foreign address excluded),active cattery-breed association,FARUS,1006,https://xn--80a6adhc.xn--p1ai/catteries/83/184.html,2026-09-09,Supply-side federation register; multi-breed catteries contribute once to each listed breed; no animal/litter counts; undated cards retained; unknown codes omitted
RU-FARUS-CATTERIES-2026-09-09,184,Mon Fleur,MNS,"Munchkin (Munchk), Short-Haired",VBO:0100303,exact,1,Russia (records with explicit foreign address excluded),active cattery-breed association,FARUS,1006,https://xn--80a6adhc.xn--p1ai/catteries/83/184.html,2026-09-09,Supply-side federation register; multi-breed catteries contribute once to each listed breed; no animal/litter counts; undated cards retained; unknown codes omitted
RU-FARUS-CATTERIES-2026-09-09,185,Catlar,TUA,Turkish Angora,VBO:0100249,exact,1,Russia (records with explicit foreign address excluded),active cattery-breed association,FARUS,1006,https://xn--80a6adhc.xn--p1ai/catteries/83/185.html,2026-09-09,Supply-side federation register; multi-breed catteries contribute once to each listed breed; no animal/litter counts; undated cards retained; unknown codes omitted
RU-FARUS-CATTERIES-2026-09-09,186,Lenis Animal,SFL,Scottish Fold Longhair,VBO:0100210,exact,1,Russia (records with explicit foreign address excluded),active cattery-breed association,FARUS,1006,https://xn--80a6adhc.xn--p1ai/catteries/83/186.html,2026-09-09,Supply-side federation register; multi-breed catteries contribute once to each listed breed; no animal/litter counts; undated cards retained; unknown codes omitted
RU-FARUS-CATTERIES-2026-09-09,186,Lenis Animal,SFS,Scottish Fold,VBO:0100209,exact,1,Russia (records with explicit foreign address excluded),active cattery-breed association,FARUS,1006,https://xn--80a6adhc.xn--p1ai/catteries/83/186.html,2026-09-09,Supply-side federation register; multi-breed catteries contribute once to each listed breed; no animal/litter counts; undated cards retained; unknown codes omitted
RU-FARUS-CATTERIES-2026-09-09,187,Vip-Animal,ABY,Abyssinian,VBO:0100000,exact,1,Russia (records with explicit foreign address excluded),active cattery-breed association,FARUS,1006,https://xn--80a6adhc.xn--p1ai/catteries/83/187.html,2026-09-09,Supply-side federation register; multi-breed catteries contribute once to each listed breed; no animal/litter counts; undated cards retained; unknown codes omitted
RU-FARUS-CATTERIES-2026-09-09,187,Vip-Animal,BEN,Bengal,VBO:0100040,exact,1,Russia (records with explicit foreign address excluded),active cattery-breed association,FARUS,1006,https://xn--80a6adhc.xn--p1ai/catteries/83/187.html,2026-09-09,Supply-side federation register; multi-breed catteries contribute once to each listed breed; no animal/litter counts; undated cards retained; unknown codes omitted
RU-FARUS-CATTERIES-2026-09-09,187,Vip-Animal,BRI,British Shorthair,VBO:0100052,exact,1,Russia (records with explicit foreign address excluded),active cattery-breed association,FARUS,1006,https://xn--80a6adhc.xn--p1ai/catteries/83/187.html,2026-09-09,Supply-side federation register; multi-breed catteries contribute once to each listed breed; no animal/litter counts; undated cards retained; unknown codes omitted
RU-FARUS-CATTERIES-2026-09-09,187,Vip-Animal,MCO,Maine Coon,VBO:0100154,exact,1,Russia (records with explicit foreign address excluded),active cattery-breed association,FARUS,1006,https://xn--80a6adhc.xn--p1ai/catteries/83/187.html,2026-09-09,Supply-side federation register; multi-breed catteries contribute once to each listed breed; no animal/litter counts; undated cards retained; unknown codes omitted
RU-FARUS-CATTERIES-2026-09-09,187,Vip-Animal,ORI,Oriental Shorthair,VBO:0100184,exact,1,Russia (records with explicit foreign address excluded),active cattery-breed association,FARUS,1006,https://xn--80a6adhc.xn--p1ai/catteries/83/187.html,2026-09-09,Supply-side federation register; multi-breed catteries contribute once to each listed breed; no animal/litter counts; undated cards retained; unknown codes omitted
RU-FARUS-CATTERIES-2026-09-09,187,Vip-Animal,PER,Persian,VBO:0100188,exact,1,Russia (records with explicit foreign address excluded),active cattery-breed association,FARUS,1006,https://xn--80a6adhc.xn--p1ai/catteries/83/187.html,2026-09-09,Supply-side federation register; multi-breed catteries contribute once to each listed breed; no animal/litter counts; undated cards retained; unknown codes omitted
RU-FARUS-CATTERIES-2026-09-09,187,Vip-Animal,SPH,Sphynx,VBO:0100230,exact,1,Russia (records with explicit foreign address excluded),active cattery-breed association,FARUS,1006,https://xn--80a6adhc.xn--p1ai/catteries/83/187.html,2026-09-09,Supply-side federation register; multi-breed catteries contribute once to each listed breed; no animal/litter counts; undated cards retained; unknown codes omitted
RU-FARUS-CATTERIES-2026-09-09,188,AfSeCa,BEN,Bengal,VBO:0100040,exact,1,Russia (records with explicit foreign address excluded),active cattery-breed association,FARUS,1006,https://xn--80a6adhc.xn--p1ai/catteries/83/188.html,2026-09-09,Supply-side federation register; multi-breed catteries contribute once to each listed breed; no animal/litter counts; undated cards retained; unknown codes omitted
RU-FARUS-CATTERIES-2026-09-09,188,AfSeCa,SAV,Savannah,VBO:0100208,exact,1,Russia (records with explicit foreign address excluded),active cattery-breed association,FARUS,1006,https://xn--80a6adhc.xn--p1ai/catteries/83/188.html,2026-09-09,Supply-side federation register; multi-breed catteries contribute once to each listed breed; no animal/litter counts; undated cards retained; unknown codes omitted
RU-FARUS-CATTERIES-2026-09-09,189,Domesticani,ABY,Abyssinian,VBO:0100000,exact,1,Russia (records with explicit foreign address excluded),active cattery-breed association,FARUS,1006,https://xn--80a6adhc.xn--p1ai/catteries/83/189.html,2026-09-09,Supply-side federation register; multi-breed catteries contribute once to each listed breed; no animal/litter counts; undated cards retained; unknown codes omitted
RU-FARUS-CATTERIES-2026-09-09,190,Leonel,ABY,Abyssinian,VBO:0100000,exact,1,Russia (records with explicit foreign address excluded),active cattery-breed association,FARUS,1006,https://xn--80a6adhc.xn--p1ai/catteries/83/190.html,2026-09-09,Supply-side federation register; multi-breed catteries contribute once to each listed breed; no animal/litter counts; undated cards retained; unknown codes omitted
RU-FARUS-CATTERIES-2026-09-09,190,Leonel,BEN,Bengal,VBO:0100040,exact,1,Russia (records with explicit foreign address excluded),active cattery-breed association,FARUS,1006,https://xn--80a6adhc.xn--p1ai/catteries/83/190.html,2026-09-09,Supply-side federation register; multi-breed catteries contribute once to each listed breed; no animal/litter counts; undated cards retained; unknown codes omitted
RU-FARUS-CATTERIES-2026-09-09,190,Leonel,BRI,British Shorthair,VBO:0100052,exact,1,Russia (records with explicit foreign address excluded),active cattery-breed association,FARUS,1006,https://xn--80a6adhc.xn--p1ai/catteries/83/190.html,2026-09-09,Supply-side federation register; multi-breed catteries contribute once to each listed breed; no animal/litter counts; undated cards retained; unknown codes omitted
RU-FARUS-CATTERIES-2026-09-09,190,Leonel,BRL,British Longhair,VBO:0100051,exact,1,Russia (records with explicit foreign address excluded),active cattery-breed association,FARUS,1006,https://xn--80a6adhc.xn--p1ai/catteries/83/190.html,2026-09-09,Supply-side federation register; multi-breed catteries contribute once to each listed breed; no animal/litter counts; undated cards retained; unknown codes omitted
RU-FARUS-CATTERIES-2026-09-09,190,Leonel,CHS,Chausie,VBO:0100068,exact,1,Russia (records with explicit foreign address excluded),active cattery-breed association,FARUS,1006,https://xn--80a6adhc.xn--p1ai/catteries/83/190.html,2026-09-09,Supply-side federation register; multi-breed catteries contribute once to each listed breed; no animal/litter counts; undated cards retained; unknown codes omitted
RU-FARUS-CATTERIES-2026-09-09,190,Leonel,MCO,Maine Coon,VBO:0100154,exact,1,Russia (records with explicit foreign address excluded),active cattery-breed association,FARUS,1006,https://xn--80a6adhc.xn--p1ai/catteries/83/190.html,2026-09-09,Supply-side federation register; multi-breed catteries contribute once to each listed breed; no animal/litter counts; undated cards retained; unknown codes omitted
RU-FARUS-CATTERIES-2026-09-09,190,Leonel,SOM,Somali,VBO:0100229,exact,1,Russia (records with explicit foreign address excluded),active cattery-breed association,FARUS,1006,https://xn--80a6adhc.xn--p1ai/catteries/83/190.html,2026-09-09,Supply-side federation register; multi-breed catteries contribute once to each listed breed; no animal/litter counts; undated cards retained; unknown codes omitted
RU-FARUS-CATTERIES-2026-09-09,190,Leonel,SPH,Sphynx,VBO:0100230,exact,1,Russia (records with explicit foreign address excluded),active cattery-breed association,FARUS,1006,https://xn--80a6adhc.xn--p1ai/catteries/83/190.html,2026-09-09,Supply-side federation register; multi-breed catteries contribute once to each listed breed; no animal/litter counts; undated cards retained; unknown codes omitted
RU-FARUS-CATTERIES-2026-09-09,191,AbyTime,ABY,Abyssinian,VBO:0100000,exact,1,Russia (records with explicit foreign address excluded),active cattery-breed association,FARUS,1006,https://xn--80a6adhc.xn--p1ai/catteries/83/191.html,2026-09-09,Supply-side federation register; multi-breed catteries contribute once to each listed breed; no animal/litter counts; undated cards retained; unknown codes omitted
RU-FARUS-CATTERIES-2026-09-09,191,AbyTime,BEN,Bengal,VBO:0100040,exact,1,Russia (records with explicit foreign address excluded),active cattery-breed association,FARUS,1006,https://xn--80a6adhc.xn--p1ai/catteries/83/191.html,2026-09-09,Supply-side federation register; multi-breed catteries contribute once to each listed breed; no animal/litter counts; undated cards retained; unknown codes omitted
RU-FARUS-CATTERIES-2026-09-09,191,AbyTime,BRI,British Shorthair,VBO:0100052,exact,1,Russia (records with explicit foreign address excluded),active cattery-breed association,FARUS,1006,https://xn--80a6adhc.xn--p1ai/catteries/83/191.html,2026-09-09,Supply-side federation register; multi-breed catteries contribute once to each listed breed; no animal/litter counts; undated cards retained; unknown codes omitted
RU-FARUS-CATTERIES-2026-09-09,191,AbyTime,MCO,Maine Coon,VBO:0100154,exact,1,Russia (records with explicit foreign address excluded),active cattery-breed association,FARUS,1006,https://xn--80a6adhc.xn--p1ai/catteries/83/191.html,2026-09-09,Supply-side federation register; multi-breed catteries contribute once to each listed breed; no animal/litter counts; undated cards retained; unknown codes omitted
RU-FARUS-CATTERIES-2026-09-09,191,AbyTime,SPH,Sphynx,VBO:0100230,exact,1,Russia (records with explicit foreign address excluded),active cattery-breed association,FARUS,1006,https://xn--80a6adhc.xn--p1ai/catteries/83/191.html,2026-09-09,Supply-side federation register; multi-breed catteries contribute once to each listed breed; no animal/litter counts; undated cards retained; unknown codes omitted
RU-FARUS-CATTERIES-2026-09-09,192,Stephanie Aby,ABY,Abyssinian,VBO:0100000,exact,1,Russia (records with explicit foreign address excluded),active cattery-breed association,FARUS,1006,https://xn--80a6adhc.xn--p1ai/catteries/83/192.html,2026-09-09,Supply-side federation register; multi-breed catteries contribute once to each listed breed; no animal/litter counts; undated cards retained; unknown codes omitted
RU-FARUS-CATTERIES-2026-09-09,192,Stephanie Aby,BRI,British Shorthair,VBO:0100052,exact,1,Russia (records with explicit foreign address excluded),active cattery-breed association,FARUS,1006,https://xn--80a6adhc.xn--p1ai/catteries/83/192.html,2026-09-09,Supply-side federation register; multi-breed catteries contribute once to each listed breed; no animal/litter counts; undated cards retained; unknown codes omitted
RU-FARUS-CATTERIES-2026-09-09,192,Stephanie Aby,BRL,British Longhair,VBO:0100051,exact,1,Russia (records with explicit foreign address excluded),active cattery-breed association,FARUS,1006,https://xn--80a6adhc.xn--p1ai/catteries/83/192.html,2026-09-09,Supply-side federation register; multi-breed catteries contribute once to each listed breed; no animal/litter counts; undated cards retained; unknown codes omitted
RU-FARUS-CATTERIES-2026-09-09,192,Stephanie Aby,MCO,Maine Coon,VBO:0100154,exact,1,Russia (records with explicit foreign address excluded),active cattery-breed association,FARUS,1006,https://xn--80a6adhc.xn--p1ai/catteries/83/192.html,2026-09-09,Supply-side federation register; multi-breed catteries contribute once to each listed breed; no animal/litter counts; undated cards retained; unknown codes omitted
RU-FARUS-CATTERIES-2026-09-09,193,Millennium Aby,ABY,Abyssinian,VBO:0100000,exact,1,Russia (records with explicit foreign address excluded),active cattery-breed association,FARUS,1006,https://xn--80a6adhc.xn--p1ai/catteries/83/193.html,2026-09-09,Supply-side federation register; multi-breed catteries contribute once to each listed breed; no animal/litter counts; undated cards retained; unknown codes omitted
RU-FARUS-CATTERIES-2026-09-09,194,AbyssinianFox,ABY,Abyssinian,VBO:0100000,exact,1,Russia (records with explicit foreign address excluded),active cattery-breed association,FARUS,1006,https://xn--80a6adhc.xn--p1ai/catteries/83/194.html,2026-09-09,Supply-side federation register; multi-breed catteries contribute once to each listed breed; no animal/litter counts; undated cards retained; unknown codes omitted
RU-FARUS-CATTERIES-2026-09-09,195,Emmanuelle,ABY,Abyssinian,VBO:0100000,exact,1,Russia (records with explicit foreign address excluded),active cattery-breed association,FARUS,1006,https://xn--80a6adhc.xn--p1ai/catteries/83/195.html,2026-09-09,Supply-side federation register; multi-breed catteries contribute once to each listed breed; no animal/litter counts; undated cards retained; unknown codes omitted
RU-FARUS-CATTERIES-2026-09-09,196,Plush Enjoy,BRI,British Shorthair,VBO:0100052,exact,1,Russia (records with explicit foreign address excluded),active cattery-breed association,FARUS,1006,https://xn--80a6adhc.xn--p1ai/catteries/83/196.html,2026-09-09,Supply-side federation register; multi-breed catteries contribute once to each listed breed; no animal/litter counts; undated cards retained; unknown codes omitted
RU-FARUS-CATTERIES-2026-09-09,196,Plush Enjoy,BRL,British Longhair,VBO:0100051,exact,1,Russia (records with explicit foreign address excluded),active cattery-breed association,FARUS,1006,https://xn--80a6adhc.xn--p1ai/catteries/83/196.html,2026-09-09,Supply-side federation register; multi-breed catteries contribute once to each listed breed; no animal/litter counts; undated cards retained; unknown codes omitted
RU-FARUS-CATTERIES-2026-09-09,197,MimiCats,SCL,Scottish Straight Longhair,VBO:0100214,exact,1,Russia (records with explicit foreign address excluded),active cattery-breed association,FARUS,1006,https://xn--80a6adhc.xn--p1ai/catteries/83/197.html,2026-09-09,Supply-side federation register; multi-breed catteries contribute once to each listed breed; no animal/litter counts; undated cards retained; unknown codes omitted
RU-FARUS-CATTERIES-2026-09-09,197,MimiCats,SCS,Scottish Straight,VBO:0100213,exact,1,Russia (records with explicit foreign address excluded),active cattery-breed association,FARUS,1006,https://xn--80a6adhc.xn--p1ai/catteries/83/197.html,2026-09-09,Supply-side federation register; multi-breed catteries contribute once to each listed breed; no animal/litter counts; undated cards retained; unknown codes omitted
RU-FARUS-CATTERIES-2026-09-09,197,MimiCats,SFL,Scottish Fold Longhair,VBO:0100210,exact,1,Russia (records with explicit foreign address excluded),active cattery-breed association,FARUS,1006,https://xn--80a6adhc.xn--p1ai/catteries/83/197.html,2026-09-09,Supply-side federation register; multi-breed catteries contribute once to each listed breed; no animal/litter counts; undated cards retained; unknown codes omitted
RU-FARUS-CATTERIES-2026-09-09,197,MimiCats,SFS,Scottish Fold,VBO:0100209,exact,1,Russia (records with explicit foreign address excluded),active cattery-breed association,FARUS,1006,https://xn--80a6adhc.xn--p1ai/catteries/83/197.html,2026-09-09,Supply-side federation register; multi-breed catteries contribute once to each listed breed; no animal/litter counts; undated cards retained; unknown codes omitted
RU-FARUS-CATTERIES-2026-09-09,198,Almon Dilaem,ABY,Abyssinian,VBO:0100000,exact,1,Russia (records with explicit foreign address excluded),active cattery-breed association,FARUS,1006,https://xn--80a6adhc.xn--p1ai/catteries/83/198.html,2026-09-09,Supply-side federation register; multi-breed catteries contribute once to each listed breed; no animal/litter counts; undated cards retained; unknown codes omitted
RU-FARUS-CATTERIES-2026-09-09,198,Almon Dilaem,BUR,Burmese,VBO:0100053,exact,1,Russia (records with explicit foreign address excluded),active cattery-breed association,FARUS,1006,https://xn--80a6adhc.xn--p1ai/catteries/83/198.html,2026-09-09,Supply-side federation register; multi-breed catteries contribute once to each listed breed; no animal/litter counts; undated cards retained; unknown codes omitted
RU-FARUS-CATTERIES-2026-09-09,198,Almon Dilaem,ORI,Oriental Shorthair,VBO:0100184,exact,1,Russia (records with explicit foreign address excluded),active cattery-breed association,FARUS,1006,https://xn--80a6adhc.xn--p1ai/catteries/83/198.html,2026-09-09,Supply-side federation register; multi-breed catteries contribute once to each listed breed; no animal/litter counts; undated cards retained; unknown codes omitted
RU-FARUS-CATTERIES-2026-09-09,198,Almon Dilaem,SCS,Scottish Straight,VBO:0100213,exact,1,Russia (records with explicit foreign address excluded),active cattery-breed association,FARUS,1006,https://xn--80a6adhc.xn--p1ai/catteries/83/198.html,2026-09-09,Supply-side federation register; multi-breed catteries contribute once to each listed breed; no animal/litter counts; undated cards retained; unknown codes omitted
RU-FARUS-CATTERIES-2026-09-09,198,Almon Dilaem,SFS,Scottish Fold,VBO:0100209,exact,1,Russia (records with explicit foreign address excluded),active cattery-breed association,FARUS,1006,https://xn--80a6adhc.xn--p1ai/catteries/83/198.html,2026-09-09,Supply-side federation register; multi-breed catteries contribute once to each listed breed; no animal/litter counts; undated cards retained; unknown codes omitted
RU-FARUS-CATTERIES-2026-09-09,199,Odelia&Shain*RU,SCL,Scottish Straight Longhair,VBO:0100214,exact,1,Russia (records with explicit foreign address excluded),active cattery-breed association,FARUS,1006,https://xn--80a6adhc.xn--p1ai/catteries/83/199.html,2026-09-09,Supply-side federation register; multi-breed catteries contribute once to each listed breed; no animal/litter counts; undated cards retained; unknown codes omitted
RU-FARUS-CATTERIES-2026-09-09,199,Odelia&Shain*RU,SCS,Scottish Straight,VBO:0100213,exact,1,Russia (records with explicit foreign address excluded),active cattery-breed association,FARUS,1006,https://xn--80a6adhc.xn--p1ai/catteries/83/199.html,2026-09-09,Supply-side federation register; multi-breed catteries contribute once to each listed breed; no animal/litter counts; undated cards retained; unknown codes omitted
RU-FARUS-CATTERIES-2026-09-09,199,Odelia&Shain*RU,SFL,Scottish Fold Longhair,VBO:0100210,exact,1,Russia (records with explicit foreign address excluded),active cattery-breed association,FARUS,1006,https://xn--80a6adhc.xn--p1ai/catteries/83/199.html,2026-09-09,Supply-side federation register; multi-breed catteries contribute once to each listed breed; no animal/litter counts; undated cards retained; unknown codes omitted
RU-FARUS-CATTERIES-2026-09-09,199,Odelia&Shain*RU,SFS,Scottish Fold,VBO:0100209,exact,1,Russia (records with explicit foreign address excluded),active cattery-breed association,FARUS,1006,https://xn--80a6adhc.xn--p1ai/catteries/83/199.html,2026-09-09,Supply-side federation register; multi-breed catteries contribute once to each listed breed; no animal/litter counts; undated cards retained; unknown codes omitted
RU-FARUS-CATTERIES-2026-09-09,200,SharmPaws,KBL,Kurilian Bobtail Longhair,VBO:0100147,exact,1,Russia (records with explicit foreign address excluded),active cattery-breed association,FARUS,1006,https://xn--80a6adhc.xn--p1ai/catteries/83/200.html,2026-09-09,Supply-side federation register; multi-breed catteries contribute once to each listed breed; no animal/litter counts; undated cards retained; unknown codes omitted
RU-FARUS-CATTERIES-2026-09-09,200,SharmPaws,MNL,Munchkin Longhair,VBO:0100170,exact,1,Russia (records with explicit foreign address excluded),active cattery-breed association,FARUS,1006,https://xn--80a6adhc.xn--p1ai/catteries/83/200.html,2026-09-09,Supply-side federation register; multi-breed catteries contribute once to each listed breed; no animal/litter counts; undated cards retained; unknown codes omitted
RU-FARUS-CATTERIES-2026-09-09,200,SharmPaws,MNS,"Munchkin (Munchk), Short-Haired",VBO:0100303,exact,1,Russia (records with explicit foreign address excluded),active cattery-breed association,FARUS,1006,https://xn--80a6adhc.xn--p1ai/catteries/83/200.html,2026-09-09,Supply-side federation register; multi-breed catteries contribute once to each listed breed; no animal/litter counts; undated cards retained; unknown codes omitted
RU-FARUS-CATTERIES-2026-09-09,200,SharmPaws,SCL,Scottish Straight Longhair,VBO:0100214,exact,1,Russia (records with explicit foreign address excluded),active cattery-breed association,FARUS,1006,https://xn--80a6adhc.xn--p1ai/catteries/83/200.html,2026-09-09,Supply-side federation register; multi-breed catteries contribute once to each listed breed; no animal/litter counts; undated cards retained; unknown codes omitted
RU-FARUS-CATTERIES-2026-09-09,200,SharmPaws,SCS,Scottish Straight,VBO:0100213,exact,1,Russia (records with explicit foreign address excluded),active cattery-breed association,FARUS,1006,https://xn--80a6adhc.xn--p1ai/catteries/83/200.html,2026-09-09,Supply-side federation register; multi-breed catteries contribute once to each listed breed; no animal/litter counts; undated cards retained; unknown codes omitted
RU-FARUS-CATTERIES-2026-09-09,200,SharmPaws,SFL,Scottish Fold Longhair,VBO:0100210,exact,1,Russia (records with explicit foreign address excluded),active cattery-breed association,FARUS,1006,https://xn--80a6adhc.xn--p1ai/catteries/83/200.html,2026-09-09,Supply-side federation register; multi-breed catteries contribute once to each listed breed; no animal/litter counts; undated cards retained; unknown codes omitted
RU-FARUS-CATTERIES-2026-09-09,200,SharmPaws,SFS,Scottish Fold,VBO:0100209,exact,1,Russia (records with explicit foreign address excluded),active cattery-breed association,FARUS,1006,https://xn--80a6adhc.xn--p1ai/catteries/83/200.html,2026-09-09,Supply-side federation register; multi-breed catteries contribute once to each listed breed; no animal/litter counts; undated cards retained; unknown codes omitted
RU-FARUS-CATTERIES-2026-09-09,201,UmaLeon,ABY,Abyssinian,VBO:0100000,exact,1,Russia (records with explicit foreign address excluded),active cattery-breed association,FARUS,1006,https://xn--80a6adhc.xn--p1ai/catteries/83/201.html,2026-09-09,Supply-side federation register; multi-breed catteries contribute once to each listed breed; no animal/litter counts; undated cards retained; unknown codes omitted
RU-FARUS-CATTERIES-2026-09-09,201,UmaLeon,MCO,Maine Coon,VBO:0100154,exact,1,Russia (records with explicit foreign address excluded),active cattery-breed association,FARUS,1006,https://xn--80a6adhc.xn--p1ai/catteries/83/201.html,2026-09-09,Supply-side federation register; multi-breed catteries contribute once to each listed breed; no animal/litter counts; undated cards retained; unknown codes omitted
RU-FARUS-CATTERIES-2026-09-09,201,UmaLeon,SCS,Scottish Straight,VBO:0100213,exact,1,Russia (records with explicit foreign address excluded),active cattery-breed association,FARUS,1006,https://xn--80a6adhc.xn--p1ai/catteries/83/201.html,2026-09-09,Supply-side federation register; multi-breed catteries contribute once to each listed breed; no animal/litter counts; undated cards retained; unknown codes omitted
RU-FARUS-CATTERIES-2026-09-09,201,UmaLeon,SFL,Scottish Fold Longhair,VBO:0100210,exact,1,Russia (records with explicit foreign address excluded),active cattery-breed association,FARUS,1006,https://xn--80a6adhc.xn--p1ai/catteries/83/201.html,2026-09-09,Supply-side federation register; multi-breed catteries contribute once to each listed breed; no animal/litter counts; undated cards retained; unknown codes omitted
RU-FARUS-CATTERIES-2026-09-09,201,UmaLeon,SOM,Somali,VBO:0100229,exact,1,Russia (records with explicit foreign address excluded),active cattery-breed association,FARUS,1006,https://xn--80a6adhc.xn--p1ai/catteries/83/201.html,2026-09-09,Supply-side federation register; multi-breed catteries contribute once to each listed breed; no animal/litter counts; undated cards retained; unknown codes omitted
RU-FARUS-CATTERIES-2026-09-09,201,UmaLeon,SPH,Sphynx,VBO:0100230,exact,1,Russia (records with explicit foreign address excluded),active cattery-breed association,FARUS,1006,https://xn--80a6adhc.xn--p1ai/catteries/83/201.html,2026-09-09,Supply-side federation register; multi-breed catteries contribute once to each listed breed; no animal/litter counts; undated cards retained; unknown codes omitted
RU-FARUS-CATTERIES-2026-09-09,202,Coterie,BRI,British Shorthair,VBO:0100052,exact,1,Russia (records with explicit foreign address excluded),active cattery-breed association,FARUS,1006,https://xn--80a6adhc.xn--p1ai/catteries/83/202.html,2026-09-09,Supply-side federation register; multi-breed catteries contribute once to each listed breed; no animal/litter counts; undated cards retained; unknown codes omitted
RU-FARUS-CATTERIES-2026-09-09,202,Coterie,BRL,British Longhair,VBO:0100051,exact,1,Russia (records with explicit foreign address excluded),active cattery-breed association,FARUS,1006,https://xn--80a6adhc.xn--p1ai/catteries/83/202.html,2026-09-09,Supply-side federation register; multi-breed catteries contribute once to each listed breed; no animal/litter counts; undated cards retained; unknown codes omitted
RU-FARUS-CATTERIES-2026-09-09,203,Toliadia,ABY,Abyssinian,VBO:0100000,exact,1,Russia (records with explicit foreign address excluded),active cattery-breed association,FARUS,1006,https://xn--80a6adhc.xn--p1ai/catteries/83/203.html,2026-09-09,Supply-side federation register; multi-breed catteries contribute once to each listed breed; no animal/litter counts; undated cards retained; unknown codes omitted
RU-FARUS-CATTERIES-2026-09-09,203,Toliadia,BEN,Bengal,VBO:0100040,exact,1,Russia (records with explicit foreign address excluded),active cattery-breed association,FARUS,1006,https://xn--80a6adhc.xn--p1ai/catteries/83/203.html,2026-09-09,Supply-side federation register; multi-breed catteries contribute once to each listed breed; no animal/litter counts; undated cards retained; unknown codes omitted
RU-FARUS-CATTERIES-2026-09-09,203,Toliadia,MCO,Maine Coon,VBO:0100154,exact,1,Russia (records with explicit foreign address excluded),active cattery-breed association,FARUS,1006,https://xn--80a6adhc.xn--p1ai/catteries/83/203.html,2026-09-09,Supply-side federation register; multi-breed catteries contribute once to each listed breed; no animal/litter counts; undated cards retained; unknown codes omitted
RU-FARUS-CATTERIES-2026-09-09,203,Toliadia,ORI,Oriental Shorthair,VBO:0100184,exact,1,Russia (records with explicit foreign address excluded),active cattery-breed association,FARUS,1006,https://xn--80a6adhc.xn--p1ai/catteries/83/203.html,2026-09-09,Supply-side federation register; multi-breed catteries contribute once to each listed breed; no animal/litter counts; undated cards retained; unknown codes omitted
RU-FARUS-CATTERIES-2026-09-09,203,Toliadia,SIA,Siamese,VBO:0100221,exact,1,Russia (records with explicit foreign address excluded),active cattery-breed association,FARUS,1006,https://xn--80a6adhc.xn--p1ai/catteries/83/203.html,2026-09-09,Supply-side federation register; multi-breed catteries contribute once to each listed breed; no animal/litter counts; undated cards retained; unknown codes omitted
RU-FARUS-CATTERIES-2026-09-09,204,Tabassum,BBN,Bambino,VBO:0100037,exact,1,Russia (records with explicit foreign address excluded),active cattery-breed association,FARUS,1006,https://xn--80a6adhc.xn--p1ai/catteries/83/204.html,2026-09-09,Supply-side federation register; multi-breed catteries contribute once to each listed breed; no animal/litter counts; undated cards retained; unknown codes omitted
RU-FARUS-CATTERIES-2026-09-09,204,Tabassum,BBS,,,unresolved,1,Russia (records with explicit foreign address excluded),active cattery-breed association,FARUS,1006,https://xn--80a6adhc.xn--p1ai/catteries/83/204.html,2026-09-09,Supply-side federation register; multi-breed catteries contribute once to each listed breed; no animal/litter counts; undated cards retained; unknown codes omitted
RU-FARUS-CATTERIES-2026-09-09,204,Tabassum,BRI,British Shorthair,VBO:0100052,exact,1,Russia (records with explicit foreign address excluded),active cattery-breed association,FARUS,1006,https://xn--80a6adhc.xn--p1ai/catteries/83/204.html,2026-09-09,Supply-side federation register; multi-breed catteries contribute once to each listed breed; no animal/litter counts; undated cards retained; unknown codes omitted
RU-FARUS-CATTERIES-2026-09-09,204,Tabassum,BRL,British Longhair,VBO:0100051,exact,1,Russia (records with explicit foreign address excluded),active cattery-breed association,FARUS,1006,https://xn--80a6adhc.xn--p1ai/catteries/83/204.html,2026-09-09,Supply-side federation register; multi-breed catteries contribute once to each listed breed; no animal/litter counts; undated cards retained; unknown codes omitted
RU-FARUS-CATTERIES-2026-09-09,204,Tabassum,DWF,Dwelf,VBO:0100089,exact,1,Russia (records with explicit foreign address excluded),active cattery-breed association,FARUS,1006,https://xn--80a6adhc.xn--p1ai/catteries/83/204.html,2026-09-09,Supply-side federation register; multi-breed catteries contribute once to each listed breed; no animal/litter counts; undated cards retained; unknown codes omitted
RU-FARUS-CATTERIES-2026-09-09,204,Tabassum,ELF,Elf,VBO:0100091,exact,1,Russia (records with explicit foreign address excluded),active cattery-breed association,FARUS,1006,https://xn--80a6adhc.xn--p1ai/catteries/83/204.html,2026-09-09,Supply-side federation register; multi-breed catteries contribute once to each listed breed; no animal/litter counts; undated cards retained; unknown codes omitted
RU-FARUS-CATTERIES-2026-09-09,204,Tabassum,MNS,"Munchkin (Munchk), Short-Haired",VBO:0100303,exact,1,Russia (records with explicit foreign address excluded),active cattery-breed association,FARUS,1006,https://xn--80a6adhc.xn--p1ai/catteries/83/204.html,2026-09-09,Supply-side federation register; multi-breed catteries contribute once to each listed breed; no animal/litter counts; undated cards retained; unknown codes omitted
RU-FARUS-CATTERIES-2026-09-09,204,Tabassum,SPH,Sphynx,VBO:0100230,exact,1,Russia (records with explicit foreign address excluded),active cattery-breed association,FARUS,1006,https://xn--80a6adhc.xn--p1ai/catteries/83/204.html,2026-09-09,Supply-side federation register; multi-breed catteries contribute once to each listed breed; no animal/litter counts; undated cards retained; unknown codes omitted
RU-FARUS-CATTERIES-2026-09-09,205,St.Graal',ABY,Abyssinian,VBO:0100000,exact,1,Russia (records with explicit foreign address excluded),active cattery-breed association,FARUS,1006,https://xn--80a6adhc.xn--p1ai/catteries/83/205.html,2026-09-09,Supply-side federation register; multi-breed catteries contribute once to each listed breed; no animal/litter counts; undated cards retained; unknown codes omitted
RU-FARUS-CATTERIES-2026-09-09,205,St.Graal',BEN,Bengal,VBO:0100040,exact,1,Russia (records with explicit foreign address excluded),active cattery-breed association,FARUS,1006,https://xn--80a6adhc.xn--p1ai/catteries/83/205.html,2026-09-09,Supply-side federation register; multi-breed catteries contribute once to each listed breed; no animal/litter counts; undated cards retained; unknown codes omitted
RU-FARUS-CATTERIES-2026-09-09,205,St.Graal',BRI,British Shorthair,VBO:0100052,exact,1,Russia (records with explicit foreign address excluded),active cattery-breed association,FARUS,1006,https://xn--80a6adhc.xn--p1ai/catteries/83/205.html,2026-09-09,Supply-side federation register; multi-breed catteries contribute once to each listed breed; no animal/litter counts; undated cards retained; unknown codes omitted
RU-FARUS-CATTERIES-2026-09-09,205,St.Graal',BRL,British Longhair,VBO:0100051,exact,1,Russia (records with explicit foreign address excluded),active cattery-breed association,FARUS,1006,https://xn--80a6adhc.xn--p1ai/catteries/83/205.html,2026-09-09,Supply-side federation register; multi-breed catteries contribute once to each listed breed; no animal/litter counts; undated cards retained; unknown codes omitted
RU-FARUS-CATTERIES-2026-09-09,205,St.Graal',BUR,Burmese,VBO:0100053,exact,1,Russia (records with explicit foreign address excluded),active cattery-breed association,FARUS,1006,https://xn--80a6adhc.xn--p1ai/catteries/83/205.html,2026-09-09,Supply-side federation register; multi-breed catteries contribute once to each listed breed; no animal/litter counts; undated cards retained; unknown codes omitted
RU-FARUS-CATTERIES-2026-09-09,205,St.Graal',KBL,Kurilian Bobtail Longhair,VBO:0100147,exact,1,Russia (records with explicit foreign address excluded),active cattery-breed association,FARUS,1006,https://xn--80a6adhc.xn--p1ai/catteries/83/205.html,2026-09-09,Supply-side federation register; multi-breed catteries contribute once to each listed breed; no animal/litter counts; undated cards retained; unknown codes omitted
RU-FARUS-CATTERIES-2026-09-09,205,St.Graal',KBS,Kurilian Bobtail Shorthair,VBO:0100148,exact,1,Russia (records with explicit foreign address excluded),active cattery-breed association,FARUS,1006,https://xn--80a6adhc.xn--p1ai/catteries/83/205.html,2026-09-09,Supply-side federation register; multi-breed catteries contribute once to each listed breed; no animal/litter counts; undated cards retained; unknown codes omitted
RU-FARUS-CATTERIES-2026-09-09,205,St.Graal',MCO,Maine Coon,VBO:0100154,exact,1,Russia (records with explicit foreign address excluded),active cattery-breed association,FARUS,1006,https://xn--80a6adhc.xn--p1ai/catteries/83/205.html,2026-09-09,Supply-side federation register; multi-breed catteries contribute once to each listed breed; no animal/litter counts; undated cards retained; unknown codes omitted
RU-FARUS-CATTERIES-2026-09-09,205,St.Graal',SPH,Sphynx,VBO:0100230,exact,1,Russia (records with explicit foreign address excluded),active cattery-breed association,FARUS,1006,https://xn--80a6adhc.xn--p1ai/catteries/83/205.html,2026-09-09,Supply-side federation register; multi-breed catteries contribute once to each listed breed; no animal/litter counts; undated cards retained; unknown codes omitted
RU-FARUS-CATTERIES-2026-09-09,206,Petrovna,ABY,Abyssinian,VBO:0100000,exact,1,Russia (records with explicit foreign address excluded),active cattery-breed association,FARUS,1006,https://xn--80a6adhc.xn--p1ai/catteries/83/206.html,2026-09-09,Supply-side federation register; multi-breed catteries contribute once to each listed breed; no animal/litter counts; undated cards retained; unknown codes omitted
RU-FARUS-CATTERIES-2026-09-09,207,AxumCat,ABY,Abyssinian,VBO:0100000,exact,1,Russia (records with explicit foreign address excluded),active cattery-breed association,FARUS,1006,https://xn--80a6adhc.xn--p1ai/catteries/83/207.html,2026-09-09,Supply-side federation register; multi-breed catteries contribute once to each listed breed; no animal/litter counts; undated cards retained; unknown codes omitted
RU-FARUS-CATTERIES-2026-09-09,207,AxumCat,OSH,Oriental Shorthair,VBO:0100184,exact,1,Russia (records with explicit foreign address excluded),active cattery-breed association,FARUS,1006,https://xn--80a6adhc.xn--p1ai/catteries/83/207.html,2026-09-09,Supply-side federation register; multi-breed catteries contribute once to each listed breed; no animal/litter counts; undated cards retained; unknown codes omitted
RU-FARUS-CATTERIES-2026-09-09,207,AxumCat,SIA,Siamese,VBO:0100221,exact,1,Russia (records with explicit foreign address excluded),active cattery-breed association,FARUS,1006,https://xn--80a6adhc.xn--p1ai/catteries/83/207.html,2026-09-09,Supply-side federation register; multi-breed catteries contribute once to each listed breed; no animal/litter counts; undated cards retained; unknown codes omitted
RU-FARUS-CATTERIES-2026-09-09,208,PRO-Misig,ABY,Abyssinian,VBO:0100000,exact,1,Russia (records with explicit foreign address excluded),active cattery-breed association,FARUS,1006,https://xn--80a6adhc.xn--p1ai/catteries/84/208.html,2026-09-09,Supply-side federation register; multi-breed catteries contribute once to each listed breed; no animal/litter counts; undated cards retained; unknown codes omitted
RU-FARUS-CATTERIES-2026-09-09,209,Muizza's Family,ABY,Abyssinian,VBO:0100000,exact,1,Russia (records with explicit foreign address excluded),active cattery-breed association,FARUS,1006,https://xn--80a6adhc.xn--p1ai/catteries/84/209.html,2026-09-09,Supply-side federation register; multi-breed catteries contribute once to each listed breed; no animal/litter counts; undated cards retained; unknown codes omitted
RU-FARUS-CATTERIES-2026-09-09,211,SepiaTiger,BEN,Bengal,VBO:0100040,exact,1,Russia (records with explicit foreign address excluded),active cattery-breed association,FARUS,1006,https://xn--80a6adhc.xn--p1ai/catteries/84/211.html,2026-09-09,Supply-side federation register; multi-breed catteries contribute once to each listed breed; no animal/litter counts; undated cards retained; unknown codes omitted
RU-FARUS-CATTERIES-2026-09-09,211,SepiaTiger,SBT,,,unresolved,1,Russia (records with explicit foreign address excluded),active cattery-breed association,FARUS,1006,https://xn--80a6adhc.xn--p1ai/catteries/84/211.html,2026-09-09,Supply-side federation register; multi-breed catteries contribute once to each listed breed; no animal/litter counts; undated cards retained; unknown codes omitted
RU-FARUS-CATTERIES-2026-09-09,212,Romanori,ORI,Oriental Shorthair,VBO:0100184,exact,1,Russia (records with explicit foreign address excluded),active cattery-breed association,FARUS,1006,https://xn--80a6adhc.xn--p1ai/catteries/84/212.html,2026-09-09,Supply-side federation register; multi-breed catteries contribute once to each listed breed; no animal/litter counts; undated cards retained; unknown codes omitted
RU-FARUS-CATTERIES-2026-09-09,212,Romanori,SIA,Siamese,VBO:0100221,exact,1,Russia (records with explicit foreign address excluded),active cattery-breed association,FARUS,1006,https://xn--80a6adhc.xn--p1ai/catteries/84/212.html,2026-09-09,Supply-side federation register; multi-breed catteries contribute once to each listed breed; no animal/litter counts; undated cards retained; unknown codes omitted
RU-FARUS-CATTERIES-2026-09-09,213,006/83/2023 Crystal Palace,BUR,Burmese,VBO:0100053,exact,1,Russia (records with explicit foreign address excluded),active cattery-breed association,FARUS,1006,https://xn--80a6adhc.xn--p1ai/catteries/99/213.html,2026-09-09,Supply-side federation register; multi-breed catteries contribute once to each listed breed; no animal/litter counts; undated cards retained; unknown codes omitted
RU-FARUS-CATTERIES-2026-09-09,213,006/83/2023 Crystal Palace,SCS,Scottish Straight,VBO:0100213,exact,1,Russia (records with explicit foreign address excluded),active cattery-breed association,FARUS,1006,https://xn--80a6adhc.xn--p1ai/catteries/99/213.html,2026-09-09,Supply-side federation register; multi-breed catteries contribute once to each listed breed; no animal/litter counts; undated cards retained; unknown codes omitted
RU-FARUS-CATTERIES-2026-09-09,213,006/83/2023 Crystal Palace,SFS,Scottish Fold,VBO:0100209,exact,1,Russia (records with explicit foreign address excluded),active cattery-breed association,FARUS,1006,https://xn--80a6adhc.xn--p1ai/catteries/99/213.html,2026-09-09,Supply-side federation register; multi-breed catteries contribute once to each listed breed; no animal/litter counts; undated cards retained; unknown codes omitted
RU-FARUS-CATTERIES-2026-09-09,214,Runa Fortuna,BUR,Burmese,VBO:0100053,exact,1,Russia (records with explicit foreign address excluded),active cattery-breed association,FARUS,1006,https://xn--80a6adhc.xn--p1ai/catteries/84/214.html,2026-09-09,Supply-side federation register; multi-breed catteries contribute once to each listed breed; no animal/litter counts; undated cards retained; unknown codes omitted
RU-FARUS-CATTERIES-2026-09-09,215,Smart Golden Kittens,ABY,Abyssinian,VBO:0100000,exact,1,Russia (records with explicit foreign address excluded),active cattery-breed association,FARUS,1006,https://xn--80a6adhc.xn--p1ai/catteries/84/215.html,2026-09-09,Supply-side federation register; multi-breed catteries contribute once to each listed breed; no animal/litter counts; undated cards retained; unknown codes omitted
RU-FARUS-CATTERIES-2026-09-09,297,619/М/24 MacSel,SCS,Scottish Straight,VBO:0100213,exact,1,Russia (records with explicit foreign address excluded),active cattery-breed association,FARUS,1006,https://xn--80a6adhc.xn--p1ai/catteries/95/297.html,2026-09-09,Supply-side federation register; multi-breed catteries contribute once to each listed breed; no animal/litter counts; undated cards retained; unknown codes omitted
RU-FARUS-CATTERIES-2026-09-09,297,619/М/24 MacSel,SFS,Scottish Fold,VBO:0100209,exact,1,Russia (records with explicit foreign address excluded),active cattery-breed association,FARUS,1006,https://xn--80a6adhc.xn--p1ai/catteries/95/297.html,2026-09-09,Supply-side federation register; multi-breed catteries contribute once to each listed breed; no animal/litter counts; undated cards retained; unknown codes omitted
RU-FARUS-CATTERIES-2026-09-09,298,34/Kр/16 MILAGRES CAT,EXO,Exotic Shorthair,VBO:0100096,exact,1,Russia (records with explicit foreign address excluded),active cattery-breed association,FARUS,1006,https://xn--80a6adhc.xn--p1ai/catteries/104/298.html,2026-09-09,Supply-side federation register; multi-breed catteries contribute once to each listed breed; no animal/litter counts; undated cards retained; unknown codes omitted
RU-FARUS-CATTERIES-2026-09-09,298,34/Kр/16 MILAGRES CAT,MCO,Maine Coon,VBO:0100154,exact,1,Russia (records with explicit foreign address excluded),active cattery-breed association,FARUS,1006,https://xn--80a6adhc.xn--p1ai/catteries/104/298.html,2026-09-09,Supply-side federation register; multi-breed catteries contribute once to each listed breed; no animal/litter counts; undated cards retained; unknown codes omitted
RU-FARUS-CATTERIES-2026-09-09,298,34/Kр/16 MILAGRES CAT,PER,Persian,VBO:0100188,exact,1,Russia (records with explicit foreign address excluded),active cattery-breed association,FARUS,1006,https://xn--80a6adhc.xn--p1ai/catteries/104/298.html,2026-09-09,Supply-side federation register; multi-breed catteries contribute once to each listed breed; no animal/litter counts; undated cards retained; unknown codes omitted
RU-FARUS-CATTERIES-2026-09-09,298,34/Kр/16 MILAGRES CAT,SCS,Scottish Straight,VBO:0100213,exact,1,Russia (records with explicit foreign address excluded),active cattery-breed association,FARUS,1006,https://xn--80a6adhc.xn--p1ai/catteries/104/298.html,2026-09-09,Supply-side federation register; multi-breed catteries contribute once to each listed breed; no animal/litter counts; undated cards retained; unknown codes omitted
RU-FARUS-CATTERIES-2026-09-09,298,34/Kр/16 MILAGRES CAT,SFS,Scottish Fold,VBO:0100209,exact,1,Russia (records with explicit foreign address excluded),active cattery-breed association,FARUS,1006,https://xn--80a6adhc.xn--p1ai/catteries/104/298.html,2026-09-09,Supply-side federation register; multi-breed catteries contribute once to each listed breed; no animal/litter counts; undated cards retained; unknown codes omitted
RU-FARUS-CATTERIES-2026-09-09,302,145/М/26 British House,BLH,British Longhair,VBO:0100051,exact,1,Russia (records with explicit foreign address excluded),active cattery-breed association,FARUS,1006,https://xn--80a6adhc.xn--p1ai/catteries/101/302.html,2026-09-09,Supply-side federation register; multi-breed catteries contribute once to each listed breed; no animal/litter counts; undated cards retained; unknown codes omitted
RU-FARUS-CATTERIES-2026-09-09,302,145/М/26 British House,BRI,British Shorthair,VBO:0100052,exact,1,Russia (records with explicit foreign address excluded),active cattery-breed association,FARUS,1006,https://xn--80a6adhc.xn--p1ai/catteries/101/302.html,2026-09-09,Supply-side federation register; multi-breed catteries contribute once to each listed breed; no animal/litter counts; undated cards retained; unknown codes omitted
RU-FARUS-CATTERIES-2026-09-09,304,67/К/25 DUSHA KAPRIS (Душа Каприз),BRI,British Shorthair,VBO:0100052,exact,1,Russia (records with explicit foreign address excluded),active cattery-breed association,FARUS,1006,https://xn--80a6adhc.xn--p1ai/catteries/116/304.html,2026-09-09,Supply-side federation register; multi-breed catteries contribute once to each listed breed; no animal/litter counts; undated cards retained; unknown codes omitted
RU-FARUS-CATTERIES-2026-09-09,304,67/К/25 DUSHA KAPRIS (Душа Каприз),SCL,Scottish Straight Longhair,VBO:0100214,exact,1,Russia (records with explicit foreign address excluded),active cattery-breed association,FARUS,1006,https://xn--80a6adhc.xn--p1ai/catteries/116/304.html,2026-09-09,Supply-side federation register; multi-breed catteries contribute once to each listed breed; no animal/litter counts; undated cards retained; unknown codes omitted
RU-FARUS-CATTERIES-2026-09-09,304,67/К/25 DUSHA KAPRIS (Душа Каприз),SCS,Scottish Straight,VBO:0100213,exact,1,Russia (records with explicit foreign address excluded),active cattery-breed association,FARUS,1006,https://xn--80a6adhc.xn--p1ai/catteries/116/304.html,2026-09-09,Supply-side federation register; multi-breed catteries contribute once to each listed breed; no animal/litter counts; undated cards retained; unknown codes omitted
RU-FARUS-CATTERIES-2026-09-09,304,67/К/25 DUSHA KAPRIS (Душа Каприз),SFL,Scottish Fold Longhair,VBO:0100210,exact,1,Russia (records with explicit foreign address excluded),active cattery-breed association,FARUS,1006,https://xn--80a6adhc.xn--p1ai/catteries/116/304.html,2026-09-09,Supply-side federation register; multi-breed catteries contribute once to each listed breed; no animal/litter counts; undated cards retained; unknown codes omitted
RU-FARUS-CATTERIES-2026-09-09,304,67/К/25 DUSHA KAPRIS (Душа Каприз),SFS,Scottish Fold,VBO:0100209,exact,1,Russia (records with explicit foreign address excluded),active cattery-breed association,FARUS,1006,https://xn--80a6adhc.xn--p1ai/catteries/116/304.html,2026-09-09,Supply-side federation register; multi-breed catteries contribute once to each listed breed; no animal/litter counts; undated cards retained; unknown codes omitted
RU-FARUS-CATTERIES-2026-09-09,305,104/K/25 Calidus Felis (Калидус Фелис),SCL,Scottish Straight Longhair,VBO:0100214,exact,1,Russia (records with explicit foreign address excluded),active cattery-breed association,FARUS,1006,https://xn--80a6adhc.xn--p1ai/catteries/116/305.html,2026-09-09,Supply-side federation register; multi-breed catteries contribute once to each listed breed; no animal/litter counts; undated cards retained; unknown codes omitted
RU-FARUS-CATTERIES-2026-09-09,305,104/K/25 Calidus Felis (Калидус Фелис),SCS,Scottish Straight,VBO:0100213,exact,1,Russia (records with explicit foreign address excluded),active cattery-breed association,FARUS,1006,https://xn--80a6adhc.xn--p1ai/catteries/116/305.html,2026-09-09,Supply-side federation register; multi-breed catteries contribute once to each listed breed; no animal/litter counts; undated cards retained; unknown codes omitted
RU-FARUS-CATTERIES-2026-09-09,305,104/K/25 Calidus Felis (Калидус Фелис),SFL,Scottish Fold Longhair,VBO:0100210,exact,1,Russia (records with explicit foreign address excluded),active cattery-breed association,FARUS,1006,https://xn--80a6adhc.xn--p1ai/catteries/116/305.html,2026-09-09,Supply-side federation register; multi-breed catteries contribute once to each listed breed; no animal/litter counts; undated cards retained; unknown codes omitted
RU-FARUS-CATTERIES-2026-09-09,305,104/K/25 Calidus Felis (Калидус Фелис),SFS,Scottish Fold,VBO:0100209,exact,1,Russia (records with explicit foreign address excluded),active cattery-breed association,FARUS,1006,https://xn--80a6adhc.xn--p1ai/catteries/116/305.html,2026-09-09,Supply-side federation register; multi-breed catteries contribute once to each listed breed; no animal/litter counts; undated cards retained; unknown codes omitted
RU-FARUS-CATTERIES-2026-09-09,308,081/K/26 Edelweiss Mountain (Горный эдельвейс),MCO,Maine Coon,VBO:0100154,exact,1,Russia (records with explicit foreign address excluded),active cattery-breed association,FARUS,1006,https://xn--80a6adhc.xn--p1ai/catteries/116/308.html,2026-09-09,Supply-side federation register; multi-breed catteries contribute once to each listed breed; no animal/litter counts; undated cards retained; unknown codes omitted
RU-FARUS-CATTERIES-2026-09-09,308,081/K/26 Edelweiss Mountain (Горный эдельвейс),SCS,Scottish Straight,VBO:0100213,exact,1,Russia (records with explicit foreign address excluded),active cattery-breed association,FARUS,1006,https://xn--80a6adhc.xn--p1ai/catteries/116/308.html,2026-09-09,Supply-side federation register; multi-breed catteries contribute once to each listed breed; no animal/litter counts; undated cards retained; unknown codes omitted
RU-FARUS-CATTERIES-2026-09-09,308,081/K/26 Edelweiss Mountain (Горный эдельвейс),SFS,Scottish Fold,VBO:0100209,exact,1,Russia (records with explicit foreign address excluded),active cattery-breed association,FARUS,1006,https://xn--80a6adhc.xn--p1ai/catteries/116/308.html,2026-09-09,Supply-side federation register; multi-breed catteries contribute once to each listed breed; no animal/litter counts; undated cards retained; unknown codes omitted
RU-FARUS-CATTERIES-2026-09-09,309,353/Бел/25 Royal Blaze,MCO,Maine Coon,VBO:0100154,exact,1,Russia (records with explicit foreign address excluded),active cattery-breed association,FARUS,1006,https://xn--80a6adhc.xn--p1ai/catteries/118/309.html,2026-09-09,Supply-side federation register; multi-breed catteries contribute once to each listed breed; no animal/litter counts; undated cards retained; unknown codes omitted
RU-FARUS-CATTERIES-2026-09-09,310,383/Kр/15 Family Curly Cats,CRX,Cornish Rex,VBO:0100077,exact,1,Russia (records with explicit foreign address excluded),active cattery-breed association,FARUS,1006,https://xn--80a6adhc.xn--p1ai/catteries/104/310.html,2026-09-09,Supply-side federation register; multi-breed catteries contribute once to each listed breed; no animal/litter counts; undated cards retained; unknown codes omitted
RU-FARUS-CATTERIES-2026-09-09,312,391/Kр/15 Avtoritet Coon,MCO,Maine Coon,VBO:0100154,exact,1,Russia (records with explicit foreign address excluded),active cattery-breed association,FARUS,1006,https://xn--80a6adhc.xn--p1ai/catteries/104/312.html,2026-09-09,Supply-side federation register; multi-breed catteries contribute once to each listed breed; no animal/litter counts; undated cards retained; unknown codes omitted
RU-FARUS-CATTERIES-2026-09-09,317,410/K/25 From Magura,MCO,Maine Coon,VBO:0100154,exact,1,Russia (records with explicit foreign address excluded),active cattery-breed association,FARUS,1006,https://xn--80a6adhc.xn--p1ai/catteries/116/317.html,2026-09-09,Supply-side federation register; multi-breed catteries contribute once to each listed breed; no animal/litter counts; undated cards retained; unknown codes omitted
RU-FARUS-CATTERIES-2026-09-09,317,410/K/25 From Magura,SCL,Scottish Straight Longhair,VBO:0100214,exact,1,Russia (records with explicit foreign address excluded),active cattery-breed association,FARUS,1006,https://xn--80a6adhc.xn--p1ai/catteries/116/317.html,2026-09-09,Supply-side federation register; multi-breed catteries contribute once to each listed breed; no animal/litter counts; undated cards retained; unknown codes omitted
RU-FARUS-CATTERIES-2026-09-09,317,410/K/25 From Magura,SCS,Scottish Straight,VBO:0100213,exact,1,Russia (records with explicit foreign address excluded),active cattery-breed association,FARUS,1006,https://xn--80a6adhc.xn--p1ai/catteries/116/317.html,2026-09-09,Supply-side federation register; multi-breed catteries contribute once to each listed breed; no animal/litter counts; undated cards retained; unknown codes omitted
RU-FARUS-CATTERIES-2026-09-09,317,410/K/25 From Magura,SFL,Scottish Fold Longhair,VBO:0100210,exact,1,Russia (records with explicit foreign address excluded),active cattery-breed association,FARUS,1006,https://xn--80a6adhc.xn--p1ai/catteries/116/317.html,2026-09-09,Supply-side federation register; multi-breed catteries contribute once to each listed breed; no animal/litter counts; undated cards retained; unknown codes omitted
RU-FARUS-CATTERIES-2026-09-09,317,410/K/25 From Magura,SFS,Scottish Fold,VBO:0100209,exact,1,Russia (records with explicit foreign address excluded),active cattery-breed association,FARUS,1006,https://xn--80a6adhc.xn--p1ai/catteries/116/317.html,2026-09-09,Supply-side federation register; multi-breed catteries contribute once to each listed breed; no animal/litter counts; undated cards retained; unknown codes omitted
RU-FARUS-CATTERIES-2026-09-09,320,468/Kр/26 Princeva Pride,BRI,British Shorthair,VBO:0100052,exact,1,Russia (records with explicit foreign address excluded),active cattery-breed association,FARUS,1006,https://xn--80a6adhc.xn--p1ai/catteries/104/320.html,2026-09-09,Supply-side federation register; multi-breed catteries contribute once to each listed breed; no animal/litter counts; undated cards retained; unknown codes omitted
RU-FARUS-CATTERIES-2026-09-09,321,462/МОП /23 Benhome Bagira,BEN,Bengal,VBO:0100040,exact,1,Russia (records with explicit foreign address excluded),active cattery-breed association,FARUS,1006,https://xn--80a6adhc.xn--p1ai/catteries/95/321.html,2026-09-09,Supply-side federation register; multi-breed catteries contribute once to each listed breed; no animal/litter counts; undated cards retained; unknown codes omitted
RU-FARUS-CATTERIES-2026-09-09,322,510/М /23 MASCOT,ORI,Oriental Shorthair,VBO:0100184,exact,1,Russia (records with explicit foreign address excluded),active cattery-breed association,FARUS,1006,https://xn--80a6adhc.xn--p1ai/catteries/103/322.html,2026-09-09,Supply-side federation register; multi-breed catteries contribute once to each listed breed; no animal/litter counts; undated cards retained; unknown codes omitted
RU-FARUS-CATTERIES-2026-09-09,323,518/МОЗ/23 My Golden Aby,ABY,Abyssinian,VBO:0100000,exact,1,Russia (records with explicit foreign address excluded),active cattery-breed association,FARUS,1006,https://xn--80a6adhc.xn--p1ai/catteries/103/323.html,2026-09-09,Supply-side federation register; multi-breed catteries contribute once to each listed breed; no animal/litter counts; undated cards retained; unknown codes omitted
RU-FARUS-CATTERIES-2026-09-09,324,593/МОЗ/23 SINDY CAT,DRX,Devon Rex,VBO:0100084,exact,1,Russia (records with explicit foreign address excluded),active cattery-breed association,FARUS,1006,https://xn--80a6adhc.xn--p1ai/catteries/103/324.html,2026-09-09,Supply-side federation register; multi-breed catteries contribute once to each listed breed; no animal/litter counts; undated cards retained; unknown codes omitted
RU-FARUS-CATTERIES-2026-09-09,325,603/С-П/23 Lucky Sun Light,SCL,Scottish Straight Longhair,VBO:0100214,exact,1,Russia (records with explicit foreign address excluded),active cattery-breed association,FARUS,1006,https://xn--80a6adhc.xn--p1ai/catteries/102/325.html,2026-09-09,Supply-side federation register; multi-breed catteries contribute once to each listed breed; no animal/litter counts; undated cards retained; unknown codes omitted
RU-FARUS-CATTERIES-2026-09-09,325,603/С-П/23 Lucky Sun Light,SCS,Scottish Straight,VBO:0100213,exact,1,Russia (records with explicit foreign address excluded),active cattery-breed association,FARUS,1006,https://xn--80a6adhc.xn--p1ai/catteries/102/325.html,2026-09-09,Supply-side federation register; multi-breed catteries contribute once to each listed breed; no animal/litter counts; undated cards retained; unknown codes omitted
RU-FARUS-CATTERIES-2026-09-09,325,603/С-П/23 Lucky Sun Light,SFL,Scottish Fold Longhair,VBO:0100210,exact,1,Russia (records with explicit foreign address excluded),active cattery-breed association,FARUS,1006,https://xn--80a6adhc.xn--p1ai/catteries/102/325.html,2026-09-09,Supply-side federation register; multi-breed catteries contribute once to each listed breed; no animal/litter counts; undated cards retained; unknown codes omitted
RU-FARUS-CATTERIES-2026-09-09,325,603/С-П/23 Lucky Sun Light,SFS,Scottish Fold,VBO:0100209,exact,1,Russia (records with explicit foreign address excluded),active cattery-breed association,FARUS,1006,https://xn--80a6adhc.xn--p1ai/catteries/102/325.html,2026-09-09,Supply-side federation register; multi-breed catteries contribute once to each listed breed; no animal/litter counts; undated cards retained; unknown codes omitted
RU-FARUS-CATTERIES-2026-09-09,326,989/Кр/23 Fate Coon,MCO,Maine Coon,VBO:0100154,exact,1,Russia (records with explicit foreign address excluded),active cattery-breed association,FARUS,1006,https://xn--80a6adhc.xn--p1ai/catteries/104/326.html,2026-09-09,Supply-side federation register; multi-breed catteries contribute once to each listed breed; no animal/litter counts; undated cards retained; unknown codes omitted
RU-FARUS-CATTERIES-2026-09-09,327,990/Кр/23 Amber Charm,SCS,Scottish Straight,VBO:0100213,exact,1,Russia (records with explicit foreign address excluded),active cattery-breed association,FARUS,1006,https://xn--80a6adhc.xn--p1ai/catteries/104/327.html,2026-09-09,Supply-side federation register; multi-breed catteries contribute once to each listed breed; no animal/litter counts; undated cards retained; unknown codes omitted
RU-FARUS-CATTERIES-2026-09-09,327,990/Кр/23 Amber Charm,SFS,Scottish Fold,VBO:0100209,exact,1,Russia (records with explicit foreign address excluded),active cattery-breed association,FARUS,1006,https://xn--80a6adhc.xn--p1ai/catteries/104/327.html,2026-09-09,Supply-side federation register; multi-breed catteries contribute once to each listed breed; no animal/litter counts; undated cards retained; unknown codes omitted
RU-FARUS-CATTERIES-2026-09-09,328,991/ОрБр/23 MCO Dominant/Мейн-Кун Доминант,MCO,Maine Coon,VBO:0100154,exact,1,Russia (records with explicit foreign address excluded),active cattery-breed association,FARUS,1006,https://xn--80a6adhc.xn--p1ai/catteries/97/328.html,2026-09-09,Supply-side federation register; multi-breed catteries contribute once to each listed breed; no animal/litter counts; undated cards retained; unknown codes omitted
RU-FARUS-CATTERIES-2026-09-09,329,992/Ор/23 OrientalChik/ОриенталШик,ORI,Oriental Shorthair,VBO:0100184,exact,1,Russia (records with explicit foreign address excluded),active cattery-breed association,FARUS,1006,https://xn--80a6adhc.xn--p1ai/catteries/97/329.html,2026-09-09,Supply-side federation register; multi-breed catteries contribute once to each listed breed; no animal/litter counts; undated cards retained; unknown codes omitted
RU-FARUS-CATTERIES-2026-09-09,330,993/ИрУ-И/23 Grand Velour,BRI,British Shorthair,VBO:0100052,exact,1,Russia (records with explicit foreign address excluded),active cattery-breed association,FARUS,1006,https://xn--80a6adhc.xn--p1ai/catteries/106/330.html,2026-09-09,Supply-side federation register; multi-breed catteries contribute once to each listed breed; no animal/litter counts; undated cards retained; unknown codes omitted
RU-FARUS-CATTERIES-2026-09-09,330,993/ИрУ-И/23 Grand Velour,BRL,British Longhair,VBO:0100051,exact,1,Russia (records with explicit foreign address excluded),active cattery-breed association,FARUS,1006,https://xn--80a6adhc.xn--p1ai/catteries/106/330.html,2026-09-09,Supply-side federation register; multi-breed catteries contribute once to each listed breed; no animal/litter counts; undated cards retained; unknown codes omitted
RU-FARUS-CATTERIES-2026-09-09,331,994/М/23 Buona fortuna,BRI,British Shorthair,VBO:0100052,exact,1,Russia (records with explicit foreign address excluded),active cattery-breed association,FARUS,1006,https://xn--80a6adhc.xn--p1ai/catteries/95/331.html,2026-09-09,Supply-side federation register; multi-breed catteries contribute once to each listed breed; no animal/litter counts; undated cards retained; unknown codes omitted
RU-FARUS-CATTERIES-2026-09-09,331,994/М/23 Buona fortuna,SCL,Scottish Straight Longhair,VBO:0100214,exact,1,Russia (records with explicit foreign address excluded),active cattery-breed association,FARUS,1006,https://xn--80a6adhc.xn--p1ai/catteries/95/331.html,2026-09-09,Supply-side federation register; multi-breed catteries contribute once to each listed breed; no animal/litter counts; undated cards retained; unknown codes omitted
RU-FARUS-CATTERIES-2026-09-09,331,994/М/23 Buona fortuna,SCS,Scottish Straight,VBO:0100213,exact,1,Russia (records with explicit foreign address excluded),active cattery-breed association,FARUS,1006,https://xn--80a6adhc.xn--p1ai/catteries/95/331.html,2026-09-09,Supply-side federation register; multi-breed catteries contribute once to each listed breed; no animal/litter counts; undated cards retained; unknown codes omitted
RU-FARUS-CATTERIES-2026-09-09,331,994/М/23 Buona fortuna,SFL,Scottish Fold Longhair,VBO:0100210,exact,1,Russia (records with explicit foreign address excluded),active cattery-breed association,FARUS,1006,https://xn--80a6adhc.xn--p1ai/catteries/95/331.html,2026-09-09,Supply-side federation register; multi-breed catteries contribute once to each listed breed; no animal/litter counts; undated cards retained; unknown codes omitted
RU-FARUS-CATTERIES-2026-09-09,331,994/М/23 Buona fortuna,SFS,Scottish Fold,VBO:0100209,exact,1,Russia (records with explicit foreign address excluded),active cattery-breed association,FARUS,1006,https://xn--80a6adhc.xn--p1ai/catteries/95/331.html,2026-09-09,Supply-side federation register; multi-breed catteries contribute once to each listed breed; no animal/litter counts; undated cards retained; unknown codes omitted
RU-FARUS-CATTERIES-2026-09-09,334,997/МОП-З/23 Marbelle Top,BEN,Bengal,VBO:0100040,exact,1,Russia (records with explicit foreign address excluded),active cattery-breed association,FARUS,1006,https://xn--80a6adhc.xn--p1ai/catteries/101/334.html,2026-09-09,Supply-side federation register; multi-breed catteries contribute once to each listed breed; no animal/litter counts; undated cards retained; unknown codes omitted
RU-FARUS-CATTERIES-2026-09-09,335,998/ОмМ/23 Kaiser Jr.,MCO,Maine Coon,VBO:0100154,exact,1,Russia (records with explicit foreign address excluded),active cattery-breed association,FARUS,1006,https://xn--80a6adhc.xn--p1ai/catteries/107/335.html,2026-09-09,Supply-side federation register; multi-breed catteries contribute once to each listed breed; no animal/litter counts; undated cards retained; unknown codes omitted
RU-FARUS-CATTERIES-2026-09-09,335,998/ОмМ/23 Kaiser Jr.,ORI,Oriental Shorthair,VBO:0100184,exact,1,Russia (records with explicit foreign address excluded),active cattery-breed association,FARUS,1006,https://xn--80a6adhc.xn--p1ai/catteries/107/335.html,2026-09-09,Supply-side federation register; multi-breed catteries contribute once to each listed breed; no animal/litter counts; undated cards retained; unknown codes omitted
RU-FARUS-CATTERIES-2026-09-09,336,999/М/23 APPLE GOLD,SCL,Scottish Straight Longhair,VBO:0100214,exact,1,Russia (records with explicit foreign address excluded),active cattery-breed association,FARUS,1006,https://xn--80a6adhc.xn--p1ai/catteries/95/336.html,2026-09-09,Supply-side federation register; multi-breed catteries contribute once to each listed breed; no animal/litter counts; undated cards retained; unknown codes omitted
RU-FARUS-CATTERIES-2026-09-09,336,999/М/23 APPLE GOLD,SCS,Scottish Straight,VBO:0100213,exact,1,Russia (records with explicit foreign address excluded),active cattery-breed association,FARUS,1006,https://xn--80a6adhc.xn--p1ai/catteries/95/336.html,2026-09-09,Supply-side federation register; multi-breed catteries contribute once to each listed breed; no animal/litter counts; undated cards retained; unknown codes omitted
RU-FARUS-CATTERIES-2026-09-09,336,999/М/23 APPLE GOLD,SFL,Scottish Fold Longhair,VBO:0100210,exact,1,Russia (records with explicit foreign address excluded),active cattery-breed association,FARUS,1006,https://xn--80a6adhc.xn--p1ai/catteries/95/336.html,2026-09-09,Supply-side federation register; multi-breed catteries contribute once to each listed breed; no animal/litter counts; undated cards retained; unknown codes omitted
RU-FARUS-CATTERIES-2026-09-09,336,999/М/23 APPLE GOLD,SFS,Scottish Fold,VBO:0100209,exact,1,Russia (records with explicit foreign address excluded),active cattery-breed association,FARUS,1006,https://xn--80a6adhc.xn--p1ai/catteries/95/336.html,2026-09-09,Supply-side federation register; multi-breed catteries contribute once to each listed breed; no animal/litter counts; undated cards retained; unknown codes omitted
RU-FARUS-CATTERIES-2026-09-09,338,1001/М/23 BEAUTIES,CRX,Cornish Rex,VBO:0100077,exact,1,Russia (records with explicit foreign address excluded),active cattery-breed association,FARUS,1006,https://xn--80a6adhc.xn--p1ai/catteries/95/338.html,2026-09-09,Supply-side federation register; multi-breed catteries contribute once to each listed breed; no animal/litter counts; undated cards retained; unknown codes omitted
RU-FARUS-CATTERIES-2026-09-09,338,1001/М/23 BEAUTIES,ORI,Oriental Shorthair,VBO:0100184,exact,1,Russia (records with explicit foreign address excluded),active cattery-breed association,FARUS,1006,https://xn--80a6adhc.xn--p1ai/catteries/95/338.html,2026-09-09,Supply-side federation register; multi-breed catteries contribute once to each listed breed; no animal/litter counts; undated cards retained; unknown codes omitted
RU-FARUS-CATTERIES-2026-09-09,338,1001/М/23 BEAUTIES,SIA,Siamese,VBO:0100221,exact,1,Russia (records with explicit foreign address excluded),active cattery-breed association,FARUS,1006,https://xn--80a6adhc.xn--p1ai/catteries/95/338.html,2026-09-09,Supply-side federation register; multi-breed catteries contribute once to each listed breed; no animal/litter counts; undated cards retained; unknown codes omitted
RU-FARUS-CATTERIES-2026-09-09,339,1002/М/23 DiamondStars,MCO,Maine Coon,VBO:0100154,exact,1,Russia (records with explicit foreign address excluded),active cattery-breed association,FARUS,1006,https://xn--80a6adhc.xn--p1ai/catteries/95/339.html,2026-09-09,Supply-side federation register; multi-breed catteries contribute once to each listed breed; no animal/litter counts; undated cards retained; unknown codes omitted
RU-FARUS-CATTERIES-2026-09-09,339,1002/М/23 DiamondStars,MCP,Maine Coon Polydactyl,VBO:0100155,exact,1,Russia (records with explicit foreign address excluded),active cattery-breed association,FARUS,1006,https://xn--80a6adhc.xn--p1ai/catteries/95/339.html,2026-09-09,Supply-side federation register; multi-breed catteries contribute once to each listed breed; no animal/litter counts; undated cards retained; unknown codes omitted
RU-FARUS-CATTERIES-2026-09-09,340,1003/ЛОКБ/23 Cat`s Eye,RUS,Russian Blue,VBO:0100200,exact,1,Russia (records with explicit foreign address excluded),active cattery-breed association,FARUS,1006,https://xn--80a6adhc.xn--p1ai/catteries/102/340.html,2026-09-09,Supply-side federation register; multi-breed catteries contribute once to each listed breed; no animal/litter counts; undated cards retained; unknown codes omitted
RU-FARUS-CATTERIES-2026-09-09,341,482/Кр/23 De La Coon,MCO,Maine Coon,VBO:0100154,exact,1,Russia (records with explicit foreign address excluded),active cattery-breed association,FARUS,1006,https://xn--80a6adhc.xn--p1ai/catteries/109/341.html,2026-09-09,Supply-side federation register; multi-breed catteries contribute once to each listed breed; no animal/litter counts; undated cards retained; unknown codes omitted
RU-FARUS-CATTERIES-2026-09-09,342,522/СтБ/23 Gloria Amoris,BRI,British Shorthair,VBO:0100052,exact,1,Russia (records with explicit foreign address excluded),active cattery-breed association,FARUS,1006,https://xn--80a6adhc.xn--p1ai/catteries/109/342.html,2026-09-09,Supply-side federation register; multi-breed catteries contribute once to each listed breed; no animal/litter counts; undated cards retained; unknown codes omitted
RU-FARUS-CATTERIES-2026-09-09,342,522/СтБ/23 Gloria Amoris,SCS,Scottish Straight,VBO:0100213,exact,1,Russia (records with explicit foreign address excluded),active cattery-breed association,FARUS,1006,https://xn--80a6adhc.xn--p1ai/catteries/109/342.html,2026-09-09,Supply-side federation register; multi-breed catteries contribute once to each listed breed; no animal/litter counts; undated cards retained; unknown codes omitted
RU-FARUS-CATTERIES-2026-09-09,342,522/СтБ/23 Gloria Amoris,SFS,Scottish Fold,VBO:0100209,exact,1,Russia (records with explicit foreign address excluded),active cattery-breed association,FARUS,1006,https://xn--80a6adhc.xn--p1ai/catteries/109/342.html,2026-09-09,Supply-side federation register; multi-breed catteries contribute once to each listed breed; no animal/litter counts; undated cards retained; unknown codes omitted
RU-FARUS-CATTERIES-2026-09-09,344,1010/Чел/23 Deulbar Cats,ORI,Oriental Shorthair,VBO:0100184,exact,1,Russia (records with explicit foreign address excluded),active cattery-breed association,FARUS,1006,https://xn--80a6adhc.xn--p1ai/catteries/98/344.html,2026-09-09,Supply-side federation register; multi-breed catteries contribute once to each listed breed; no animal/litter counts; undated cards retained; unknown codes omitted
RU-FARUS-CATTERIES-2026-09-09,345,1011/С-П/23 DOUGLAS,SCL,Scottish Straight Longhair,VBO:0100214,exact,1,Russia (records with explicit foreign address excluded),active cattery-breed association,FARUS,1006,https://xn--80a6adhc.xn--p1ai/catteries/100/345.html,2026-09-09,Supply-side federation register; multi-breed catteries contribute once to each listed breed; no animal/litter counts; undated cards retained; unknown codes omitted
RU-FARUS-CATTERIES-2026-09-09,345,1011/С-П/23 DOUGLAS,SCS,Scottish Straight,VBO:0100213,exact,1,Russia (records with explicit foreign address excluded),active cattery-breed association,FARUS,1006,https://xn--80a6adhc.xn--p1ai/catteries/100/345.html,2026-09-09,Supply-side federation register; multi-breed catteries contribute once to each listed breed; no animal/litter counts; undated cards retained; unknown codes omitted
RU-FARUS-CATTERIES-2026-09-09,345,1011/С-П/23 DOUGLAS,SFL,Scottish Fold Longhair,VBO:0100210,exact,1,Russia (records with explicit foreign address excluded),active cattery-breed association,FARUS,1006,https://xn--80a6adhc.xn--p1ai/catteries/100/345.html,2026-09-09,Supply-side federation register; multi-breed catteries contribute once to each listed breed; no animal/litter counts; undated cards retained; unknown codes omitted
RU-FARUS-CATTERIES-2026-09-09,345,1011/С-П/23 DOUGLAS,SFS,Scottish Fold,VBO:0100209,exact,1,Russia (records with explicit foreign address excluded),active cattery-breed association,FARUS,1006,https://xn--80a6adhc.xn--p1ai/catteries/100/345.html,2026-09-09,Supply-side federation register; multi-breed catteries contribute once to each listed breed; no animal/litter counts; undated cards retained; unknown codes omitted
RU-FARUS-CATTERIES-2026-09-09,346,1012/С-П/23 CADELONIA,SCL,Scottish Straight Longhair,VBO:0100214,exact,1,Russia (records with explicit foreign address excluded),active cattery-breed association,FARUS,1006,https://xn--80a6adhc.xn--p1ai/catteries/108/346.html,2026-09-09,Supply-side federation register; multi-breed catteries contribute once to each listed breed; no animal/litter counts; undated cards retained; unknown codes omitted
RU-FARUS-CATTERIES-2026-09-09,346,1012/С-П/23 CADELONIA,SCS,Scottish Straight,VBO:0100213,exact,1,Russia (records with explicit foreign address excluded),active cattery-breed association,FARUS,1006,https://xn--80a6adhc.xn--p1ai/catteries/108/346.html,2026-09-09,Supply-side federation register; multi-breed catteries contribute once to each listed breed; no animal/litter counts; undated cards retained; unknown codes omitted
RU-FARUS-CATTERIES-2026-09-09,346,1012/С-П/23 CADELONIA,SFL,Scottish Fold Longhair,VBO:0100210,exact,1,Russia (records with explicit foreign address excluded),active cattery-breed association,FARUS,1006,https://xn--80a6adhc.xn--p1ai/catteries/108/346.html,2026-09-09,Supply-side federation register; multi-breed catteries contribute once to each listed breed; no animal/litter counts; undated cards retained; unknown codes omitted
RU-FARUS-CATTERIES-2026-09-09,346,1012/С-П/23 CADELONIA,SFS,Scottish Fold,VBO:0100209,exact,1,Russia (records with explicit foreign address excluded),active cattery-breed association,FARUS,1006,https://xn--80a6adhc.xn--p1ai/catteries/108/346.html,2026-09-09,Supply-side federation register; multi-breed catteries contribute once to each listed breed; no animal/litter counts; undated cards retained; unknown codes omitted
RU-FARUS-CATTERIES-2026-09-09,347,1013/С-П/23 INTENSITY,BRI,British Shorthair,VBO:0100052,exact,1,Russia (records with explicit foreign address excluded),active cattery-breed association,FARUS,1006,https://xn--80a6adhc.xn--p1ai/catteries/100/347.html,2026-09-09,Supply-side federation register; multi-breed catteries contribute once to each listed breed; no animal/litter counts; undated cards retained; unknown codes omitted
RU-FARUS-CATTERIES-2026-09-09,347,1013/С-П/23 INTENSITY,BRL,British Longhair,VBO:0100051,exact,1,Russia (records with explicit foreign address excluded),active cattery-breed association,FARUS,1006,https://xn--80a6adhc.xn--p1ai/catteries/100/347.html,2026-09-09,Supply-side federation register; multi-breed catteries contribute once to each listed breed; no animal/litter counts; undated cards retained; unknown codes omitted
RU-FARUS-CATTERIES-2026-09-09,347,1013/С-П/23 INTENSITY,SCL,Scottish Straight Longhair,VBO:0100214,exact,1,Russia (records with explicit foreign address excluded),active cattery-breed association,FARUS,1006,https://xn--80a6adhc.xn--p1ai/catteries/100/347.html,2026-09-09,Supply-side federation register; multi-breed catteries contribute once to each listed breed; no animal/litter counts; undated cards retained; unknown codes omitted
RU-FARUS-CATTERIES-2026-09-09,347,1013/С-П/23 INTENSITY,SCS,Scottish Straight,VBO:0100213,exact,1,Russia (records with explicit foreign address excluded),active cattery-breed association,FARUS,1006,https://xn--80a6adhc.xn--p1ai/catteries/100/347.html,2026-09-09,Supply-side federation register; multi-breed catteries contribute once to each listed breed; no animal/litter counts; undated cards retained; unknown codes omitted
RU-FARUS-CATTERIES-2026-09-09,347,1013/С-П/23 INTENSITY,SFL,Scottish Fold Longhair,VBO:0100210,exact,1,Russia (records with explicit foreign address excluded),active cattery-breed association,FARUS,1006,https://xn--80a6adhc.xn--p1ai/catteries/100/347.html,2026-09-09,Supply-side federation register; multi-breed catteries contribute once to each listed breed; no animal/litter counts; undated cards retained; unknown codes omitted
RU-FARUS-CATTERIES-2026-09-09,347,1013/С-П/23 INTENSITY,SFS,Scottish Fold,VBO:0100209,exact,1,Russia (records with explicit foreign address excluded),active cattery-breed association,FARUS,1006,https://xn--80a6adhc.xn--p1ai/catteries/100/347.html,2026-09-09,Supply-side federation register; multi-breed catteries contribute once to each listed breed; no animal/litter counts; undated cards retained; unknown codes omitted
RU-FARUS-CATTERIES-2026-09-09,348,1014/С-П/23 SHELL-BRI,BRI,British Shorthair,VBO:0100052,exact,1,Russia (records with explicit foreign address excluded),active cattery-breed association,FARUS,1006,https://xn--80a6adhc.xn--p1ai/catteries/100/348.html,2026-09-09,Supply-side federation register; multi-breed catteries contribute once to each listed breed; no animal/litter counts; undated cards retained; unknown codes omitted
RU-FARUS-CATTERIES-2026-09-09,348,1014/С-П/23 SHELL-BRI,BRL,British Longhair,VBO:0100051,exact,1,Russia (records with explicit foreign address excluded),active cattery-breed association,FARUS,1006,https://xn--80a6adhc.xn--p1ai/catteries/100/348.html,2026-09-09,Supply-side federation register; multi-breed catteries contribute once to each listed breed; no animal/litter counts; undated cards retained; unknown codes omitted
RU-FARUS-CATTERIES-2026-09-09,349,1015/С-П/23 Vesolyi Shmel,SCL,Scottish Straight Longhair,VBO:0100214,exact,1,Russia (records with explicit foreign address excluded),active cattery-breed association,FARUS,1006,https://xn--80a6adhc.xn--p1ai/catteries/124/349.html,2026-09-09,Supply-side federation register; multi-breed catteries contribute once to each listed breed; no animal/litter counts; undated cards retained; unknown codes omitted
RU-FARUS-CATTERIES-2026-09-09,349,1015/С-П/23 Vesolyi Shmel,SCS,Scottish Straight,VBO:0100213,exact,1,Russia (records with explicit foreign address excluded),active cattery-breed association,FARUS,1006,https://xn--80a6adhc.xn--p1ai/catteries/124/349.html,2026-09-09,Supply-side federation register; multi-breed catteries contribute once to each listed breed; no animal/litter counts; undated cards retained; unknown codes omitted
RU-FARUS-CATTERIES-2026-09-09,349,1015/С-П/23 Vesolyi Shmel,SFL,Scottish Fold Longhair,VBO:0100210,exact,1,Russia (records with explicit foreign address excluded),active cattery-breed association,FARUS,1006,https://xn--80a6adhc.xn--p1ai/catteries/124/349.html,2026-09-09,Supply-side federation register; multi-breed catteries contribute once to each listed breed; no animal/litter counts; undated cards retained; unknown codes omitted
RU-FARUS-CATTERIES-2026-09-09,349,1015/С-П/23 Vesolyi Shmel,SFS,Scottish Fold,VBO:0100209,exact,1,Russia (records with explicit foreign address excluded),active cattery-breed association,FARUS,1006,https://xn--80a6adhc.xn--p1ai/catteries/124/349.html,2026-09-09,Supply-side federation register; multi-breed catteries contribute once to each listed breed; no animal/litter counts; undated cards retained; unknown codes omitted
RU-FARUS-CATTERIES-2026-09-09,350,1016/ЛОП/23 GOLD CADELONIA,BRI,British Shorthair,VBO:0100052,exact,1,Russia (records with explicit foreign address excluded),active cattery-breed association,FARUS,1006,https://xn--80a6adhc.xn--p1ai/catteries/108/350.html,2026-09-09,Supply-side federation register; multi-breed catteries contribute once to each listed breed; no animal/litter counts; undated cards retained; unknown codes omitted
RU-FARUS-CATTERIES-2026-09-09,350,1016/ЛОП/23 GOLD CADELONIA,BRL,British Longhair,VBO:0100051,exact,1,Russia (records with explicit foreign address excluded),active cattery-breed association,FARUS,1006,https://xn--80a6adhc.xn--p1ai/catteries/108/350.html,2026-09-09,Supply-side federation register; multi-breed catteries contribute once to each listed breed; no animal/litter counts; undated cards retained; unknown codes omitted
RU-FARUS-CATTERIES-2026-09-09,351,1017/ВОМ/23 Silver&Gold,SCS,Scottish Straight,VBO:0100213,exact,1,Russia (records with explicit foreign address excluded),active cattery-breed association,FARUS,1006,https://xn--80a6adhc.xn--p1ai/catteries/95/351.html,2026-09-09,Supply-side federation register; multi-breed catteries contribute once to each listed breed; no animal/litter counts; undated cards retained; unknown codes omitted
RU-FARUS-CATTERIES-2026-09-09,351,1017/ВОМ/23 Silver&Gold,SFS,Scottish Fold,VBO:0100209,exact,1,Russia (records with explicit foreign address excluded),active cattery-breed association,FARUS,1006,https://xn--80a6adhc.xn--p1ai/catteries/95/351.html,2026-09-09,Supply-side federation register; multi-breed catteries contribute once to each listed breed; no animal/litter counts; undated cards retained; unknown codes omitted
RU-FARUS-CATTERIES-2026-09-09,352,1018/СОВ/23 Cats Lair,MCO,Maine Coon,VBO:0100154,exact,1,Russia (records with explicit foreign address excluded),active cattery-breed association,FARUS,1006,https://xn--80a6adhc.xn--p1ai/catteries/95/352.html,2026-09-09,Supply-side federation register; multi-breed catteries contribute once to each listed breed; no animal/litter counts; undated cards retained; unknown codes omitted
RU-FARUS-CATTERIES-2026-09-09,353,1019/МОМ/23 Santa Mirad,ORI,Oriental Shorthair,VBO:0100184,exact,1,Russia (records with explicit foreign address excluded),active cattery-breed association,FARUS,1006,https://xn--80a6adhc.xn--p1ai/catteries/95/353.html,2026-09-09,Supply-side federation register; multi-breed catteries contribute once to each listed breed; no animal/litter counts; undated cards retained; unknown codes omitted
RU-FARUS-CATTERIES-2026-09-09,353,1019/МОМ/23 Santa Mirad,SIA,Siamese,VBO:0100221,exact,1,Russia (records with explicit foreign address excluded),active cattery-breed association,FARUS,1006,https://xn--80a6adhc.xn--p1ai/catteries/95/353.html,2026-09-09,Supply-side federation register; multi-breed catteries contribute once to each listed breed; no animal/litter counts; undated cards retained; unknown codes omitted
RU-FARUS-CATTERIES-2026-09-09,354,1020/МОВ/26 LenaRus Best,SCS,Scottish Straight,VBO:0100213,exact,1,Russia (records with explicit foreign address excluded),active cattery-breed association,FARUS,1006,https://xn--80a6adhc.xn--p1ai/catteries/95/354.html,2026-09-09,Supply-side federation register; multi-breed catteries contribute once to each listed breed; no animal/litter counts; undated cards retained; unknown codes omitted
RU-FARUS-CATTERIES-2026-09-09,354,1020/МОВ/26 LenaRus Best,SFS,Scottish Fold,VBO:0100209,exact,1,Russia (records with explicit foreign address excluded),active cattery-breed association,FARUS,1006,https://xn--80a6adhc.xn--p1ai/catteries/95/354.html,2026-09-09,Supply-side federation register; multi-breed catteries contribute once to each listed breed; no animal/litter counts; undated cards retained; unknown codes omitted
RU-FARUS-CATTERIES-2026-09-09,355,1021/Ор/23 SFSGoldRomashka,SCS,Scottish Straight,VBO:0100213,exact,1,Russia (records with explicit foreign address excluded),active cattery-breed association,FARUS,1006,https://xn--80a6adhc.xn--p1ai/catteries/97/355.html,2026-09-09,Supply-side federation register; multi-breed catteries contribute once to each listed breed; no animal/litter counts; undated cards retained; unknown codes omitted
RU-FARUS-CATTERIES-2026-09-09,355,1021/Ор/23 SFSGoldRomashka,SFS,Scottish Fold,VBO:0100209,exact,1,Russia (records with explicit foreign address excluded),active cattery-breed association,FARUS,1006,https://xn--80a6adhc.xn--p1ai/catteries/97/355.html,2026-09-09,Supply-side federation register; multi-breed catteries contribute once to each listed breed; no animal/litter counts; undated cards retained; unknown codes omitted
RU-FARUS-CATTERIES-2026-09-09,356,1022/Ор/23 Burmanskie Deti/Бурманские Дети,BUR,Burmese,VBO:0100053,exact,1,Russia (records with explicit foreign address excluded),active cattery-breed association,FARUS,1006,https://xn--80a6adhc.xn--p1ai/catteries/97/356.html,2026-09-09,Supply-side federation register; multi-breed catteries contribute once to each listed breed; no animal/litter counts; undated cards retained; unknown codes omitted
RU-FARUS-CATTERIES-2026-09-09,357,1023/М/23 TALKING TAILS,ORI,Oriental Shorthair,VBO:0100184,exact,1,Russia (records with explicit foreign address excluded),active cattery-breed association,FARUS,1006,https://xn--80a6adhc.xn--p1ai/catteries/95/357.html,2026-09-09,Supply-side federation register; multi-breed catteries contribute once to each listed breed; no animal/litter counts; undated cards retained; unknown codes omitted
RU-FARUS-CATTERIES-2026-09-09,357,1023/М/23 TALKING TAILS,SIA,Siamese,VBO:0100221,exact,1,Russia (records with explicit foreign address excluded),active cattery-breed association,FARUS,1006,https://xn--80a6adhc.xn--p1ai/catteries/95/357.html,2026-09-09,Supply-side federation register; multi-breed catteries contribute once to each listed breed; no animal/litter counts; undated cards retained; unknown codes omitted
RU-FARUS-CATTERIES-2026-09-09,358,1024/М/23 Scottish diamond,SCS,Scottish Straight,VBO:0100213,exact,1,Russia (records with explicit foreign address excluded),active cattery-breed association,FARUS,1006,https://xn--80a6adhc.xn--p1ai/catteries/95/358.html,2026-09-09,Supply-side federation register; multi-breed catteries contribute once to each listed breed; no animal/litter counts; undated cards retained; unknown codes omitted
RU-FARUS-CATTERIES-2026-09-09,358,1024/М/23 Scottish diamond,SFS,Scottish Fold,VBO:0100209,exact,1,Russia (records with explicit foreign address excluded),active cattery-breed association,FARUS,1006,https://xn--80a6adhc.xn--p1ai/catteries/95/358.html,2026-09-09,Supply-side federation register; multi-breed catteries contribute once to each listed breed; no animal/litter counts; undated cards retained; unknown codes omitted
RU-FARUS-CATTERIES-2026-09-09,359,1025/МОЛ/23 Sparkling Star,DRX,Devon Rex,VBO:0100084,exact,1,Russia (records with explicit foreign address excluded),active cattery-breed association,FARUS,1006,https://xn--80a6adhc.xn--p1ai/catteries/95/359.html,2026-09-09,Supply-side federation register; multi-breed catteries contribute once to each listed breed; no animal/litter counts; undated cards retained; unknown codes omitted
RU-FARUS-CATTERIES-2026-09-09,360,1026/МОП/23 IRKISS,KBL,Kurilian Bobtail Longhair,VBO:0100147,exact,1,Russia (records with explicit foreign address excluded),active cattery-breed association,FARUS,1006,https://xn--80a6adhc.xn--p1ai/catteries/95/360.html,2026-09-09,Supply-side federation register; multi-breed catteries contribute once to each listed breed; no animal/litter counts; undated cards retained; unknown codes omitted
RU-FARUS-CATTERIES-2026-09-09,360,1026/МОП/23 IRKISS,KBS,Kurilian Bobtail Shorthair,VBO:0100148,exact,1,Russia (records with explicit foreign address excluded),active cattery-breed association,FARUS,1006,https://xn--80a6adhc.xn--p1ai/catteries/95/360.html,2026-09-09,Supply-side federation register; multi-breed catteries contribute once to each listed breed; no animal/litter counts; undated cards retained; unknown codes omitted
RU-FARUS-CATTERIES-2026-09-09,361,1027/МОД/23 FENGSHUI,MCO,Maine Coon,VBO:0100154,exact,1,Russia (records with explicit foreign address excluded),active cattery-breed association,FARUS,1006,https://xn--80a6adhc.xn--p1ai/catteries/95/361.html,2026-09-09,Supply-side federation register; multi-breed catteries contribute once to each listed breed; no animal/litter counts; undated cards retained; unknown codes omitted
RU-FARUS-CATTERIES-2026-09-09,362,1028/Ив/23 KOTIKTOP,MNS,"Munchkin (Munchk), Short-Haired",VBO:0100303,exact,1,Russia (records with explicit foreign address excluded),active cattery-breed association,FARUS,1006,https://xn--80a6adhc.xn--p1ai/catteries/95/362.html,2026-09-09,Supply-side federation register; multi-breed catteries contribute once to each listed breed; no animal/litter counts; undated cards retained; unknown codes omitted
RU-FARUS-CATTERIES-2026-09-09,363,1029/БА/23 ROZALIA`S MIRACLE,BUR,Burmese,VBO:0100053,exact,1,Russia (records with explicit foreign address excluded),active cattery-breed association,FARUS,1006,https://xn--80a6adhc.xn--p1ai/catteries/110/363.html,2026-09-09,Supply-side federation register; multi-breed catteries contribute once to each listed breed; no animal/litter counts; undated cards retained; unknown codes omitted
RU-FARUS-CATTERIES-2026-09-09,365,1031/М/23 Omriorio-pride,ORI,Oriental Shorthair,VBO:0100184,exact,1,Russia (records with explicit foreign address excluded),active cattery-breed association,FARUS,1006,https://xn--80a6adhc.xn--p1ai/catteries/95/365.html,2026-09-09,Supply-side federation register; multi-breed catteries contribute once to each listed breed; no animal/litter counts; undated cards retained; unknown codes omitted
RU-FARUS-CATTERIES-2026-09-09,367,1033/МОБ/23 Feligrande,BBN,Bambino,VBO:0100037,exact,1,Russia (records with explicit foreign address excluded),active cattery-breed association,FARUS,1006,https://xn--80a6adhc.xn--p1ai/catteries/112/367.html,2026-09-09,Supply-side federation register; multi-breed catteries contribute once to each listed breed; no animal/litter counts; undated cards retained; unknown codes omitted
RU-FARUS-CATTERIES-2026-09-09,367,1033/МОБ/23 Feligrande,DRX,Devon Rex,VBO:0100084,exact,1,Russia (records with explicit foreign address excluded),active cattery-breed association,FARUS,1006,https://xn--80a6adhc.xn--p1ai/catteries/112/367.html,2026-09-09,Supply-side federation register; multi-breed catteries contribute once to each listed breed; no animal/litter counts; undated cards retained; unknown codes omitted
RU-FARUS-CATTERIES-2026-09-09,367,1033/МОБ/23 Feligrande,DWF,Dwelf,VBO:0100089,exact,1,Russia (records with explicit foreign address excluded),active cattery-breed association,FARUS,1006,https://xn--80a6adhc.xn--p1ai/catteries/112/367.html,2026-09-09,Supply-side federation register; multi-breed catteries contribute once to each listed breed; no animal/litter counts; undated cards retained; unknown codes omitted
RU-FARUS-CATTERIES-2026-09-09,367,1033/МОБ/23 Feligrande,ELF,Elf,VBO:0100091,exact,1,Russia (records with explicit foreign address excluded),active cattery-breed association,FARUS,1006,https://xn--80a6adhc.xn--p1ai/catteries/112/367.html,2026-09-09,Supply-side federation register; multi-breed catteries contribute once to each listed breed; no animal/litter counts; undated cards retained; unknown codes omitted
RU-FARUS-CATTERIES-2026-09-09,367,1033/МОБ/23 Feligrande,SPH,Sphynx,VBO:0100230,exact,1,Russia (records with explicit foreign address excluded),active cattery-breed association,FARUS,1006,https://xn--80a6adhc.xn--p1ai/catteries/112/367.html,2026-09-09,Supply-side federation register; multi-breed catteries contribute once to each listed breed; no animal/litter counts; undated cards retained; unknown codes omitted
RU-FARUS-CATTERIES-2026-09-09,368,1034/Яр/23 ELFlying,BBN,Bambino,VBO:0100037,exact,1,Russia (records with explicit foreign address excluded),active cattery-breed association,FARUS,1006,https://xn--80a6adhc.xn--p1ai/catteries/112/368.html,2026-09-09,Supply-side federation register; multi-breed catteries contribute once to each listed breed; no animal/litter counts; undated cards retained; unknown codes omitted
RU-FARUS-CATTERIES-2026-09-09,368,1034/Яр/23 ELFlying,DWF,Dwelf,VBO:0100089,exact,1,Russia (records with explicit foreign address excluded),active cattery-breed association,FARUS,1006,https://xn--80a6adhc.xn--p1ai/catteries/112/368.html,2026-09-09,Supply-side federation register; multi-breed catteries contribute once to each listed breed; no animal/litter counts; undated cards retained; unknown codes omitted
RU-FARUS-CATTERIES-2026-09-09,368,1034/Яр/23 ELFlying,ELF,Elf,VBO:0100091,exact,1,Russia (records with explicit foreign address excluded),active cattery-breed association,FARUS,1006,https://xn--80a6adhc.xn--p1ai/catteries/112/368.html,2026-09-09,Supply-side federation register; multi-breed catteries contribute once to each listed breed; no animal/litter counts; undated cards retained; unknown codes omitted
RU-FARUS-CATTERIES-2026-09-09,368,1034/Яр/23 ELFlying,SPH,Sphynx,VBO:0100230,exact,1,Russia (records with explicit foreign address excluded),active cattery-breed association,FARUS,1006,https://xn--80a6adhc.xn--p1ai/catteries/112/368.html,2026-09-09,Supply-side federation register; multi-breed catteries contribute once to each listed breed; no animal/litter counts; undated cards retained; unknown codes omitted
RU-FARUS-CATTERIES-2026-09-09,369,1035/Яр/23 Partum,BBN,Bambino,VBO:0100037,exact,1,Russia (records with explicit foreign address excluded),active cattery-breed association,FARUS,1006,https://xn--80a6adhc.xn--p1ai/catteries/112/369.html,2026-09-09,Supply-side federation register; multi-breed catteries contribute once to each listed breed; no animal/litter counts; undated cards retained; unknown codes omitted
RU-FARUS-CATTERIES-2026-09-09,369,1035/Яр/23 Partum,ELF,Elf,VBO:0100091,exact,1,Russia (records with explicit foreign address excluded),active cattery-breed association,FARUS,1006,https://xn--80a6adhc.xn--p1ai/catteries/112/369.html,2026-09-09,Supply-side federation register; multi-breed catteries contribute once to each listed breed; no animal/litter counts; undated cards retained; unknown codes omitted
RU-FARUS-CATTERIES-2026-09-09,369,1035/Яр/23 Partum,SPH,Sphynx,VBO:0100230,exact,1,Russia (records with explicit foreign address excluded),active cattery-breed association,FARUS,1006,https://xn--80a6adhc.xn--p1ai/catteries/112/369.html,2026-09-09,Supply-side federation register; multi-breed catteries contribute once to each listed breed; no animal/litter counts; undated cards retained; unknown codes omitted
RU-FARUS-CATTERIES-2026-09-09,371,1036/С-П/23 Milaskis,RUS,Russian Blue,VBO:0100200,exact,1,Russia (records with explicit foreign address excluded),active cattery-breed association,FARUS,1006,https://xn--80a6adhc.xn--p1ai/catteries/100/371.html,2026-09-09,Supply-side federation register; multi-breed catteries contribute once to each listed breed; no animal/litter counts; undated cards retained; unknown codes omitted
RU-FARUS-CATTERIES-2026-09-09,373,1038/Ор/23 Magical Deya,BRI,British Shorthair,VBO:0100052,exact,1,Russia (records with explicit foreign address excluded),active cattery-breed association,FARUS,1006,https://xn--80a6adhc.xn--p1ai/catteries/97/373.html,2026-09-09,Supply-side federation register; multi-breed catteries contribute once to each listed breed; no animal/litter counts; undated cards retained; unknown codes omitted
RU-FARUS-CATTERIES-2026-09-09,374,1039/ОрВл/23 ABY Stepp/АБИ Степ,ABY,Abyssinian,VBO:0100000,exact,1,Russia (records with explicit foreign address excluded),active cattery-breed association,FARUS,1006,https://xn--80a6adhc.xn--p1ai/catteries/97/374.html,2026-09-09,Supply-side federation register; multi-breed catteries contribute once to each listed breed; no animal/litter counts; undated cards retained; unknown codes omitted
RU-FARUS-CATTERIES-2026-09-09,375,1040/Ор/23 MCO Welt/Мейн Кун Вельт,MCO,Maine Coon,VBO:0100154,exact,1,Russia (records with explicit foreign address excluded),active cattery-breed association,FARUS,1006,https://xn--80a6adhc.xn--p1ai/catteries/97/375.html,2026-09-09,Supply-side federation register; multi-breed catteries contribute once to each listed breed; no animal/litter counts; undated cards retained; unknown codes omitted
RU-FARUS-CATTERIES-2026-09-09,376,1041/МОП/23 MaxSteMel,BUR,Burmese,VBO:0100053,exact,1,Russia (records with explicit foreign address excluded),active cattery-breed association,FARUS,1006,https://xn--80a6adhc.xn--p1ai/catteries/95/376.html,2026-09-09,Supply-side federation register; multi-breed catteries contribute once to each listed breed; no animal/litter counts; undated cards retained; unknown codes omitted
RU-FARUS-CATTERIES-2026-09-09,377,1042/МОД/25 AnaisCharm*RU,MCO,Maine Coon,VBO:0100154,exact,1,Russia (records with explicit foreign address excluded),active cattery-breed association,FARUS,1006,https://xn--80a6adhc.xn--p1ai/catteries/95/377.html,2026-09-09,Supply-side federation register; multi-breed catteries contribute once to each listed breed; no animal/litter counts; undated cards retained; unknown codes omitted
RU-FARUS-CATTERIES-2026-09-09,377,1042/МОД/25 AnaisCharm*RU,MCP,Maine Coon Polydactyl,VBO:0100155,exact,1,Russia (records with explicit foreign address excluded),active cattery-breed association,FARUS,1006,https://xn--80a6adhc.xn--p1ai/catteries/95/377.html,2026-09-09,Supply-side federation register; multi-breed catteries contribute once to each listed breed; no animal/litter counts; undated cards retained; unknown codes omitted
RU-FARUS-CATTERIES-2026-09-09,378,1043/КрБ/23 Oriental Cats of Siberia,ORI,Oriental Shorthair,VBO:0100184,exact,1,Russia (records with explicit foreign address excluded),active cattery-breed association,FARUS,1006,https://xn--80a6adhc.xn--p1ai/catteries/104/378.html,2026-09-09,Supply-side federation register; multi-breed catteries contribute once to each listed breed; no animal/litter counts; undated cards retained; unknown codes omitted
RU-FARUS-CATTERIES-2026-09-09,379,1044/КрН/23 Star Adellaide,MCO,Maine Coon,VBO:0100154,exact,1,Russia (records with explicit foreign address excluded),active cattery-breed association,FARUS,1006,https://xn--80a6adhc.xn--p1ai/catteries/104/379.html,2026-09-09,Supply-side federation register; multi-breed catteries contribute once to each listed breed; no animal/litter counts; undated cards retained; unknown codes omitted
RU-FARUS-CATTERIES-2026-09-09,380,1045/Кр/23 Gold Coon of Siberia,MCO,Maine Coon,VBO:0100154,exact,1,Russia (records with explicit foreign address excluded),active cattery-breed association,FARUS,1006,https://xn--80a6adhc.xn--p1ai/catteries/104/380.html,2026-09-09,Supply-side federation register; multi-breed catteries contribute once to each listed breed; no animal/litter counts; undated cards retained; unknown codes omitted
RU-FARUS-CATTERIES-2026-09-09,381,1046/ЛОХ/23 Happy StarCoon,MCO,Maine Coon,VBO:0100154,exact,1,Russia (records with explicit foreign address excluded),active cattery-breed association,FARUS,1006,https://xn--80a6adhc.xn--p1ai/catteries/113/381.html,2026-09-09,Supply-side federation register; multi-breed catteries contribute once to each listed breed; no animal/litter counts; undated cards retained; unknown codes omitted
RU-FARUS-CATTERIES-2026-09-09,382,572/О/23 CRINITUS DEO`S,MCO,Maine Coon,VBO:0100154,exact,1,Russia (records with explicit foreign address excluded),active cattery-breed association,FARUS,1006,https://xn--80a6adhc.xn--p1ai/catteries/107/382.html,2026-09-09,Supply-side federation register; multi-breed catteries contribute once to each listed breed; no animal/litter counts; undated cards retained; unknown codes omitted
RU-FARUS-CATTERIES-2026-09-09,383,590/Н/23 Iz Doma Bennetti,BRI,British Shorthair,VBO:0100052,exact,1,Russia (records with explicit foreign address excluded),active cattery-breed association,FARUS,1006,https://xn--80a6adhc.xn--p1ai/catteries/107/383.html,2026-09-09,Supply-side federation register; multi-breed catteries contribute once to each listed breed; no animal/litter counts; undated cards retained; unknown codes omitted
RU-FARUS-CATTERIES-2026-09-09,383,590/Н/23 Iz Doma Bennetti,MCO,Maine Coon,VBO:0100154,exact,1,Russia (records with explicit foreign address excluded),active cattery-breed association,FARUS,1006,https://xn--80a6adhc.xn--p1ai/catteries/107/383.html,2026-09-09,Supply-side federation register; multi-breed catteries contribute once to each listed breed; no animal/litter counts; undated cards retained; unknown codes omitted
RU-FARUS-CATTERIES-2026-09-09,383,590/Н/23 Iz Doma Bennetti,MNS,"Munchkin (Munchk), Short-Haired",VBO:0100303,exact,1,Russia (records with explicit foreign address excluded),active cattery-breed association,FARUS,1006,https://xn--80a6adhc.xn--p1ai/catteries/107/383.html,2026-09-09,Supply-side federation register; multi-breed catteries contribute once to each listed breed; no animal/litter counts; undated cards retained; unknown codes omitted
RU-FARUS-CATTERIES-2026-09-09,384,613/МОК/23 Mes Tresors,MCO,Maine Coon,VBO:0100154,exact,1,Russia (records with explicit foreign address excluded),active cattery-breed association,FARUS,1006,https://xn--80a6adhc.xn--p1ai/catteries/95/384.html,2026-09-09,Supply-side federation register; multi-breed catteries contribute once to each listed breed; no animal/litter counts; undated cards retained; unknown codes omitted
RU-FARUS-CATTERIES-2026-09-09,385,647/МОЖ/24 VladMira,MCO,Maine Coon,VBO:0100154,exact,1,Russia (records with explicit foreign address excluded),active cattery-breed association,FARUS,1006,https://xn--80a6adhc.xn--p1ai/catteries/95/385.html,2026-09-09,Supply-side federation register; multi-breed catteries contribute once to each listed breed; no animal/litter counts; undated cards retained; unknown codes omitted
RU-FARUS-CATTERIES-2026-09-09,385,647/МОЖ/24 VladMira,MCP,Maine Coon Polydactyl,VBO:0100155,exact,1,Russia (records with explicit foreign address excluded),active cattery-breed association,FARUS,1006,https://xn--80a6adhc.xn--p1ai/catteries/95/385.html,2026-09-09,Supply-side federation register; multi-breed catteries contribute once to each listed breed; no animal/litter counts; undated cards retained; unknown codes omitted
RU-FARUS-CATTERIES-2026-09-09,386,1047/С-П/23 El Gatorio,DRX,Devon Rex,VBO:0100084,exact,1,Russia (records with explicit foreign address excluded),active cattery-breed association,FARUS,1006,https://xn--80a6adhc.xn--p1ai/catteries/100/386.html,2026-09-09,Supply-side federation register; multi-breed catteries contribute once to each listed breed; no animal/litter counts; undated cards retained; unknown codes omitted
RU-FARUS-CATTERIES-2026-09-09,386,1047/С-П/23 El Gatorio,MCO,Maine Coon,VBO:0100154,exact,1,Russia (records with explicit foreign address excluded),active cattery-breed association,FARUS,1006,https://xn--80a6adhc.xn--p1ai/catteries/100/386.html,2026-09-09,Supply-side federation register; multi-breed catteries contribute once to each listed breed; no animal/litter counts; undated cards retained; unknown codes omitted
RU-FARUS-CATTERIES-2026-09-09,387,1048/КрОК/23 FatCat,BBN,Bambino,VBO:0100037,exact,1,Russia (records with explicit foreign address excluded),active cattery-breed association,FARUS,1006,https://xn--80a6adhc.xn--p1ai/catteries/104/387.html,2026-09-09,Supply-side federation register; multi-breed catteries contribute once to each listed breed; no animal/litter counts; undated cards retained; unknown codes omitted
RU-FARUS-CATTERIES-2026-09-09,387,1048/КрОК/23 FatCat,EXO,Exotic Shorthair,VBO:0100096,exact,1,Russia (records with explicit foreign address excluded),active cattery-breed association,FARUS,1006,https://xn--80a6adhc.xn--p1ai/catteries/104/387.html,2026-09-09,Supply-side federation register; multi-breed catteries contribute once to each listed breed; no animal/litter counts; undated cards retained; unknown codes omitted
RU-FARUS-CATTERIES-2026-09-09,387,1048/КрОК/23 FatCat,PER,Persian,VBO:0100188,exact,1,Russia (records with explicit foreign address excluded),active cattery-breed association,FARUS,1006,https://xn--80a6adhc.xn--p1ai/catteries/104/387.html,2026-09-09,Supply-side federation register; multi-breed catteries contribute once to each listed breed; no animal/litter counts; undated cards retained; unknown codes omitted
RU-FARUS-CATTERIES-2026-09-09,388,1049/М/23 Zandra,ELF,Elf,VBO:0100091,exact,1,Russia (records with explicit foreign address excluded),active cattery-breed association,FARUS,1006,https://xn--80a6adhc.xn--p1ai/catteries/95/388.html,2026-09-09,Supply-side federation register; multi-breed catteries contribute once to each listed breed; no animal/litter counts; undated cards retained; unknown codes omitted
RU-FARUS-CATTERIES-2026-09-09,388,1049/М/23 Zandra,SPH,Sphynx,VBO:0100230,exact,1,Russia (records with explicit foreign address excluded),active cattery-breed association,FARUS,1006,https://xn--80a6adhc.xn--p1ai/catteries/95/388.html,2026-09-09,Supply-side federation register; multi-breed catteries contribute once to each listed breed; no animal/litter counts; undated cards retained; unknown codes omitted
RU-FARUS-CATTERIES-2026-09-09,389,1050/КЮ/23 Stella Abis/Ori Bell-Yurga,ABY,Abyssinian,VBO:0100000,exact,1,Russia (records with explicit foreign address excluded),active cattery-breed association,FARUS,1006,https://xn--80a6adhc.xn--p1ai/catteries/107/389.html,2026-09-09,Supply-side federation register; multi-breed catteries contribute once to each listed breed; no animal/litter counts; undated cards retained; unknown codes omitted
RU-FARUS-CATTERIES-2026-09-09,389,1050/КЮ/23 Stella Abis/Ori Bell-Yurga,ORI,Oriental Shorthair,VBO:0100184,exact,1,Russia (records with explicit foreign address excluded),active cattery-breed association,FARUS,1006,https://xn--80a6adhc.xn--p1ai/catteries/107/389.html,2026-09-09,Supply-side federation register; multi-breed catteries contribute once to each listed breed; no animal/litter counts; undated cards retained; unknown codes omitted
RU-FARUS-CATTERIES-2026-09-09,390,437/М/24 Atlantik Citi Cats,MCO,Maine Coon,VBO:0100154,exact,1,Russia (records with explicit foreign address excluded),active cattery-breed association,FARUS,1006,https://xn--80a6adhc.xn--p1ai/catteries/101/390.html,2026-09-09,Supply-side federation register; multi-breed catteries contribute once to each listed breed; no animal/litter counts; undated cards retained; unknown codes omitted
RU-FARUS-CATTERIES-2026-09-09,390,437/М/24 Atlantik Citi Cats,SCL,Scottish Straight Longhair,VBO:0100214,exact,1,Russia (records with explicit foreign address excluded),active cattery-breed association,FARUS,1006,https://xn--80a6adhc.xn--p1ai/catteries/101/390.html,2026-09-09,Supply-side federation register; multi-breed catteries contribute once to each listed breed; no animal/litter counts; undated cards retained; unknown codes omitted
RU-FARUS-CATTERIES-2026-09-09,390,437/М/24 Atlantik Citi Cats,SCS,Scottish Straight,VBO:0100213,exact,1,Russia (records with explicit foreign address excluded),active cattery-breed association,FARUS,1006,https://xn--80a6adhc.xn--p1ai/catteries/101/390.html,2026-09-09,Supply-side federation register; multi-breed catteries contribute once to each listed breed; no animal/litter counts; undated cards retained; unknown codes omitted
RU-FARUS-CATTERIES-2026-09-09,390,437/М/24 Atlantik Citi Cats,SFL,Scottish Fold Longhair,VBO:0100210,exact,1,Russia (records with explicit foreign address excluded),active cattery-breed association,FARUS,1006,https://xn--80a6adhc.xn--p1ai/catteries/101/390.html,2026-09-09,Supply-side federation register; multi-breed catteries contribute once to each listed breed; no animal/litter counts; undated cards retained; unknown codes omitted
RU-FARUS-CATTERIES-2026-09-09,390,437/М/24 Atlantik Citi Cats,SFS,Scottish Fold,VBO:0100209,exact,1,Russia (records with explicit foreign address excluded),active cattery-breed association,FARUS,1006,https://xn--80a6adhc.xn--p1ai/catteries/101/390.html,2026-09-09,Supply-side federation register; multi-breed catteries contribute once to each listed breed; no animal/litter counts; undated cards retained; unknown codes omitted
RU-FARUS-CATTERIES-2026-09-09,391,615/М/24 Mario-cat-chocolate,CRX,Cornish Rex,VBO:0100077,exact,1,Russia (records with explicit foreign address excluded),active cattery-breed association,FARUS,1006,https://xn--80a6adhc.xn--p1ai/catteries/101/391.html,2026-09-09,Supply-side federation register; multi-breed catteries contribute once to each listed breed; no animal/litter counts; undated cards retained; unknown codes omitted
RU-FARUS-CATTERIES-2026-09-09,391,615/М/24 Mario-cat-chocolate,MCO,Maine Coon,VBO:0100154,exact,1,Russia (records with explicit foreign address excluded),active cattery-breed association,FARUS,1006,https://xn--80a6adhc.xn--p1ai/catteries/101/391.html,2026-09-09,Supply-side federation register; multi-breed catteries contribute once to each listed breed; no animal/litter counts; undated cards retained; unknown codes omitted
RU-FARUS-CATTERIES-2026-09-09,391,615/М/24 Mario-cat-chocolate,ORI,Oriental Shorthair,VBO:0100184,exact,1,Russia (records with explicit foreign address excluded),active cattery-breed association,FARUS,1006,https://xn--80a6adhc.xn--p1ai/catteries/101/391.html,2026-09-09,Supply-side federation register; multi-breed catteries contribute once to each listed breed; no animal/litter counts; undated cards retained; unknown codes omitted
RU-FARUS-CATTERIES-2026-09-09,392,616/МОА/24 Charming Grace,BRI,British Shorthair,VBO:0100052,exact,1,Russia (records with explicit foreign address excluded),active cattery-breed association,FARUS,1006,https://xn--80a6adhc.xn--p1ai/catteries/101/392.html,2026-09-09,Supply-side federation register; multi-breed catteries contribute once to each listed breed; no animal/litter counts; undated cards retained; unknown codes omitted
RU-FARUS-CATTERIES-2026-09-09,392,616/МОА/24 Charming Grace,BUR,Burmese,VBO:0100053,exact,1,Russia (records with explicit foreign address excluded),active cattery-breed association,FARUS,1006,https://xn--80a6adhc.xn--p1ai/catteries/101/392.html,2026-09-09,Supply-side federation register; multi-breed catteries contribute once to each listed breed; no animal/litter counts; undated cards retained; unknown codes omitted
RU-FARUS-CATTERIES-2026-09-09,392,616/МОА/24 Charming Grace,SCS,Scottish Straight,VBO:0100213,exact,1,Russia (records with explicit foreign address excluded),active cattery-breed association,FARUS,1006,https://xn--80a6adhc.xn--p1ai/catteries/101/392.html,2026-09-09,Supply-side federation register; multi-breed catteries contribute once to each listed breed; no animal/litter counts; undated cards retained; unknown codes omitted
RU-FARUS-CATTERIES-2026-09-09,392,616/МОА/24 Charming Grace,SFS,Scottish Fold,VBO:0100209,exact,1,Russia (records with explicit foreign address excluded),active cattery-breed association,FARUS,1006,https://xn--80a6adhc.xn--p1ai/catteries/101/392.html,2026-09-09,Supply-side federation register; multi-breed catteries contribute once to each listed breed; no animal/litter counts; undated cards retained; unknown codes omitted
RU-FARUS-CATTERIES-2026-09-09,393,618/М/24 HoneyHouse,MNS,"Munchkin (Munchk), Short-Haired",VBO:0100303,exact,1,Russia (records with explicit foreign address excluded),active cattery-breed association,FARUS,1006,https://xn--80a6adhc.xn--p1ai/catteries/95/393.html,2026-09-09,Supply-side federation register; multi-breed catteries contribute once to each listed breed; no animal/litter counts; undated cards retained; unknown codes omitted
RU-FARUS-CATTERIES-2026-09-09,393,618/М/24 HoneyHouse,SCS,Scottish Straight,VBO:0100213,exact,1,Russia (records with explicit foreign address excluded),active cattery-breed association,FARUS,1006,https://xn--80a6adhc.xn--p1ai/catteries/95/393.html,2026-09-09,Supply-side federation register; multi-breed catteries contribute once to each listed breed; no animal/litter counts; undated cards retained; unknown codes omitted
RU-FARUS-CATTERIES-2026-09-09,393,618/М/24 HoneyHouse,SFS,Scottish Fold,VBO:0100209,exact,1,Russia (records with explicit foreign address excluded),active cattery-breed association,FARUS,1006,https://xn--80a6adhc.xn--p1ai/catteries/95/393.html,2026-09-09,Supply-side federation register; multi-breed catteries contribute once to each listed breed; no animal/litter counts; undated cards retained; unknown codes omitted
RU-FARUS-CATTERIES-2026-09-09,393,618/М/24 HoneyHouse,SKS,Selkirk Rex Shorthair,VBO:0100217,exact,1,Russia (records with explicit foreign address excluded),active cattery-breed association,FARUS,1006,https://xn--80a6adhc.xn--p1ai/catteries/95/393.html,2026-09-09,Supply-side federation register; multi-breed catteries contribute once to each listed breed; no animal/litter counts; undated cards retained; unknown codes omitted
RU-FARUS-CATTERIES-2026-09-09,394,1051/Кр/24 ORIVU CATS,ORI,Oriental Shorthair,VBO:0100184,exact,1,Russia (records with explicit foreign address excluded),active cattery-breed association,FARUS,1006,https://xn--80a6adhc.xn--p1ai/catteries/109/394.html,2026-09-09,Supply-side federation register; multi-breed catteries contribute once to each listed breed; no animal/litter counts; undated cards retained; unknown codes omitted
RU-FARUS-CATTERIES-2026-09-09,395,1052/С-П/24 Baron Pompon,KBS,Kurilian Bobtail Shorthair,VBO:0100148,exact,1,Russia (records with explicit foreign address excluded),active cattery-breed association,FARUS,1006,https://xn--80a6adhc.xn--p1ai/catteries/100/395.html,2026-09-09,Supply-side federation register; multi-breed catteries contribute once to each listed breed; no animal/litter counts; undated cards retained; unknown codes omitted
RU-FARUS-CATTERIES-2026-09-09,396,1053/С-П/24 L`Eminence Rouge,ORI,Oriental Shorthair,VBO:0100184,exact,1,Russia (records with explicit foreign address excluded),active cattery-breed association,FARUS,1006,https://xn--80a6adhc.xn--p1ai/catteries/102/396.html,2026-09-09,Supply-side federation register; multi-breed catteries contribute once to each listed breed; no animal/litter counts; undated cards retained; unknown codes omitted
RU-FARUS-CATTERIES-2026-09-09,396,1053/С-П/24 L`Eminence Rouge,SIA,Siamese,VBO:0100221,exact,1,Russia (records with explicit foreign address excluded),active cattery-breed association,FARUS,1006,https://xn--80a6adhc.xn--p1ai/catteries/102/396.html,2026-09-09,Supply-side federation register; multi-breed catteries contribute once to each listed breed; no animal/litter counts; undated cards retained; unknown codes omitted
RU-FARUS-CATTERIES-2026-09-09,397,1054/ЛОН/24 Kiss by Flower`s,ABY,Abyssinian,VBO:0100000,exact,1,Russia (records with explicit foreign address excluded),active cattery-breed association,FARUS,1006,https://xn--80a6adhc.xn--p1ai/catteries/102/397.html,2026-09-09,Supply-side federation register; multi-breed catteries contribute once to each listed breed; no animal/litter counts; undated cards retained; unknown codes omitted
RU-FARUS-CATTERIES-2026-09-09,397,1054/ЛОН/24 Kiss by Flower`s,BUR,Burmese,VBO:0100053,exact,1,Russia (records with explicit foreign address excluded),active cattery-breed association,FARUS,1006,https://xn--80a6adhc.xn--p1ai/catteries/102/397.html,2026-09-09,Supply-side federation register; multi-breed catteries contribute once to each listed breed; no animal/litter counts; undated cards retained; unknown codes omitted
RU-FARUS-CATTERIES-2026-09-09,398,1055/МОС/24 ASH ORI,ORI,Oriental Shorthair,VBO:0100184,exact,1,Russia (records with explicit foreign address excluded),active cattery-breed association,FARUS,1006,https://xn--80a6adhc.xn--p1ai/catteries/95/398.html,2026-09-09,Supply-side federation register; multi-breed catteries contribute once to each listed breed; no animal/litter counts; undated cards retained; unknown codes omitted
RU-FARUS-CATTERIES-2026-09-09,398,1055/МОС/24 ASH ORI,SIA,Siamese,VBO:0100221,exact,1,Russia (records with explicit foreign address excluded),active cattery-breed association,FARUS,1006,https://xn--80a6adhc.xn--p1ai/catteries/95/398.html,2026-09-09,Supply-side federation register; multi-breed catteries contribute once to each listed breed; no animal/litter counts; undated cards retained; unknown codes omitted
RU-FARUS-CATTERIES-2026-09-09,399,1056/БС/24 DiSaCats,SCS,Scottish Straight,VBO:0100213,exact,1,Russia (records with explicit foreign address excluded),active cattery-breed association,FARUS,1006,https://xn--80a6adhc.xn--p1ai/catteries/95/399.html,2026-09-09,Supply-side federation register; multi-breed catteries contribute once to each listed breed; no animal/litter counts; undated cards retained; unknown codes omitted
RU-FARUS-CATTERIES-2026-09-09,399,1056/БС/24 DiSaCats,SFS,Scottish Fold,VBO:0100209,exact,1,Russia (records with explicit foreign address excluded),active cattery-breed association,FARUS,1006,https://xn--80a6adhc.xn--p1ai/catteries/95/399.html,2026-09-09,Supply-side federation register; multi-breed catteries contribute once to each listed breed; no animal/litter counts; undated cards retained; unknown codes omitted
RU-FARUS-CATTERIES-2026-09-09,399,1056/БС/24 DiSaCats,SKS,Selkirk Rex Shorthair,VBO:0100217,exact,1,Russia (records with explicit foreign address excluded),active cattery-breed association,FARUS,1006,https://xn--80a6adhc.xn--p1ai/catteries/95/399.html,2026-09-09,Supply-side federation register; multi-breed catteries contribute once to each listed breed; no animal/litter counts; undated cards retained; unknown codes omitted
RU-FARUS-CATTERIES-2026-09-09,400,1057/МОИ/24 Lovusiki,BBN,Bambino,VBO:0100037,exact,1,Russia (records with explicit foreign address excluded),active cattery-breed association,FARUS,1006,https://xn--80a6adhc.xn--p1ai/catteries/95/400.html,2026-09-09,Supply-side federation register; multi-breed catteries contribute once to each listed breed; no animal/litter counts; undated cards retained; unknown codes omitted
RU-FARUS-CATTERIES-2026-09-09,400,1057/МОИ/24 Lovusiki,ELF,Elf,VBO:0100091,exact,1,Russia (records with explicit foreign address excluded),active cattery-breed association,FARUS,1006,https://xn--80a6adhc.xn--p1ai/catteries/95/400.html,2026-09-09,Supply-side federation register; multi-breed catteries contribute once to each listed breed; no animal/litter counts; undated cards retained; unknown codes omitted
RU-FARUS-CATTERIES-2026-09-09,400,1057/МОИ/24 Lovusiki,SPH,Sphynx,VBO:0100230,exact,1,Russia (records with explicit foreign address excluded),active cattery-breed association,FARUS,1006,https://xn--80a6adhc.xn--p1ai/catteries/95/400.html,2026-09-09,Supply-side federation register; multi-breed catteries contribute once to each listed breed; no animal/litter counts; undated cards retained; unknown codes omitted
RU-FARUS-CATTERIES-2026-09-09,401,1058/С-П/24 INDIGO WAY,BRI,British Shorthair,VBO:0100052,exact,1,Russia (records with explicit foreign address excluded),active cattery-breed association,FARUS,1006,https://xn--80a6adhc.xn--p1ai/catteries/108/401.html,2026-09-09,Supply-side federation register; multi-breed catteries contribute once to each listed breed; no animal/litter counts; undated cards retained; unknown codes omitted
RU-FARUS-CATTERIES-2026-09-09,401,1058/С-П/24 INDIGO WAY,BRL,British Longhair,VBO:0100051,exact,1,Russia (records with explicit foreign address excluded),active cattery-breed association,FARUS,1006,https://xn--80a6adhc.xn--p1ai/catteries/108/401.html,2026-09-09,Supply-side federation register; multi-breed catteries contribute once to each listed breed; no animal/litter counts; undated cards retained; unknown codes omitted
RU-FARUS-CATTERIES-2026-09-09,401,1058/С-П/24 INDIGO WAY,SCL,Scottish Straight Longhair,VBO:0100214,exact,1,Russia (records with explicit foreign address excluded),active cattery-breed association,FARUS,1006,https://xn--80a6adhc.xn--p1ai/catteries/108/401.html,2026-09-09,Supply-side federation register; multi-breed catteries contribute once to each listed breed; no animal/litter counts; undated cards retained; unknown codes omitted
RU-FARUS-CATTERIES-2026-09-09,401,1058/С-П/24 INDIGO WAY,SCS,Scottish Straight,VBO:0100213,exact,1,Russia (records with explicit foreign address excluded),active cattery-breed association,FARUS,1006,https://xn--80a6adhc.xn--p1ai/catteries/108/401.html,2026-09-09,Supply-side federation register; multi-breed catteries contribute once to each listed breed; no animal/litter counts; undated cards retained; unknown codes omitted
RU-FARUS-CATTERIES-2026-09-09,401,1058/С-П/24 INDIGO WAY,SFL,Scottish Fold Longhair,VBO:0100210,exact,1,Russia (records with explicit foreign address excluded),active cattery-breed association,FARUS,1006,https://xn--80a6adhc.xn--p1ai/catteries/108/401.html,2026-09-09,Supply-side federation register; multi-breed catteries contribute once to each listed breed; no animal/litter counts; undated cards retained; unknown codes omitted
RU-FARUS-CATTERIES-2026-09-09,401,1058/С-П/24 INDIGO WAY,SFS,Scottish Fold,VBO:0100209,exact,1,Russia (records with explicit foreign address excluded),active cattery-breed association,FARUS,1006,https://xn--80a6adhc.xn--p1ai/catteries/108/401.html,2026-09-09,Supply-side federation register; multi-breed catteries contribute once to each listed breed; no animal/litter counts; undated cards retained; unknown codes omitted
RU-FARUS-CATTERIES-2026-09-09,402,1059/С-П/24 Cassius Black*RU,SCL,Scottish Straight Longhair,VBO:0100214,exact,1,Russia (records with explicit foreign address excluded),active cattery-breed association,FARUS,1006,https://xn--80a6adhc.xn--p1ai/catteries/108/402.html,2026-09-09,Supply-side federation register; multi-breed catteries contribute once to each listed breed; no animal/litter counts; undated cards retained; unknown codes omitted
RU-FARUS-CATTERIES-2026-09-09,402,1059/С-П/24 Cassius Black*RU,SCS,Scottish Straight,VBO:0100213,exact,1,Russia (records with explicit foreign address excluded),active cattery-breed association,FARUS,1006,https://xn--80a6adhc.xn--p1ai/catteries/108/402.html,2026-09-09,Supply-side federation register; multi-breed catteries contribute once to each listed breed; no animal/litter counts; undated cards retained; unknown codes omitted
RU-FARUS-CATTERIES-2026-09-09,402,1059/С-П/24 Cassius Black*RU,SFL,Scottish Fold Longhair,VBO:0100210,exact,1,Russia (records with explicit foreign address excluded),active cattery-breed association,FARUS,1006,https://xn--80a6adhc.xn--p1ai/catteries/108/402.html,2026-09-09,Supply-side federation register; multi-breed catteries contribute once to each listed breed; no animal/litter counts; undated cards retained; unknown codes omitted
RU-FARUS-CATTERIES-2026-09-09,402,1059/С-П/24 Cassius Black*RU,SFS,Scottish Fold,VBO:0100209,exact,1,Russia (records with explicit foreign address excluded),active cattery-breed association,FARUS,1006,https://xn--80a6adhc.xn--p1ai/catteries/108/402.html,2026-09-09,Supply-side federation register; multi-breed catteries contribute once to each listed breed; no animal/litter counts; undated cards retained; unknown codes omitted
RU-FARUS-CATTERIES-2026-09-09,403,1060/С-П/24 LEON DOLLS,RAG,Ragdoll,VBO:0100196,exact,1,Russia (records with explicit foreign address excluded),active cattery-breed association,FARUS,1006,https://xn--80a6adhc.xn--p1ai/catteries/100/403.html,2026-09-09,Supply-side federation register; multi-breed catteries contribute once to each listed breed; no animal/litter counts; undated cards retained; unknown codes omitted
RU-FARUS-CATTERIES-2026-09-09,404,625/С-П/24 Kingdom of Aby,ABY,Abyssinian,VBO:0100000,exact,1,Russia (records with explicit foreign address excluded),active cattery-breed association,FARUS,1006,https://xn--80a6adhc.xn--p1ai/catteries/102/404.html,2026-09-09,Supply-side federation register; multi-breed catteries contribute once to each listed breed; no animal/litter counts; undated cards retained; unknown codes omitted
RU-FARUS-CATTERIES-2026-09-09,405,635/МОО/24 Gold Nika Files,SCS,Scottish Straight,VBO:0100213,exact,1,Russia (records with explicit foreign address excluded),active cattery-breed association,FARUS,1006,https://xn--80a6adhc.xn--p1ai/catteries/95/405.html,2026-09-09,Supply-side federation register; multi-breed catteries contribute once to each listed breed; no animal/litter counts; undated cards retained; unknown codes omitted
RU-FARUS-CATTERIES-2026-09-09,405,635/МОО/24 Gold Nika Files,SFS,Scottish Fold,VBO:0100209,exact,1,Russia (records with explicit foreign address excluded),active cattery-breed association,FARUS,1006,https://xn--80a6adhc.xn--p1ai/catteries/95/405.html,2026-09-09,Supply-side federation register; multi-breed catteries contribute once to each listed breed; no animal/litter counts; undated cards retained; unknown codes omitted
RU-FARUS-CATTERIES-2026-09-09,406,1061/Т/24 Mysterycoon,MCO,Maine Coon,VBO:0100154,exact,1,Russia (records with explicit foreign address excluded),active cattery-breed association,FARUS,1006,https://xn--80a6adhc.xn--p1ai/catteries/95/406.html,2026-09-09,Supply-side federation register; multi-breed catteries contribute once to each listed breed; no animal/litter counts; undated cards retained; unknown codes omitted
RU-FARUS-CATTERIES-2026-09-09,407,1062/МОП/24 TigerKun,MCO,Maine Coon,VBO:0100154,exact,1,Russia (records with explicit foreign address excluded),active cattery-breed association,FARUS,1006,https://xn--80a6adhc.xn--p1ai/catteries/95/407.html,2026-09-09,Supply-side federation register; multi-breed catteries contribute once to each listed breed; no animal/litter counts; undated cards retained; unknown codes omitted
RU-FARUS-CATTERIES-2026-09-09,407,1062/МОП/24 TigerKun,MCP,Maine Coon Polydactyl,VBO:0100155,exact,1,Russia (records with explicit foreign address excluded),active cattery-breed association,FARUS,1006,https://xn--80a6adhc.xn--p1ai/catteries/95/407.html,2026-09-09,Supply-side federation register; multi-breed catteries contribute once to each listed breed; no animal/litter counts; undated cards retained; unknown codes omitted
RU-FARUS-CATTERIES-2026-09-09,408,1063/М/24 Aneirin`s,MCO,Maine Coon,VBO:0100154,exact,1,Russia (records with explicit foreign address excluded),active cattery-breed association,FARUS,1006,https://xn--80a6adhc.xn--p1ai/catteries/95/408.html,2026-09-09,Supply-side federation register; multi-breed catteries contribute once to each listed breed; no animal/litter counts; undated cards retained; unknown codes omitted
RU-FARUS-CATTERIES-2026-09-09,409,1071/М/24 Rising Dream,CRX,Cornish Rex,VBO:0100077,exact,1,Russia (records with explicit foreign address excluded),active cattery-breed association,FARUS,1006,https://xn--80a6adhc.xn--p1ai/catteries/95/409.html,2026-09-09,Supply-side federation register; multi-breed catteries contribute once to each listed breed; no animal/litter counts; undated cards retained; unknown codes omitted
RU-FARUS-CATTERIES-2026-09-09,410,1072/М/24 MOS Charm,SCL,Scottish Straight Longhair,VBO:0100214,exact,1,Russia (records with explicit foreign address excluded),active cattery-breed association,FARUS,1006,https://xn--80a6adhc.xn--p1ai/catteries/95/410.html,2026-09-09,Supply-side federation register; multi-breed catteries contribute once to each listed breed; no animal/litter counts; undated cards retained; unknown codes omitted
RU-FARUS-CATTERIES-2026-09-09,410,1072/М/24 MOS Charm,SCS,Scottish Straight,VBO:0100213,exact,1,Russia (records with explicit foreign address excluded),active cattery-breed association,FARUS,1006,https://xn--80a6adhc.xn--p1ai/catteries/95/410.html,2026-09-09,Supply-side federation register; multi-breed catteries contribute once to each listed breed; no animal/litter counts; undated cards retained; unknown codes omitted
RU-FARUS-CATTERIES-2026-09-09,410,1072/М/24 MOS Charm,SFL,Scottish Fold Longhair,VBO:0100210,exact,1,Russia (records with explicit foreign address excluded),active cattery-breed association,FARUS,1006,https://xn--80a6adhc.xn--p1ai/catteries/95/410.html,2026-09-09,Supply-side federation register; multi-breed catteries contribute once to each listed breed; no animal/litter counts; undated cards retained; unknown codes omitted
RU-FARUS-CATTERIES-2026-09-09,410,1072/М/24 MOS Charm,SFS,Scottish Fold,VBO:0100209,exact,1,Russia (records with explicit foreign address excluded),active cattery-breed association,FARUS,1006,https://xn--80a6adhc.xn--p1ai/catteries/95/410.html,2026-09-09,Supply-side federation register; multi-breed catteries contribute once to each listed breed; no animal/litter counts; undated cards retained; unknown codes omitted
RU-FARUS-CATTERIES-2026-09-09,411,1073/МОЛ/24 Puzzle Enjoy,MNL,Munchkin Longhair,VBO:0100170,exact,1,Russia (records with explicit foreign address excluded),active cattery-breed association,FARUS,1006,https://xn--80a6adhc.xn--p1ai/catteries/95/411.html,2026-09-09,Supply-side federation register; multi-breed catteries contribute once to each listed breed; no animal/litter counts; undated cards retained; unknown codes omitted
RU-FARUS-CATTERIES-2026-09-09,411,1073/МОЛ/24 Puzzle Enjoy,MNS,"Munchkin (Munchk), Short-Haired",VBO:0100303,exact,1,Russia (records with explicit foreign address excluded),active cattery-breed association,FARUS,1006,https://xn--80a6adhc.xn--p1ai/catteries/95/411.html,2026-09-09,Supply-side federation register; multi-breed catteries contribute once to each listed breed; no animal/litter counts; undated cards retained; unknown codes omitted
RU-FARUS-CATTERIES-2026-09-09,412,1074/МОЭ/24 NidalinCoon,MCO,Maine Coon,VBO:0100154,exact,1,Russia (records with explicit foreign address excluded),active cattery-breed association,FARUS,1006,https://xn--80a6adhc.xn--p1ai/catteries/95/412.html,2026-09-09,Supply-side federation register; multi-breed catteries contribute once to each listed breed; no animal/litter counts; undated cards retained; unknown codes omitted
RU-FARUS-CATTERIES-2026-09-09,413,1064/С-П/24 SEVERNAIA ZVEZDA,NEB,Nebelung,VBO:0100172,exact,1,Russia (records with explicit foreign address excluded),active cattery-breed association,FARUS,1006,https://xn--80a6adhc.xn--p1ai/catteries/100/413.html,2026-09-09,Supply-side federation register; multi-breed catteries contribute once to each listed breed; no animal/litter counts; undated cards retained; unknown codes omitted
RU-FARUS-CATTERIES-2026-09-09,413,1064/С-П/24 SEVERNAIA ZVEZDA,RUS,Russian Blue,VBO:0100200,exact,1,Russia (records with explicit foreign address excluded),active cattery-breed association,FARUS,1006,https://xn--80a6adhc.xn--p1ai/catteries/100/413.html,2026-09-09,Supply-side federation register; multi-breed catteries contribute once to each listed breed; no animal/litter counts; undated cards retained; unknown codes omitted
RU-FARUS-CATTERIES-2026-09-09,414,1065/МОМ/24 Lilori,ORI,Oriental Shorthair,VBO:0100184,exact,1,Russia (records with explicit foreign address excluded),active cattery-breed association,FARUS,1006,https://xn--80a6adhc.xn--p1ai/catteries/95/414.html,2026-09-09,Supply-side federation register; multi-breed catteries contribute once to each listed breed; no animal/litter counts; undated cards retained; unknown codes omitted
RU-FARUS-CATTERIES-2026-09-09,415,1068/КС/24 Parsegov cats,MNS,"Munchkin (Munchk), Short-Haired",VBO:0100303,exact,1,Russia (records with explicit foreign address excluded),active cattery-breed association,FARUS,1006,https://xn--80a6adhc.xn--p1ai/catteries/96/415.html,2026-09-09,Supply-side federation register; multi-breed catteries contribute once to each listed breed; no animal/litter counts; undated cards retained; unknown codes omitted
RU-FARUS-CATTERIES-2026-09-09,416,1069/ОрБр/24 BURMartik (БурМартик),BUR,Burmese,VBO:0100053,exact,1,Russia (records with explicit foreign address excluded),active cattery-breed association,FARUS,1006,https://xn--80a6adhc.xn--p1ai/catteries/97/416.html,2026-09-09,Supply-side federation register; multi-breed catteries contribute once to each listed breed; no animal/litter counts; undated cards retained; unknown codes omitted
RU-FARUS-CATTERIES-2026-09-09,417,1070/Ор/24 ABYMAVU (АБИМАВУ),ABY,Abyssinian,VBO:0100000,exact,1,Russia (records with explicit foreign address excluded),active cattery-breed association,FARUS,1006,https://xn--80a6adhc.xn--p1ai/catteries/132/417.html,2026-09-09,Supply-side federation register; multi-breed catteries contribute once to each listed breed; no animal/litter counts; undated cards retained; unknown codes omitted
RU-FARUS-CATTERIES-2026-09-09,418,1075/В/24 Tuileries showtime,ORI,Oriental Shorthair,VBO:0100184,exact,1,Russia (records with explicit foreign address excluded),active cattery-breed association,FARUS,1006,https://xn--80a6adhc.xn--p1ai/catteries/98/418.html,2026-09-09,Supply-side federation register; multi-breed catteries contribute once to each listed breed; no animal/litter counts; undated cards retained; unknown codes omitted
RU-FARUS-CATTERIES-2026-09-09,419,1076/С-П/24 GOSSAMER,ORI,Oriental Shorthair,VBO:0100184,exact,1,Russia (records with explicit foreign address excluded),active cattery-breed association,FARUS,1006,https://xn--80a6adhc.xn--p1ai/catteries/95/419.html,2026-09-09,Supply-side federation register; multi-breed catteries contribute once to each listed breed; no animal/litter counts; undated cards retained; unknown codes omitted
RU-FARUS-CATTERIES-2026-09-09,427,663/Ек/19 Zlatoiara,MNL,Munchkin Longhair,VBO:0100170,exact,1,Russia (records with explicit foreign address excluded),active cattery-breed association,FARUS,1006,https://xn--80a6adhc.xn--p1ai/catteries/95/427.html,2026-09-09,Supply-side federation register; multi-breed catteries contribute once to each listed breed; no animal/litter counts; undated cards retained; unknown codes omitted
RU-FARUS-CATTERIES-2026-09-09,427,663/Ек/19 Zlatoiara,MNS,"Munchkin (Munchk), Short-Haired",VBO:0100303,exact,1,Russia (records with explicit foreign address excluded),active cattery-breed association,FARUS,1006,https://xn--80a6adhc.xn--p1ai/catteries/95/427.html,2026-09-09,Supply-side federation register; multi-breed catteries contribute once to each listed breed; no animal/litter counts; undated cards retained; unknown codes omitted
RU-FARUS-CATTERIES-2026-09-09,427,663/Ек/19 Zlatoiara,SFL,Scottish Fold Longhair,VBO:0100210,exact,1,Russia (records with explicit foreign address excluded),active cattery-breed association,FARUS,1006,https://xn--80a6adhc.xn--p1ai/catteries/95/427.html,2026-09-09,Supply-side federation register; multi-breed catteries contribute once to each listed breed; no animal/litter counts; undated cards retained; unknown codes omitted
RU-FARUS-CATTERIES-2026-09-09,427,663/Ек/19 Zlatoiara,SFS,Scottish Fold,VBO:0100209,exact,1,Russia (records with explicit foreign address excluded),active cattery-breed association,FARUS,1006,https://xn--80a6adhc.xn--p1ai/catteries/95/427.html,2026-09-09,Supply-side federation register; multi-breed catteries contribute once to each listed breed; no animal/litter counts; undated cards retained; unknown codes omitted
RU-FARUS-CATTERIES-2026-09-09,427,663/Ек/19 Zlatoiara,SKS,Selkirk Rex Shorthair,VBO:0100217,exact,1,Russia (records with explicit foreign address excluded),active cattery-breed association,FARUS,1006,https://xn--80a6adhc.xn--p1ai/catteries/95/427.html,2026-09-09,Supply-side federation register; multi-breed catteries contribute once to each listed breed; no animal/litter counts; undated cards retained; unknown codes omitted
RU-FARUS-CATTERIES-2026-09-09,435,686/М/20 RomaRin,SCS,Scottish Straight,VBO:0100213,exact,1,Russia (records with explicit foreign address excluded),active cattery-breed association,FARUS,1006,https://xn--80a6adhc.xn--p1ai/catteries/95/435.html,2026-09-09,Supply-side federation register; multi-breed catteries contribute once to each listed breed; no animal/litter counts; undated cards retained; unknown codes omitted
RU-FARUS-CATTERIES-2026-09-09,435,686/М/20 RomaRin,SFS,Scottish Fold,VBO:0100209,exact,1,Russia (records with explicit foreign address excluded),active cattery-breed association,FARUS,1006,https://xn--80a6adhc.xn--p1ai/catteries/95/435.html,2026-09-09,Supply-side federation register; multi-breed catteries contribute once to each listed breed; no animal/litter counts; undated cards retained; unknown codes omitted
RU-FARUS-CATTERIES-2026-09-09,436,690/М/20 CAPOLIVERI,THA,Thai,VBO:0100235,exact,1,Russia (records with explicit foreign address excluded),active cattery-breed association,FARUS,1006,https://xn--80a6adhc.xn--p1ai/catteries/95/436.html,2026-09-09,Supply-side federation register; multi-breed catteries contribute once to each listed breed; no animal/litter counts; undated cards retained; unknown codes omitted
RU-FARUS-CATTERIES-2026-09-09,440,706/М/25 De Lacoste,MCO,Maine Coon,VBO:0100154,exact,1,Russia (records with explicit foreign address excluded),active cattery-breed association,FARUS,1006,https://xn--80a6adhc.xn--p1ai/catteries/95/440.html,2026-09-09,Supply-side federation register; multi-breed catteries contribute once to each listed breed; no animal/litter counts; undated cards retained; unknown codes omitted
RU-FARUS-CATTERIES-2026-09-09,441,707/МОП/20 Lu-Koshka,MCO,Maine Coon,VBO:0100154,exact,1,Russia (records with explicit foreign address excluded),active cattery-breed association,FARUS,1006,https://xn--80a6adhc.xn--p1ai/catteries/95/441.html,2026-09-09,Supply-side federation register; multi-breed catteries contribute once to each listed breed; no animal/litter counts; undated cards retained; unknown codes omitted
RU-FARUS-CATTERIES-2026-09-09,441,707/МОП/20 Lu-Koshka,SRL,Selkirk Rex Longhair,VBO:0100216,exact,1,Russia (records with explicit foreign address excluded),active cattery-breed association,FARUS,1006,https://xn--80a6adhc.xn--p1ai/catteries/95/441.html,2026-09-09,Supply-side federation register; multi-breed catteries contribute once to each listed breed; no animal/litter counts; undated cards retained; unknown codes omitted
RU-FARUS-CATTERIES-2026-09-09,441,707/МОП/20 Lu-Koshka,SRS,Selkirk Rex Shorthair,VBO:0100217,exact,1,Russia (records with explicit foreign address excluded),active cattery-breed association,FARUS,1006,https://xn--80a6adhc.xn--p1ai/catteries/95/441.html,2026-09-09,Supply-side federation register; multi-breed catteries contribute once to each listed breed; no animal/litter counts; undated cards retained; unknown codes omitted
RU-FARUS-CATTERIES-2026-09-09,442,708/КК/20 ALDENA,SCS,Scottish Straight,VBO:0100213,exact,1,Russia (records with explicit foreign address excluded),active cattery-breed association,FARUS,1006,https://xn--80a6adhc.xn--p1ai/catteries/95/442.html,2026-09-09,Supply-side federation register; multi-breed catteries contribute once to each listed breed; no animal/litter counts; undated cards retained; unknown codes omitted
RU-FARUS-CATTERIES-2026-09-09,442,708/КК/20 ALDENA,SFS,Scottish Fold,VBO:0100209,exact,1,Russia (records with explicit foreign address excluded),active cattery-breed association,FARUS,1006,https://xn--80a6adhc.xn--p1ai/catteries/95/442.html,2026-09-09,Supply-side federation register; multi-breed catteries contribute once to each listed breed; no animal/litter counts; undated cards retained; unknown codes omitted
RU-FARUS-CATTERIES-2026-09-09,444,716/М/25 Shococats,BAM,Bambino,VBO:0100037,exact,1,Russia (records with explicit foreign address excluded),active cattery-breed association,FARUS,1006,https://xn--80a6adhc.xn--p1ai/catteries/95/444.html,2026-09-09,Supply-side federation register; multi-breed catteries contribute once to each listed breed; no animal/litter counts; undated cards retained; unknown codes omitted
RU-FARUS-CATTERIES-2026-09-09,444,716/М/25 Shococats,ELF,Elf,VBO:0100091,exact,1,Russia (records with explicit foreign address excluded),active cattery-breed association,FARUS,1006,https://xn--80a6adhc.xn--p1ai/catteries/95/444.html,2026-09-09,Supply-side federation register; multi-breed catteries contribute once to each listed breed; no animal/litter counts; undated cards retained; unknown codes omitted
RU-FARUS-CATTERIES-2026-09-09,444,716/М/25 Shococats,SPH,Sphynx,VBO:0100230,exact,1,Russia (records with explicit foreign address excluded),active cattery-breed association,FARUS,1006,https://xn--80a6adhc.xn--p1ai/catteries/95/444.html,2026-09-09,Supply-side federation register; multi-breed catteries contribute once to each listed breed; no animal/litter counts; undated cards retained; unknown codes omitted
RU-FARUS-CATTERIES-2026-09-09,448,733/МОМ/25 Anni`Solas,SCL,Scottish Straight Longhair,VBO:0100214,exact,1,Russia (records with explicit foreign address excluded),active cattery-breed association,FARUS,1006,https://xn--80a6adhc.xn--p1ai/catteries/95/448.html,2026-09-09,Supply-side federation register; multi-breed catteries contribute once to each listed breed; no animal/litter counts; undated cards retained; unknown codes omitted
RU-FARUS-CATTERIES-2026-09-09,448,733/МОМ/25 Anni`Solas,SCS,Scottish Straight,VBO:0100213,exact,1,Russia (records with explicit foreign address excluded),active cattery-breed association,FARUS,1006,https://xn--80a6adhc.xn--p1ai/catteries/95/448.html,2026-09-09,Supply-side federation register; multi-breed catteries contribute once to each listed breed; no animal/litter counts; undated cards retained; unknown codes omitted
RU-FARUS-CATTERIES-2026-09-09,448,733/МОМ/25 Anni`Solas,SFL,Scottish Fold Longhair,VBO:0100210,exact,1,Russia (records with explicit foreign address excluded),active cattery-breed association,FARUS,1006,https://xn--80a6adhc.xn--p1ai/catteries/95/448.html,2026-09-09,Supply-side federation register; multi-breed catteries contribute once to each listed breed; no animal/litter counts; undated cards retained; unknown codes omitted
RU-FARUS-CATTERIES-2026-09-09,448,733/МОМ/25 Anni`Solas,SFS,Scottish Fold,VBO:0100209,exact,1,Russia (records with explicit foreign address excluded),active cattery-breed association,FARUS,1006,https://xn--80a6adhc.xn--p1ai/catteries/95/448.html,2026-09-09,Supply-side federation register; multi-breed catteries contribute once to each listed breed; no animal/litter counts; undated cards retained; unknown codes omitted
RU-FARUS-CATTERIES-2026-09-09,451,737/МОН/25 ILLYCAT,SBI,Sacred Birman,VBO:0100204,exact,1,Russia (records with explicit foreign address excluded),active cattery-breed association,FARUS,1006,https://xn--80a6adhc.xn--p1ai/catteries/95/451.html,2026-09-09,Supply-side federation register; multi-breed catteries contribute once to each listed breed; no animal/litter counts; undated cards retained; unknown codes omitted
RU-FARUS-CATTERIES-2026-09-09,452,749/М/25 Natalit,SCS,Scottish Straight,VBO:0100213,exact,1,Russia (records with explicit foreign address excluded),active cattery-breed association,FARUS,1006,https://xn--80a6adhc.xn--p1ai/catteries/95/452.html,2026-09-09,Supply-side federation register; multi-breed catteries contribute once to each listed breed; no animal/litter counts; undated cards retained; unknown codes omitted
RU-FARUS-CATTERIES-2026-09-09,452,749/М/25 Natalit,SFS,Scottish Fold,VBO:0100209,exact,1,Russia (records with explicit foreign address excluded),active cattery-breed association,FARUS,1006,https://xn--80a6adhc.xn--p1ai/catteries/95/452.html,2026-09-09,Supply-side federation register; multi-breed catteries contribute once to each listed breed; no animal/litter counts; undated cards retained; unknown codes omitted
RU-FARUS-CATTERIES-2026-09-09,455,755/М/26 Krasavella,MCO,Maine Coon,VBO:0100154,exact,1,Russia (records with explicit foreign address excluded),active cattery-breed association,FARUS,1006,https://xn--80a6adhc.xn--p1ai/catteries/95/455.html,2026-09-09,Supply-side federation register; multi-breed catteries contribute once to each listed breed; no animal/litter counts; undated cards retained; unknown codes omitted
RU-FARUS-CATTERIES-2026-09-09,456,756/МOA/26 Neapoly,MNS,"Munchkin (Munchk), Short-Haired",VBO:0100303,exact,1,Russia (records with explicit foreign address excluded),active cattery-breed association,FARUS,1006,https://xn--80a6adhc.xn--p1ai/catteries/95/456.html,2026-09-09,Supply-side federation register; multi-breed catteries contribute once to each listed breed; no animal/litter counts; undated cards retained; unknown codes omitted
RU-FARUS-CATTERIES-2026-09-09,456,756/МOA/26 Neapoly,SKS,Selkirk Rex Shorthair,VBO:0100217,exact,1,Russia (records with explicit foreign address excluded),active cattery-breed association,FARUS,1006,https://xn--80a6adhc.xn--p1ai/catteries/95/456.html,2026-09-09,Supply-side federation register; multi-breed catteries contribute once to each listed breed; no animal/litter counts; undated cards retained; unknown codes omitted
RU-FARUS-CATTERIES-2026-09-09,457,757/М/26 Grigorash,THA,Thai,VBO:0100235,exact,1,Russia (records with explicit foreign address excluded),active cattery-breed association,FARUS,1006,https://xn--80a6adhc.xn--p1ai/catteries/95/457.html,2026-09-09,Supply-side federation register; multi-breed catteries contribute once to each listed breed; no animal/litter counts; undated cards retained; unknown codes omitted
RU-FARUS-CATTERIES-2026-09-09,458,761/МОK/26 Vikilenia,SCL,Scottish Straight Longhair,VBO:0100214,exact,1,Russia (records with explicit foreign address excluded),active cattery-breed association,FARUS,1006,https://xn--80a6adhc.xn--p1ai/catteries/132/458.html,2026-09-09,Supply-side federation register; multi-breed catteries contribute once to each listed breed; no animal/litter counts; undated cards retained; unknown codes omitted
RU-FARUS-CATTERIES-2026-09-09,458,761/МОK/26 Vikilenia,SCS,Scottish Straight,VBO:0100213,exact,1,Russia (records with explicit foreign address excluded),active cattery-breed association,FARUS,1006,https://xn--80a6adhc.xn--p1ai/catteries/132/458.html,2026-09-09,Supply-side federation register; multi-breed catteries contribute once to each listed breed; no animal/litter counts; undated cards retained; unknown codes omitted
RU-FARUS-CATTERIES-2026-09-09,458,761/МОK/26 Vikilenia,SFL,Scottish Fold Longhair,VBO:0100210,exact,1,Russia (records with explicit foreign address excluded),active cattery-breed association,FARUS,1006,https://xn--80a6adhc.xn--p1ai/catteries/132/458.html,2026-09-09,Supply-side federation register; multi-breed catteries contribute once to each listed breed; no animal/litter counts; undated cards retained; unknown codes omitted
RU-FARUS-CATTERIES-2026-09-09,458,761/МОK/26 Vikilenia,SFS,Scottish Fold,VBO:0100209,exact,1,Russia (records with explicit foreign address excluded),active cattery-breed association,FARUS,1006,https://xn--80a6adhc.xn--p1ai/catteries/132/458.html,2026-09-09,Supply-side federation register; multi-breed catteries contribute once to each listed breed; no animal/litter counts; undated cards retained; unknown codes omitted
RU-FARUS-CATTERIES-2026-09-09,467,801/М/21 Wild golden pride,BEN,Bengal,VBO:0100040,exact,1,Russia (records with explicit foreign address excluded),active cattery-breed association,FARUS,1006,https://xn--80a6adhc.xn--p1ai/catteries/95/467.html,2026-09-09,Supply-side federation register; multi-breed catteries contribute once to each listed breed; no animal/litter counts; undated cards retained; unknown codes omitted
RU-FARUS-CATTERIES-2026-09-09,468,802/Ек/21 Choco Band,MNS,"Munchkin (Munchk), Short-Haired",VBO:0100303,exact,1,Russia (records with explicit foreign address excluded),active cattery-breed association,FARUS,1006,https://xn--80a6adhc.xn--p1ai/catteries/95/468.html,2026-09-09,Supply-side federation register; multi-breed catteries contribute once to each listed breed; no animal/litter counts; undated cards retained; unknown codes omitted
RU-FARUS-CATTERIES-2026-09-09,468,802/Ек/21 Choco Band,SCS,Scottish Straight,VBO:0100213,exact,1,Russia (records with explicit foreign address excluded),active cattery-breed association,FARUS,1006,https://xn--80a6adhc.xn--p1ai/catteries/95/468.html,2026-09-09,Supply-side federation register; multi-breed catteries contribute once to each listed breed; no animal/litter counts; undated cards retained; unknown codes omitted
RU-FARUS-CATTERIES-2026-09-09,468,802/Ек/21 Choco Band,SFS,Scottish Fold,VBO:0100209,exact,1,Russia (records with explicit foreign address excluded),active cattery-breed association,FARUS,1006,https://xn--80a6adhc.xn--p1ai/catteries/95/468.html,2026-09-09,Supply-side federation register; multi-breed catteries contribute once to each listed breed; no animal/litter counts; undated cards retained; unknown codes omitted
RU-FARUS-CATTERIES-2026-09-09,469,803/МОP/21 BurmaNika*L,BUR,Burmese,VBO:0100053,exact,1,Russia (records with explicit foreign address excluded),active cattery-breed association,FARUS,1006,https://xn--80a6adhc.xn--p1ai/catteries/95/469.html,2026-09-09,Supply-side federation register; multi-breed catteries contribute once to each listed breed; no animal/litter counts; undated cards retained; unknown codes omitted
RU-FARUS-CATTERIES-2026-09-09,470,804/Ив/21 FromViking,BRI,British Shorthair,VBO:0100052,exact,1,Russia (records with explicit foreign address excluded),active cattery-breed association,FARUS,1006,https://xn--80a6adhc.xn--p1ai/catteries/95/470.html,2026-09-09,Supply-side federation register; multi-breed catteries contribute once to each listed breed; no animal/litter counts; undated cards retained; unknown codes omitted
RU-FARUS-CATTERIES-2026-09-09,470,804/Ив/21 FromViking,MNS,"Munchkin (Munchk), Short-Haired",VBO:0100303,exact,1,Russia (records with explicit foreign address excluded),active cattery-breed association,FARUS,1006,https://xn--80a6adhc.xn--p1ai/catteries/95/470.html,2026-09-09,Supply-side federation register; multi-breed catteries contribute once to each listed breed; no animal/litter counts; undated cards retained; unknown codes omitted
RU-FARUS-CATTERIES-2026-09-09,470,804/Ив/21 FromViking,SCS,Scottish Straight,VBO:0100213,exact,1,Russia (records with explicit foreign address excluded),active cattery-breed association,FARUS,1006,https://xn--80a6adhc.xn--p1ai/catteries/95/470.html,2026-09-09,Supply-side federation register; multi-breed catteries contribute once to each listed breed; no animal/litter counts; undated cards retained; unknown codes omitted
RU-FARUS-CATTERIES-2026-09-09,470,804/Ив/21 FromViking,SFS,Scottish Fold,VBO:0100209,exact,1,Russia (records with explicit foreign address excluded),active cattery-breed association,FARUS,1006,https://xn--80a6adhc.xn--p1ai/catteries/95/470.html,2026-09-09,Supply-side federation register; multi-breed catteries contribute once to each listed breed; no animal/litter counts; undated cards retained; unknown codes omitted
RU-FARUS-CATTERIES-2026-09-09,471,810/М/21 Diamante Bright,MCO,Maine Coon,VBO:0100154,exact,1,Russia (records with explicit foreign address excluded),active cattery-breed association,FARUS,1006,https://xn--80a6adhc.xn--p1ai/catteries/95/471.html,2026-09-09,Supply-side federation register; multi-breed catteries contribute once to each listed breed; no animal/litter counts; undated cards retained; unknown codes omitted
RU-FARUS-CATTERIES-2026-09-09,472,811/М/21 Golden Funny Karamelka,BRI,British Shorthair,VBO:0100052,exact,1,Russia (records with explicit foreign address excluded),active cattery-breed association,FARUS,1006,https://xn--80a6adhc.xn--p1ai/catteries/95/472.html,2026-09-09,Supply-side federation register; multi-breed catteries contribute once to each listed breed; no animal/litter counts; undated cards retained; unknown codes omitted
RU-FARUS-CATTERIES-2026-09-09,473,817/C/21 Darling Star,BRI,British Shorthair,VBO:0100052,exact,1,Russia (records with explicit foreign address excluded),active cattery-breed association,FARUS,1006,https://xn--80a6adhc.xn--p1ai/catteries/95/473.html,2026-09-09,Supply-side federation register; multi-breed catteries contribute once to each listed breed; no animal/litter counts; undated cards retained; unknown codes omitted
RU-FARUS-CATTERIES-2026-09-09,473,817/C/21 Darling Star,SCS,Scottish Straight,VBO:0100213,exact,1,Russia (records with explicit foreign address excluded),active cattery-breed association,FARUS,1006,https://xn--80a6adhc.xn--p1ai/catteries/95/473.html,2026-09-09,Supply-side federation register; multi-breed catteries contribute once to each listed breed; no animal/litter counts; undated cards retained; unknown codes omitted
RU-FARUS-CATTERIES-2026-09-09,473,817/C/21 Darling Star,SFS,Scottish Fold,VBO:0100209,exact,1,Russia (records with explicit foreign address excluded),active cattery-breed association,FARUS,1006,https://xn--80a6adhc.xn--p1ai/catteries/95/473.html,2026-09-09,Supply-side federation register; multi-breed catteries contribute once to each listed breed; no animal/litter counts; undated cards retained; unknown codes omitted
RU-FARUS-CATTERIES-2026-09-09,474,818/М /21 Gold Suvenir,BRI,British Shorthair,VBO:0100052,exact,1,Russia (records with explicit foreign address excluded),active cattery-breed association,FARUS,1006,https://xn--80a6adhc.xn--p1ai/catteries/95/474.html,2026-09-09,Supply-side federation register; multi-breed catteries contribute once to each listed breed; no animal/litter counts; undated cards retained; unknown codes omitted
RU-FARUS-CATTERIES-2026-09-09,474,818/М /21 Gold Suvenir,MNS,"Munchkin (Munchk), Short-Haired",VBO:0100303,exact,1,Russia (records with explicit foreign address excluded),active cattery-breed association,FARUS,1006,https://xn--80a6adhc.xn--p1ai/catteries/95/474.html,2026-09-09,Supply-side federation register; multi-breed catteries contribute once to each listed breed; no animal/litter counts; undated cards retained; unknown codes omitted
RU-FARUS-CATTERIES-2026-09-09,474,818/М /21 Gold Suvenir,SCS,Scottish Straight,VBO:0100213,exact,1,Russia (records with explicit foreign address excluded),active cattery-breed association,FARUS,1006,https://xn--80a6adhc.xn--p1ai/catteries/95/474.html,2026-09-09,Supply-side federation register; multi-breed catteries contribute once to each listed breed; no animal/litter counts; undated cards retained; unknown codes omitted
RU-FARUS-CATTERIES-2026-09-09,474,818/М /21 Gold Suvenir,SFS,Scottish Fold,VBO:0100209,exact,1,Russia (records with explicit foreign address excluded),active cattery-breed association,FARUS,1006,https://xn--80a6adhc.xn--p1ai/catteries/95/474.html,2026-09-09,Supply-side federation register; multi-breed catteries contribute once to each listed breed; no animal/litter counts; undated cards retained; unknown codes omitted
RU-FARUS-CATTERIES-2026-09-09,475,836/МОP/22 Order of the Phoenix,KBL,Kurilian Bobtail Longhair,VBO:0100147,exact,1,Russia (records with explicit foreign address excluded),active cattery-breed association,FARUS,1006,https://xn--80a6adhc.xn--p1ai/catteries/95/475.html,2026-09-09,Supply-side federation register; multi-breed catteries contribute once to each listed breed; no animal/litter counts; undated cards retained; unknown codes omitted
RU-FARUS-CATTERIES-2026-09-09,475,836/МОP/22 Order of the Phoenix,KBS,Kurilian Bobtail Shorthair,VBO:0100148,exact,1,Russia (records with explicit foreign address excluded),active cattery-breed association,FARUS,1006,https://xn--80a6adhc.xn--p1ai/catteries/95/475.html,2026-09-09,Supply-side federation register; multi-breed catteries contribute once to each listed breed; no animal/litter counts; undated cards retained; unknown codes omitted
RU-FARUS-CATTERIES-2026-09-09,476,837/МОK/22 La stella di Natale,BRI,British Shorthair,VBO:0100052,exact,1,Russia (records with explicit foreign address excluded),active cattery-breed association,FARUS,1006,https://xn--80a6adhc.xn--p1ai/catteries/95/476.html,2026-09-09,Supply-side federation register; multi-breed catteries contribute once to each listed breed; no animal/litter counts; undated cards retained; unknown codes omitted
RU-FARUS-CATTERIES-2026-09-09,477,838/K/22 BellaVera,BRI,British Shorthair,VBO:0100052,exact,1,Russia (records with explicit foreign address excluded),active cattery-breed association,FARUS,1006,https://xn--80a6adhc.xn--p1ai/catteries/95/477.html,2026-09-09,Supply-side federation register; multi-breed catteries contribute once to each listed breed; no animal/litter counts; undated cards retained; unknown codes omitted
RU-FARUS-CATTERIES-2026-09-09,478,847/М/22 Simbacoons,MCO,Maine Coon,VBO:0100154,exact,1,Russia (records with explicit foreign address excluded),active cattery-breed association,FARUS,1006,https://xn--80a6adhc.xn--p1ai/catteries/95/478.html,2026-09-09,Supply-side federation register; multi-breed catteries contribute once to each listed breed; no animal/litter counts; undated cards retained; unknown codes omitted
RU-FARUS-CATTERIES-2026-09-09,479,861/М/22 Amber Bliss,BRI,British Shorthair,VBO:0100052,exact,1,Russia (records with explicit foreign address excluded),active cattery-breed association,FARUS,1006,https://xn--80a6adhc.xn--p1ai/catteries/95/479.html,2026-09-09,Supply-side federation register; multi-breed catteries contribute once to each listed breed; no animal/litter counts; undated cards retained; unknown codes omitted
RU-FARUS-CATTERIES-2026-09-09,480,862/М/22 Ori-Queen,ORI,Oriental Shorthair,VBO:0100184,exact,1,Russia (records with explicit foreign address excluded),active cattery-breed association,FARUS,1006,https://xn--80a6adhc.xn--p1ai/catteries/95/480.html,2026-09-09,Supply-side federation register; multi-breed catteries contribute once to each listed breed; no animal/litter counts; undated cards retained; unknown codes omitted
RU-FARUS-CATTERIES-2026-09-09,481,863/М/22 PiaMcats,SBI,Sacred Birman,VBO:0100204,exact,1,Russia (records with explicit foreign address excluded),active cattery-breed association,FARUS,1006,https://xn--80a6adhc.xn--p1ai/catteries/95/481.html,2026-09-09,Supply-side federation register; multi-breed catteries contribute once to each listed breed; no animal/litter counts; undated cards retained; unknown codes omitted
RU-FARUS-CATTERIES-2026-09-09,482,864/ВлМ/22 Alleva,BEN,Bengal,VBO:0100040,exact,1,Russia (records with explicit foreign address excluded),active cattery-breed association,FARUS,1006,https://xn--80a6adhc.xn--p1ai/catteries/95/482.html,2026-09-09,Supply-side federation register; multi-breed catteries contribute once to each listed breed; no animal/litter counts; undated cards retained; unknown codes omitted
RU-FARUS-CATTERIES-2026-09-09,482,864/ВлМ/22 Alleva,BUR,Burmese,VBO:0100053,exact,1,Russia (records with explicit foreign address excluded),active cattery-breed association,FARUS,1006,https://xn--80a6adhc.xn--p1ai/catteries/95/482.html,2026-09-09,Supply-side federation register; multi-breed catteries contribute once to each listed breed; no animal/litter counts; undated cards retained; unknown codes omitted
RU-FARUS-CATTERIES-2026-09-09,483,867/Ив/22 COTOMODDA,BRI,British Shorthair,VBO:0100052,exact,1,Russia (records with explicit foreign address excluded),active cattery-breed association,FARUS,1006,https://xn--80a6adhc.xn--p1ai/catteries/95/483.html,2026-09-09,Supply-side federation register; multi-breed catteries contribute once to each listed breed; no animal/litter counts; undated cards retained; unknown codes omitted
RU-FARUS-CATTERIES-2026-09-09,484,875/М/22 MARIMUR,RAG,Ragdoll,VBO:0100196,exact,1,Russia (records with explicit foreign address excluded),active cattery-breed association,FARUS,1006,https://xn--80a6adhc.xn--p1ai/catteries/95/484.html,2026-09-09,Supply-side federation register; multi-breed catteries contribute once to each listed breed; no animal/litter counts; undated cards retained; unknown codes omitted
RU-FARUS-CATTERIES-2026-09-09,485,876/Яр/22 Glorious Way,SCS,Scottish Straight,VBO:0100213,exact,1,Russia (records with explicit foreign address excluded),active cattery-breed association,FARUS,1006,https://xn--80a6adhc.xn--p1ai/catteries/95/485.html,2026-09-09,Supply-side federation register; multi-breed catteries contribute once to each listed breed; no animal/litter counts; undated cards retained; unknown codes omitted
RU-FARUS-CATTERIES-2026-09-09,485,876/Яр/22 Glorious Way,SFS,Scottish Fold,VBO:0100209,exact,1,Russia (records with explicit foreign address excluded),active cattery-breed association,FARUS,1006,https://xn--80a6adhc.xn--p1ai/catteries/95/485.html,2026-09-09,Supply-side federation register; multi-breed catteries contribute once to each listed breed; no animal/litter counts; undated cards retained; unknown codes omitted
RU-FARUS-CATTERIES-2026-09-09,486,877/P/22 Merybastet,SCS,Scottish Straight,VBO:0100213,exact,1,Russia (records with explicit foreign address excluded),active cattery-breed association,FARUS,1006,https://xn--80a6adhc.xn--p1ai/catteries/95/486.html,2026-09-09,Supply-side federation register; multi-breed catteries contribute once to each listed breed; no animal/litter counts; undated cards retained; unknown codes omitted
RU-FARUS-CATTERIES-2026-09-09,486,877/P/22 Merybastet,SFS,Scottish Fold,VBO:0100209,exact,1,Russia (records with explicit foreign address excluded),active cattery-breed association,FARUS,1006,https://xn--80a6adhc.xn--p1ai/catteries/95/486.html,2026-09-09,Supply-side federation register; multi-breed catteries contribute once to each listed breed; no animal/litter counts; undated cards retained; unknown codes omitted
RU-FARUS-CATTERIES-2026-09-09,487,878/МОP/22 RUSDOLL,RAG,Ragdoll,VBO:0100196,exact,1,Russia (records with explicit foreign address excluded),active cattery-breed association,FARUS,1006,https://xn--80a6adhc.xn--p1ai/catteries/95/487.html,2026-09-09,Supply-side federation register; multi-breed catteries contribute once to each listed breed; no animal/litter counts; undated cards retained; unknown codes omitted
RU-FARUS-CATTERIES-2026-09-09,488,879/М/22 MegErya,MNS,"Munchkin (Munchk), Short-Haired",VBO:0100303,exact,1,Russia (records with explicit foreign address excluded),active cattery-breed association,FARUS,1006,https://xn--80a6adhc.xn--p1ai/catteries/95/488.html,2026-09-09,Supply-side federation register; multi-breed catteries contribute once to each listed breed; no animal/litter counts; undated cards retained; unknown codes omitted
RU-FARUS-CATTERIES-2026-09-09,489,880/М/22 OriMonAmour,ORI,Oriental Shorthair,VBO:0100184,exact,1,Russia (records with explicit foreign address excluded),active cattery-breed association,FARUS,1006,https://xn--80a6adhc.xn--p1ai/catteries/95/489.html,2026-09-09,Supply-side federation register; multi-breed catteries contribute once to each listed breed; no animal/litter counts; undated cards retained; unknown codes omitted
RU-FARUS-CATTERIES-2026-09-09,489,880/М/22 OriMonAmour,SIA,Siamese,VBO:0100221,exact,1,Russia (records with explicit foreign address excluded),active cattery-breed association,FARUS,1006,https://xn--80a6adhc.xn--p1ai/catteries/95/489.html,2026-09-09,Supply-side federation register; multi-breed catteries contribute once to each listed breed; no animal/litter counts; undated cards retained; unknown codes omitted
RU-FARUS-CATTERIES-2026-09-09,490,881/Ив/22 Elist Jan,DWF,Dwelf,VBO:0100089,exact,1,Russia (records with explicit foreign address excluded),active cattery-breed association,FARUS,1006,https://xn--80a6adhc.xn--p1ai/catteries/95/490.html,2026-09-09,Supply-side federation register; multi-breed catteries contribute once to each listed breed; no animal/litter counts; undated cards retained; unknown codes omitted
RU-FARUS-CATTERIES-2026-09-09,490,881/Ив/22 Elist Jan,ELF,Elf,VBO:0100091,exact,1,Russia (records with explicit foreign address excluded),active cattery-breed association,FARUS,1006,https://xn--80a6adhc.xn--p1ai/catteries/95/490.html,2026-09-09,Supply-side federation register; multi-breed catteries contribute once to each listed breed; no animal/litter counts; undated cards retained; unknown codes omitted
RU-FARUS-CATTERIES-2026-09-09,490,881/Ив/22 Elist Jan,SPH,Sphynx,VBO:0100230,exact,1,Russia (records with explicit foreign address excluded),active cattery-breed association,FARUS,1006,https://xn--80a6adhc.xn--p1ai/catteries/95/490.html,2026-09-09,Supply-side federation register; multi-breed catteries contribute once to each listed breed; no animal/litter counts; undated cards retained; unknown codes omitted
RU-FARUS-CATTERIES-2026-09-09,491,888/МОЛ/22 Cote d`Or,BRI,British Shorthair,VBO:0100052,exact,1,Russia (records with explicit foreign address excluded),active cattery-breed association,FARUS,1006,https://xn--80a6adhc.xn--p1ai/catteries/95/491.html,2026-09-09,Supply-side federation register; multi-breed catteries contribute once to each listed breed; no animal/litter counts; undated cards retained; unknown codes omitted
RU-FARUS-CATTERIES-2026-09-09,492,894/МОМ/22 Tatamo Cat Master,BRI,British Shorthair,VBO:0100052,exact,1,Russia (records with explicit foreign address excluded),active cattery-breed association,FARUS,1006,https://xn--80a6adhc.xn--p1ai/catteries/95/492.html,2026-09-09,Supply-side federation register; multi-breed catteries contribute once to each listed breed; no animal/litter counts; undated cards retained; unknown codes omitted
RU-FARUS-CATTERIES-2026-09-09,493,895/МО /22 Darius,DRX,Devon Rex,VBO:0100084,exact,1,Russia (records with explicit foreign address excluded),active cattery-breed association,FARUS,1006,https://xn--80a6adhc.xn--p1ai/catteries/95/493.html,2026-09-09,Supply-side federation register; multi-breed catteries contribute once to each listed breed; no animal/litter counts; undated cards retained; unknown codes omitted
RU-FARUS-CATTERIES-2026-09-09,494,903/МОА/22 SergioMagicHouse,RAG,Ragdoll,VBO:0100196,exact,1,Russia (records with explicit foreign address excluded),active cattery-breed association,FARUS,1006,https://xn--80a6adhc.xn--p1ai/catteries/95/494.html,2026-09-09,Supply-side federation register; multi-breed catteries contribute once to each listed breed; no animal/litter counts; undated cards retained; unknown codes omitted
RU-FARUS-CATTERIES-2026-09-09,495,904/МО /22 Oridance Fortuna,ORI,Oriental Shorthair,VBO:0100184,exact,1,Russia (records with explicit foreign address excluded),active cattery-breed association,FARUS,1006,https://xn--80a6adhc.xn--p1ai/catteries/95/495.html,2026-09-09,Supply-side federation register; multi-breed catteries contribute once to each listed breed; no animal/litter counts; undated cards retained; unknown codes omitted
RU-FARUS-CATTERIES-2026-09-09,496,905/НН/22 Aquamarine Lux,THA,Thai,VBO:0100235,exact,1,Russia (records with explicit foreign address excluded),active cattery-breed association,FARUS,1006,https://xn--80a6adhc.xn--p1ai/catteries/95/496.html,2026-09-09,Supply-side federation register; multi-breed catteries contribute once to each listed breed; no animal/litter counts; undated cards retained; unknown codes omitted
RU-FARUS-CATTERIES-2026-09-09,497,928/М/22 Luna,THA,Thai,VBO:0100235,exact,1,Russia (records with explicit foreign address excluded),active cattery-breed association,FARUS,1006,https://xn--80a6adhc.xn--p1ai/catteries/95/497.html,2026-09-09,Supply-side federation register; multi-breed catteries contribute once to each listed breed; no animal/litter counts; undated cards retained; unknown codes omitted
RU-FARUS-CATTERIES-2026-09-09,498,929/М/22 La Coda,BRI,British Shorthair,VBO:0100052,exact,1,Russia (records with explicit foreign address excluded),active cattery-breed association,FARUS,1006,https://xn--80a6adhc.xn--p1ai/catteries/95/498.html,2026-09-09,Supply-side federation register; multi-breed catteries contribute once to each listed breed; no animal/litter counts; undated cards retained; unknown codes omitted
RU-FARUS-CATTERIES-2026-09-09,498,929/М/22 La Coda,MNS,"Munchkin (Munchk), Short-Haired",VBO:0100303,exact,1,Russia (records with explicit foreign address excluded),active cattery-breed association,FARUS,1006,https://xn--80a6adhc.xn--p1ai/catteries/95/498.html,2026-09-09,Supply-side federation register; multi-breed catteries contribute once to each listed breed; no animal/litter counts; undated cards retained; unknown codes omitted
RU-FARUS-CATTERIES-2026-09-09,498,929/М/22 La Coda,SCS,Scottish Straight,VBO:0100213,exact,1,Russia (records with explicit foreign address excluded),active cattery-breed association,FARUS,1006,https://xn--80a6adhc.xn--p1ai/catteries/95/498.html,2026-09-09,Supply-side federation register; multi-breed catteries contribute once to each listed breed; no animal/litter counts; undated cards retained; unknown codes omitted
RU-FARUS-CATTERIES-2026-09-09,498,929/М/22 La Coda,SFS,Scottish Fold,VBO:0100209,exact,1,Russia (records with explicit foreign address excluded),active cattery-breed association,FARUS,1006,https://xn--80a6adhc.xn--p1ai/catteries/95/498.html,2026-09-09,Supply-side federation register; multi-breed catteries contribute once to each listed breed; no animal/litter counts; undated cards retained; unknown codes omitted
RU-FARUS-CATTERIES-2026-09-09,499,939/М/22 KOTMOS,MNS,"Munchkin (Munchk), Short-Haired",VBO:0100303,exact,1,Russia (records with explicit foreign address excluded),active cattery-breed association,FARUS,1006,https://xn--80a6adhc.xn--p1ai/catteries/95/499.html,2026-09-09,Supply-side federation register; multi-breed catteries contribute once to each listed breed; no animal/litter counts; undated cards retained; unknown codes omitted
RU-FARUS-CATTERIES-2026-09-09,499,939/М/22 KOTMOS,SCS,Scottish Straight,VBO:0100213,exact,1,Russia (records with explicit foreign address excluded),active cattery-breed association,FARUS,1006,https://xn--80a6adhc.xn--p1ai/catteries/95/499.html,2026-09-09,Supply-side federation register; multi-breed catteries contribute once to each listed breed; no animal/litter counts; undated cards retained; unknown codes omitted
RU-FARUS-CATTERIES-2026-09-09,499,939/М/22 KOTMOS,SFS,Scottish Fold,VBO:0100209,exact,1,Russia (records with explicit foreign address excluded),active cattery-breed association,FARUS,1006,https://xn--80a6adhc.xn--p1ai/catteries/95/499.html,2026-09-09,Supply-side federation register; multi-breed catteries contribute once to each listed breed; no animal/litter counts; undated cards retained; unknown codes omitted
RU-FARUS-CATTERIES-2026-09-09,500,940/МОНГ/22 Groll Archible`s cats,MNS,"Munchkin (Munchk), Short-Haired",VBO:0100303,exact,1,Russia (records with explicit foreign address excluded),active cattery-breed association,FARUS,1006,https://xn--80a6adhc.xn--p1ai/catteries/95/500.html,2026-09-09,Supply-side federation register; multi-breed catteries contribute once to each listed breed; no animal/litter counts; undated cards retained; unknown codes omitted
RU-FARUS-CATTERIES-2026-09-09,500,940/МОНГ/22 Groll Archible`s cats,SCS,Scottish Straight,VBO:0100213,exact,1,Russia (records with explicit foreign address excluded),active cattery-breed association,FARUS,1006,https://xn--80a6adhc.xn--p1ai/catteries/95/500.html,2026-09-09,Supply-side federation register; multi-breed catteries contribute once to each listed breed; no animal/litter counts; undated cards retained; unknown codes omitted
RU-FARUS-CATTERIES-2026-09-09,500,940/МОНГ/22 Groll Archible`s cats,SFS,Scottish Fold,VBO:0100209,exact,1,Russia (records with explicit foreign address excluded),active cattery-breed association,FARUS,1006,https://xn--80a6adhc.xn--p1ai/catteries/95/500.html,2026-09-09,Supply-side federation register; multi-breed catteries contribute once to each listed breed; no animal/litter counts; undated cards retained; unknown codes omitted
RU-FARUS-CATTERIES-2026-09-09,501,941/CвНТ/22 PAMILIZ,SCS,Scottish Straight,VBO:0100213,exact,1,Russia (records with explicit foreign address excluded),active cattery-breed association,FARUS,1006,https://xn--80a6adhc.xn--p1ai/catteries/95/501.html,2026-09-09,Supply-side federation register; multi-breed catteries contribute once to each listed breed; no animal/litter counts; undated cards retained; unknown codes omitted
RU-FARUS-CATTERIES-2026-09-09,501,941/CвНТ/22 PAMILIZ,SFS,Scottish Fold,VBO:0100209,exact,1,Russia (records with explicit foreign address excluded),active cattery-breed association,FARUS,1006,https://xn--80a6adhc.xn--p1ai/catteries/95/501.html,2026-09-09,Supply-side federation register; multi-breed catteries contribute once to each listed breed; no animal/litter counts; undated cards retained; unknown codes omitted
RU-FARUS-CATTERIES-2026-09-09,502,943/МОД/23 GoldenDrimm,MNS,"Munchkin (Munchk), Short-Haired",VBO:0100303,exact,1,Russia (records with explicit foreign address excluded),active cattery-breed association,FARUS,1006,https://xn--80a6adhc.xn--p1ai/catteries/95/502.html,2026-09-09,Supply-side federation register; multi-breed catteries contribute once to each listed breed; no animal/litter counts; undated cards retained; unknown codes omitted
RU-FARUS-CATTERIES-2026-09-09,502,943/МОД/23 GoldenDrimm,SCS,Scottish Straight,VBO:0100213,exact,1,Russia (records with explicit foreign address excluded),active cattery-breed association,FARUS,1006,https://xn--80a6adhc.xn--p1ai/catteries/95/502.html,2026-09-09,Supply-side federation register; multi-breed catteries contribute once to each listed breed; no animal/litter counts; undated cards retained; unknown codes omitted
RU-FARUS-CATTERIES-2026-09-09,502,943/МОД/23 GoldenDrimm,SFS,Scottish Fold,VBO:0100209,exact,1,Russia (records with explicit foreign address excluded),active cattery-breed association,FARUS,1006,https://xn--80a6adhc.xn--p1ai/catteries/95/502.html,2026-09-09,Supply-side federation register; multi-breed catteries contribute once to each listed breed; no animal/litter counts; undated cards retained; unknown codes omitted
RU-FARUS-CATTERIES-2026-09-09,503,944/М/23 Teensy Beans,MNS,"Munchkin (Munchk), Short-Haired",VBO:0100303,exact,1,Russia (records with explicit foreign address excluded),active cattery-breed association,FARUS,1006,https://xn--80a6adhc.xn--p1ai/catteries/95/503.html,2026-09-09,Supply-side federation register; multi-breed catteries contribute once to each listed breed; no animal/litter counts; undated cards retained; unknown codes omitted
RU-FARUS-CATTERIES-2026-09-09,503,944/М/23 Teensy Beans,SCS,Scottish Straight,VBO:0100213,exact,1,Russia (records with explicit foreign address excluded),active cattery-breed association,FARUS,1006,https://xn--80a6adhc.xn--p1ai/catteries/95/503.html,2026-09-09,Supply-side federation register; multi-breed catteries contribute once to each listed breed; no animal/litter counts; undated cards retained; unknown codes omitted
RU-FARUS-CATTERIES-2026-09-09,503,944/М/23 Teensy Beans,SFS,Scottish Fold,VBO:0100209,exact,1,Russia (records with explicit foreign address excluded),active cattery-breed association,FARUS,1006,https://xn--80a6adhc.xn--p1ai/catteries/95/503.html,2026-09-09,Supply-side federation register; multi-breed catteries contribute once to each listed breed; no animal/litter counts; undated cards retained; unknown codes omitted
RU-FARUS-CATTERIES-2026-09-09,504,967/М/23 Color Ray,SCS,Scottish Straight,VBO:0100213,exact,1,Russia (records with explicit foreign address excluded),active cattery-breed association,FARUS,1006,https://xn--80a6adhc.xn--p1ai/catteries/95/504.html,2026-09-09,Supply-side federation register; multi-breed catteries contribute once to each listed breed; no animal/litter counts; undated cards retained; unknown codes omitted
RU-FARUS-CATTERIES-2026-09-09,504,967/М/23 Color Ray,SFS,Scottish Fold,VBO:0100209,exact,1,Russia (records with explicit foreign address excluded),active cattery-breed association,FARUS,1006,https://xn--80a6adhc.xn--p1ai/catteries/95/504.html,2026-09-09,Supply-side federation register; multi-breed catteries contribute once to each listed breed; no animal/litter counts; undated cards retained; unknown codes omitted
RU-FARUS-CATTERIES-2026-09-09,505,968/М/23 Orial,ORI,Oriental Shorthair,VBO:0100184,exact,1,Russia (records with explicit foreign address excluded),active cattery-breed association,FARUS,1006,https://xn--80a6adhc.xn--p1ai/catteries/95/505.html,2026-09-09,Supply-side federation register; multi-breed catteries contribute once to each listed breed; no animal/litter counts; undated cards retained; unknown codes omitted
RU-FARUS-CATTERIES-2026-09-09,506,969/М/23 GoldenArt,BRI,British Shorthair,VBO:0100052,exact,1,Russia (records with explicit foreign address excluded),active cattery-breed association,FARUS,1006,https://xn--80a6adhc.xn--p1ai/catteries/95/506.html,2026-09-09,Supply-side federation register; multi-breed catteries contribute once to each listed breed; no animal/litter counts; undated cards retained; unknown codes omitted
RU-FARUS-CATTERIES-2026-09-09,507,970/М/23 Spacelrbis,MCO,Maine Coon,VBO:0100154,exact,1,Russia (records with explicit foreign address excluded),active cattery-breed association,FARUS,1006,https://xn--80a6adhc.xn--p1ai/catteries/95/507.html,2026-09-09,Supply-side federation register; multi-breed catteries contribute once to each listed breed; no animal/litter counts; undated cards retained; unknown codes omitted
RU-FARUS-CATTERIES-2026-09-09,508,971/М/23 Fortune Land,SCS,Scottish Straight,VBO:0100213,exact,1,Russia (records with explicit foreign address excluded),active cattery-breed association,FARUS,1006,https://xn--80a6adhc.xn--p1ai/catteries/95/508.html,2026-09-09,Supply-side federation register; multi-breed catteries contribute once to each listed breed; no animal/litter counts; undated cards retained; unknown codes omitted
RU-FARUS-CATTERIES-2026-09-09,508,971/М/23 Fortune Land,SFS,Scottish Fold,VBO:0100209,exact,1,Russia (records with explicit foreign address excluded),active cattery-breed association,FARUS,1006,https://xn--80a6adhc.xn--p1ai/catteries/95/508.html,2026-09-09,Supply-side federation register; multi-breed catteries contribute once to each listed breed; no animal/litter counts; undated cards retained; unknown codes omitted
RU-FARUS-CATTERIES-2026-09-09,509,972/М/23 Russkie Pantery,BUR,Burmese,VBO:0100053,exact,1,Russia (records with explicit foreign address excluded),active cattery-breed association,FARUS,1006,https://xn--80a6adhc.xn--p1ai/catteries/95/509.html,2026-09-09,Supply-side federation register; multi-breed catteries contribute once to each listed breed; no animal/litter counts; undated cards retained; unknown codes omitted
RU-FARUS-CATTERIES-2026-09-09,510,973/МОНP/23 Adasman,ORI,Oriental Shorthair,VBO:0100184,exact,1,Russia (records with explicit foreign address excluded),active cattery-breed association,FARUS,1006,https://xn--80a6adhc.xn--p1ai/catteries/95/510.html,2026-09-09,Supply-side federation register; multi-breed catteries contribute once to each listed breed; no animal/litter counts; undated cards retained; unknown codes omitted
RU-FARUS-CATTERIES-2026-09-09,511,987/М/23 El`fi Rivendella,BEN,Bengal,VBO:0100040,exact,1,Russia (records with explicit foreign address excluded),active cattery-breed association,FARUS,1006,https://xn--80a6adhc.xn--p1ai/catteries/95/511.html,2026-09-09,Supply-side federation register; multi-breed catteries contribute once to each listed breed; no animal/litter counts; undated cards retained; unknown codes omitted
RU-FARUS-CATTERIES-2026-09-09,512,988/МОЧ/23 Riverside Pride,MCO,Maine Coon,VBO:0100154,exact,1,Russia (records with explicit foreign address excluded),active cattery-breed association,FARUS,1006,https://xn--80a6adhc.xn--p1ai/catteries/95/512.html,2026-09-09,Supply-side federation register; multi-breed catteries contribute once to each listed breed; no animal/litter counts; undated cards retained; unknown codes omitted
RU-FARUS-CATTERIES-2026-09-09,517,669/KрА/25 Lucky Coon,MCO,Maine Coon,VBO:0100154,exact,1,Russia (records with explicit foreign address excluded),active cattery-breed association,FARUS,1006,https://xn--80a6adhc.xn--p1ai/catteries/119/517.html,2026-09-09,Supply-side federation register; multi-breed catteries contribute once to each listed breed; no animal/litter counts; undated cards retained; unknown codes omitted
RU-FARUS-CATTERIES-2026-09-09,522,845/KрЖ/22 ForestMuar Coon,MCO,Maine Coon,VBO:0100154,exact,1,Russia (records with explicit foreign address excluded),active cattery-breed association,FARUS,1006,https://xn--80a6adhc.xn--p1ai/catteries/119/522.html,2026-09-09,Supply-side federation register; multi-breed catteries contribute once to each listed breed; no animal/litter counts; undated cards retained; unknown codes omitted
RU-FARUS-CATTERIES-2026-09-09,523,892/KрK/22 Vsegda Kotov,MCO,Maine Coon,VBO:0100154,exact,1,Russia (records with explicit foreign address excluded),active cattery-breed association,FARUS,1006,https://xn--80a6adhc.xn--p1ai/catteries/119/523.html,2026-09-09,Supply-side federation register; multi-breed catteries contribute once to each listed breed; no animal/litter counts; undated cards retained; unknown codes omitted
RU-FARUS-CATTERIES-2026-09-09,524,917/Kр/22 SELENA,BRI,British Shorthair,VBO:0100052,exact,1,Russia (records with explicit foreign address excluded),active cattery-breed association,FARUS,1006,https://xn--80a6adhc.xn--p1ai/catteries/119/524.html,2026-09-09,Supply-side federation register; multi-breed catteries contribute once to each listed breed; no animal/litter counts; undated cards retained; unknown codes omitted
RU-FARUS-CATTERIES-2026-09-09,526,519/М/17 GREEN GRASS,MCO,Maine Coon,VBO:0100154,exact,1,Russia (records with explicit foreign address excluded),active cattery-breed association,FARUS,1006,https://xn--80a6adhc.xn--p1ai/catteries/101/526.html,2026-09-09,Supply-side federation register; multi-breed catteries contribute once to each listed breed; no animal/litter counts; undated cards retained; unknown codes omitted
RU-FARUS-CATTERIES-2026-09-09,527,558/ВЖ/17 Exotic.ru,EXO,Exotic Shorthair,VBO:0100096,exact,1,Russia (records with explicit foreign address excluded),active cattery-breed association,FARUS,1006,https://xn--80a6adhc.xn--p1ai/catteries/101/527.html,2026-09-09,Supply-side federation register; multi-breed catteries contribute once to each listed breed; no animal/litter counts; undated cards retained; unknown codes omitted
RU-FARUS-CATTERIES-2026-09-09,527,558/ВЖ/17 Exotic.ru,PER,Persian,VBO:0100188,exact,1,Russia (records with explicit foreign address excluded),active cattery-breed association,FARUS,1006,https://xn--80a6adhc.xn--p1ai/catteries/101/527.html,2026-09-09,Supply-side federation register; multi-breed catteries contribute once to each listed breed; no animal/litter counts; undated cards retained; unknown codes omitted
RU-FARUS-CATTERIES-2026-09-09,541,808/Ч/21 Oricclub,ORI,Oriental Shorthair,VBO:0100184,exact,1,Russia (records with explicit foreign address excluded),active cattery-breed association,FARUS,1006,https://xn--80a6adhc.xn--p1ai/catteries/101/541.html,2026-09-09,Supply-side federation register; multi-breed catteries contribute once to each listed breed; no animal/litter counts; undated cards retained; unknown codes omitted
RU-FARUS-CATTERIES-2026-09-09,542,809/М/21 INFINITICATS,BRI,British Shorthair,VBO:0100052,exact,1,Russia (records with explicit foreign address excluded),active cattery-breed association,FARUS,1006,https://xn--80a6adhc.xn--p1ai/catteries/101/542.html,2026-09-09,Supply-side federation register; multi-breed catteries contribute once to each listed breed; no animal/litter counts; undated cards retained; unknown codes omitted
RU-FARUS-CATTERIES-2026-09-09,542,809/М/21 INFINITICATS,BRL,British Longhair,VBO:0100051,exact,1,Russia (records with explicit foreign address excluded),active cattery-breed association,FARUS,1006,https://xn--80a6adhc.xn--p1ai/catteries/101/542.html,2026-09-09,Supply-side federation register; multi-breed catteries contribute once to each listed breed; no animal/litter counts; undated cards retained; unknown codes omitted
RU-FARUS-CATTERIES-2026-09-09,543,816/М/21 Invincible,ABY,Abyssinian,VBO:0100000,exact,1,Russia (records with explicit foreign address excluded),active cattery-breed association,FARUS,1006,https://xn--80a6adhc.xn--p1ai/catteries/101/543.html,2026-09-09,Supply-side federation register; multi-breed catteries contribute once to each listed breed; no animal/litter counts; undated cards retained; unknown codes omitted
RU-FARUS-CATTERIES-2026-09-09,543,816/М/21 Invincible,CHS,Chausie,VBO:0100068,exact,1,Russia (records with explicit foreign address excluded),active cattery-breed association,FARUS,1006,https://xn--80a6adhc.xn--p1ai/catteries/101/543.html,2026-09-09,Supply-side federation register; multi-breed catteries contribute once to each listed breed; no animal/litter counts; undated cards retained; unknown codes omitted
RU-FARUS-CATTERIES-2026-09-09,544,829/Т/21 Heavenly melody,ORI,Oriental Shorthair,VBO:0100184,exact,1,Russia (records with explicit foreign address excluded),active cattery-breed association,FARUS,1006,https://xn--80a6adhc.xn--p1ai/catteries/101/544.html,2026-09-09,Supply-side federation register; multi-breed catteries contribute once to each listed breed; no animal/litter counts; undated cards retained; unknown codes omitted
RU-FARUS-CATTERIES-2026-09-09,545,839/C/22 Baccara cat haus,ORI,Oriental Shorthair,VBO:0100184,exact,1,Russia (records with explicit foreign address excluded),active cattery-breed association,FARUS,1006,https://xn--80a6adhc.xn--p1ai/catteries/101/545.html,2026-09-09,Supply-side federation register; multi-breed catteries contribute once to each listed breed; no animal/litter counts; undated cards retained; unknown codes omitted
RU-FARUS-CATTERIES-2026-09-09,546,840/М/22 Glace Vanille,ABY,Abyssinian,VBO:0100000,exact,1,Russia (records with explicit foreign address excluded),active cattery-breed association,FARUS,1006,https://xn--80a6adhc.xn--p1ai/catteries/101/546.html,2026-09-09,Supply-side federation register; multi-breed catteries contribute once to each listed breed; no animal/litter counts; undated cards retained; unknown codes omitted
RU-FARUS-CATTERIES-2026-09-09,547,841/МОИ/22 Playful tenderness,ORI,Oriental Shorthair,VBO:0100184,exact,1,Russia (records with explicit foreign address excluded),active cattery-breed association,FARUS,1006,https://xn--80a6adhc.xn--p1ai/catteries/101/547.html,2026-09-09,Supply-side federation register; multi-breed catteries contribute once to each listed breed; no animal/litter counts; undated cards retained; unknown codes omitted
RU-FARUS-CATTERIES-2026-09-09,548,842/МОВ/22 Nelufer,EXO,Exotic Shorthair,VBO:0100096,exact,1,Russia (records with explicit foreign address excluded),active cattery-breed association,FARUS,1006,https://xn--80a6adhc.xn--p1ai/catteries/101/548.html,2026-09-09,Supply-side federation register; multi-breed catteries contribute once to each listed breed; no animal/litter counts; undated cards retained; unknown codes omitted
RU-FARUS-CATTERIES-2026-09-09,548,842/МОВ/22 Nelufer,PER,Persian,VBO:0100188,exact,1,Russia (records with explicit foreign address excluded),active cattery-breed association,FARUS,1006,https://xn--80a6adhc.xn--p1ai/catteries/101/548.html,2026-09-09,Supply-side federation register; multi-breed catteries contribute once to each listed breed; no animal/litter counts; undated cards retained; unknown codes omitted
RU-FARUS-CATTERIES-2026-09-09,548,842/МОВ/22 Nelufer,SCL,Scottish Straight Longhair,VBO:0100214,exact,1,Russia (records with explicit foreign address excluded),active cattery-breed association,FARUS,1006,https://xn--80a6adhc.xn--p1ai/catteries/101/548.html,2026-09-09,Supply-side federation register; multi-breed catteries contribute once to each listed breed; no animal/litter counts; undated cards retained; unknown codes omitted
RU-FARUS-CATTERIES-2026-09-09,548,842/МОВ/22 Nelufer,SCS,Scottish Straight,VBO:0100213,exact,1,Russia (records with explicit foreign address excluded),active cattery-breed association,FARUS,1006,https://xn--80a6adhc.xn--p1ai/catteries/101/548.html,2026-09-09,Supply-side federation register; multi-breed catteries contribute once to each listed breed; no animal/litter counts; undated cards retained; unknown codes omitted
RU-FARUS-CATTERIES-2026-09-09,548,842/МОВ/22 Nelufer,SFL,Scottish Fold Longhair,VBO:0100210,exact,1,Russia (records with explicit foreign address excluded),active cattery-breed association,FARUS,1006,https://xn--80a6adhc.xn--p1ai/catteries/101/548.html,2026-09-09,Supply-side federation register; multi-breed catteries contribute once to each listed breed; no animal/litter counts; undated cards retained; unknown codes omitted
RU-FARUS-CATTERIES-2026-09-09,548,842/МОВ/22 Nelufer,SFS,Scottish Fold,VBO:0100209,exact,1,Russia (records with explicit foreign address excluded),active cattery-breed association,FARUS,1006,https://xn--80a6adhc.xn--p1ai/catteries/101/548.html,2026-09-09,Supply-side federation register; multi-breed catteries contribute once to each listed breed; no animal/litter counts; undated cards retained; unknown codes omitted
RU-FARUS-CATTERIES-2026-09-09,548,842/МОВ/22 Nelufer,SPH,Sphynx,VBO:0100230,exact,1,Russia (records with explicit foreign address excluded),active cattery-breed association,FARUS,1006,https://xn--80a6adhc.xn--p1ai/catteries/101/548.html,2026-09-09,Supply-side federation register; multi-breed catteries contribute once to each listed breed; no animal/litter counts; undated cards retained; unknown codes omitted
RU-FARUS-CATTERIES-2026-09-09,549,843/МОВ/22 GRATUS,ABY,Abyssinian,VBO:0100000,exact,1,Russia (records with explicit foreign address excluded),active cattery-breed association,FARUS,1006,https://xn--80a6adhc.xn--p1ai/catteries/101/549.html,2026-09-09,Supply-side federation register; multi-breed catteries contribute once to each listed breed; no animal/litter counts; undated cards retained; unknown codes omitted
RU-FARUS-CATTERIES-2026-09-09,549,843/МОВ/22 GRATUS,BEN,Bengal,VBO:0100040,exact,1,Russia (records with explicit foreign address excluded),active cattery-breed association,FARUS,1006,https://xn--80a6adhc.xn--p1ai/catteries/101/549.html,2026-09-09,Supply-side federation register; multi-breed catteries contribute once to each listed breed; no animal/litter counts; undated cards retained; unknown codes omitted
RU-FARUS-CATTERIES-2026-09-09,549,843/МОВ/22 GRATUS,BRI,British Shorthair,VBO:0100052,exact,1,Russia (records with explicit foreign address excluded),active cattery-breed association,FARUS,1006,https://xn--80a6adhc.xn--p1ai/catteries/101/549.html,2026-09-09,Supply-side federation register; multi-breed catteries contribute once to each listed breed; no animal/litter counts; undated cards retained; unknown codes omitted
RU-FARUS-CATTERIES-2026-09-09,549,843/МОВ/22 GRATUS,CHS,Chausie,VBO:0100068,exact,1,Russia (records with explicit foreign address excluded),active cattery-breed association,FARUS,1006,https://xn--80a6adhc.xn--p1ai/catteries/101/549.html,2026-09-09,Supply-side federation register; multi-breed catteries contribute once to each listed breed; no animal/litter counts; undated cards retained; unknown codes omitted
RU-FARUS-CATTERIES-2026-09-09,549,843/МОВ/22 GRATUS,MCO,Maine Coon,VBO:0100154,exact,1,Russia (records with explicit foreign address excluded),active cattery-breed association,FARUS,1006,https://xn--80a6adhc.xn--p1ai/catteries/101/549.html,2026-09-09,Supply-side federation register; multi-breed catteries contribute once to each listed breed; no animal/litter counts; undated cards retained; unknown codes omitted
RU-FARUS-CATTERIES-2026-09-09,549,843/МОВ/22 GRATUS,ORI,Oriental Shorthair,VBO:0100184,exact,1,Russia (records with explicit foreign address excluded),active cattery-breed association,FARUS,1006,https://xn--80a6adhc.xn--p1ai/catteries/101/549.html,2026-09-09,Supply-side federation register; multi-breed catteries contribute once to each listed breed; no animal/litter counts; undated cards retained; unknown codes omitted
RU-FARUS-CATTERIES-2026-09-09,549,843/МОВ/22 GRATUS,SOM,Somali,VBO:0100229,exact,1,Russia (records with explicit foreign address excluded),active cattery-breed association,FARUS,1006,https://xn--80a6adhc.xn--p1ai/catteries/101/549.html,2026-09-09,Supply-side federation register; multi-breed catteries contribute once to each listed breed; no animal/litter counts; undated cards retained; unknown codes omitted
RU-FARUS-CATTERIES-2026-09-09,549,843/МОВ/22 GRATUS,SPH,Sphynx,VBO:0100230,exact,1,Russia (records with explicit foreign address excluded),active cattery-breed association,FARUS,1006,https://xn--80a6adhc.xn--p1ai/catteries/101/549.html,2026-09-09,Supply-side federation register; multi-breed catteries contribute once to each listed breed; no animal/litter counts; undated cards retained; unknown codes omitted
RU-FARUS-CATTERIES-2026-09-09,550,844/K/22 Burmashki,BUR,Burmese,VBO:0100053,exact,1,Russia (records with explicit foreign address excluded),active cattery-breed association,FARUS,1006,https://xn--80a6adhc.xn--p1ai/catteries/101/550.html,2026-09-09,Supply-side federation register; multi-breed catteries contribute once to each listed breed; no animal/litter counts; undated cards retained; unknown codes omitted
RU-FARUS-CATTERIES-2026-09-09,551,850/P/22 Celestial_ORI,ORI,Oriental Shorthair,VBO:0100184,exact,1,Russia (records with explicit foreign address excluded),active cattery-breed association,FARUS,1006,https://xn--80a6adhc.xn--p1ai/catteries/101/551.html,2026-09-09,Supply-side federation register; multi-breed catteries contribute once to each listed breed; no animal/litter counts; undated cards retained; unknown codes omitted
RU-FARUS-CATTERIES-2026-09-09,551,850/P/22 Celestial_ORI,SIA,Siamese,VBO:0100221,exact,1,Russia (records with explicit foreign address excluded),active cattery-breed association,FARUS,1006,https://xn--80a6adhc.xn--p1ai/catteries/101/551.html,2026-09-09,Supply-side federation register; multi-breed catteries contribute once to each listed breed; no animal/litter counts; undated cards retained; unknown codes omitted
RU-FARUS-CATTERIES-2026-09-09,552,858/МОП/22 Armonia,SCS,Scottish Straight,VBO:0100213,exact,1,Russia (records with explicit foreign address excluded),active cattery-breed association,FARUS,1006,https://xn--80a6adhc.xn--p1ai/catteries/101/552.html,2026-09-09,Supply-side federation register; multi-breed catteries contribute once to each listed breed; no animal/litter counts; undated cards retained; unknown codes omitted
RU-FARUS-CATTERIES-2026-09-09,552,858/МОП/22 Armonia,SFS,Scottish Fold,VBO:0100209,exact,1,Russia (records with explicit foreign address excluded),active cattery-breed association,FARUS,1006,https://xn--80a6adhc.xn--p1ai/catteries/101/552.html,2026-09-09,Supply-side federation register; multi-breed catteries contribute once to each listed breed; no animal/litter counts; undated cards retained; unknown codes omitted
RU-FARUS-CATTERIES-2026-09-09,553,859/М/22 Burma Life,BUR,Burmese,VBO:0100053,exact,1,Russia (records with explicit foreign address excluded),active cattery-breed association,FARUS,1006,https://xn--80a6adhc.xn--p1ai/catteries/101/553.html,2026-09-09,Supply-side federation register; multi-breed catteries contribute once to each listed breed; no animal/litter counts; undated cards retained; unknown codes omitted
RU-FARUS-CATTERIES-2026-09-09,554,902/МОН/22 The Union of Good Cat,MCO,Maine Coon,VBO:0100154,exact,1,Russia (records with explicit foreign address excluded),active cattery-breed association,FARUS,1006,https://xn--80a6adhc.xn--p1ai/catteries/101/554.html,2026-09-09,Supply-side federation register; multi-breed catteries contribute once to each listed breed; no animal/litter counts; undated cards retained; unknown codes omitted
RU-FARUS-CATTERIES-2026-09-09,555,938/M/22 Freya`s chariot,ABY,Abyssinian,VBO:0100000,exact,1,Russia (records with explicit foreign address excluded),active cattery-breed association,FARUS,1006,https://xn--80a6adhc.xn--p1ai/catteries/101/555.html,2026-09-09,Supply-side federation register; multi-breed catteries contribute once to each listed breed; no animal/litter counts; undated cards retained; unknown codes omitted
RU-FARUS-CATTERIES-2026-09-09,556,966/МОK/23 Devonkor,DRX,Devon Rex,VBO:0100084,exact,1,Russia (records with explicit foreign address excluded),active cattery-breed association,FARUS,1006,https://xn--80a6adhc.xn--p1ai/catteries/101/556.html,2026-09-09,Supply-side federation register; multi-breed catteries contribute once to each listed breed; no animal/litter counts; undated cards retained; unknown codes omitted
RU-FARUS-CATTERIES-2026-09-09,557,552/С-П/22 Fairy Owl,SCL,Scottish Straight Longhair,VBO:0100214,exact,1,Russia (records with explicit foreign address excluded),active cattery-breed association,FARUS,1006,https://xn--80a6adhc.xn--p1ai/catteries/102/557.html,2026-09-09,Supply-side federation register; multi-breed catteries contribute once to each listed breed; no animal/litter counts; undated cards retained; unknown codes omitted
RU-FARUS-CATTERIES-2026-09-09,557,552/С-П/22 Fairy Owl,SCS,Scottish Straight,VBO:0100213,exact,1,Russia (records with explicit foreign address excluded),active cattery-breed association,FARUS,1006,https://xn--80a6adhc.xn--p1ai/catteries/102/557.html,2026-09-09,Supply-side federation register; multi-breed catteries contribute once to each listed breed; no animal/litter counts; undated cards retained; unknown codes omitted
RU-FARUS-CATTERIES-2026-09-09,557,552/С-П/22 Fairy Owl,SFL,Scottish Fold Longhair,VBO:0100210,exact,1,Russia (records with explicit foreign address excluded),active cattery-breed association,FARUS,1006,https://xn--80a6adhc.xn--p1ai/catteries/102/557.html,2026-09-09,Supply-side federation register; multi-breed catteries contribute once to each listed breed; no animal/litter counts; undated cards retained; unknown codes omitted
RU-FARUS-CATTERIES-2026-09-09,557,552/С-П/22 Fairy Owl,SFS,Scottish Fold,VBO:0100209,exact,1,Russia (records with explicit foreign address excluded),active cattery-breed association,FARUS,1006,https://xn--80a6adhc.xn--p1ai/catteries/102/557.html,2026-09-09,Supply-side federation register; multi-breed catteries contribute once to each listed breed; no animal/litter counts; undated cards retained; unknown codes omitted
RU-FARUS-CATTERIES-2026-09-09,558,730/ЛДГ/25 Unikum Child,EXO,Exotic Shorthair,VBO:0100096,exact,1,Russia (records with explicit foreign address excluded),active cattery-breed association,FARUS,1006,https://xn--80a6adhc.xn--p1ai/catteries/99/558.html,2026-09-09,Supply-side federation register; multi-breed catteries contribute once to each listed breed; no animal/litter counts; undated cards retained; unknown codes omitted
RU-FARUS-CATTERIES-2026-09-09,558,730/ЛДГ/25 Unikum Child,PER,Persian,VBO:0100188,exact,1,Russia (records with explicit foreign address excluded),active cattery-breed association,FARUS,1006,https://xn--80a6adhc.xn--p1ai/catteries/99/558.html,2026-09-09,Supply-side federation register; multi-breed catteries contribute once to each listed breed; no animal/litter counts; undated cards retained; unknown codes omitted
RU-FARUS-CATTERIES-2026-09-09,561,800/ЛА/26 Fleur lunaire,ABY,Abyssinian,VBO:0100000,exact,1,Russia (records with explicit foreign address excluded),active cattery-breed association,FARUS,1006,https://xn--80a6adhc.xn--p1ai/catteries/102/561.html,2026-09-09,Supply-side federation register; multi-breed catteries contribute once to each listed breed; no animal/litter counts; undated cards retained; unknown codes omitted
RU-FARUS-CATTERIES-2026-09-09,561,800/ЛА/26 Fleur lunaire,BUR,Burmese,VBO:0100053,exact,1,Russia (records with explicit foreign address excluded),active cattery-breed association,FARUS,1006,https://xn--80a6adhc.xn--p1ai/catteries/102/561.html,2026-09-09,Supply-side federation register; multi-breed catteries contribute once to each listed breed; no animal/litter counts; undated cards retained; unknown codes omitted
RU-FARUS-CATTERIES-2026-09-09,561,800/ЛА/26 Fleur lunaire,SOM,Somali,VBO:0100229,exact,1,Russia (records with explicit foreign address excluded),active cattery-breed association,FARUS,1006,https://xn--80a6adhc.xn--p1ai/catteries/102/561.html,2026-09-09,Supply-side federation register; multi-breed catteries contribute once to each listed breed; no animal/litter counts; undated cards retained; unknown codes omitted
RU-FARUS-CATTERIES-2026-09-09,562,834/ЛТ/21 Family Frost,SCS,Scottish Straight,VBO:0100213,exact,1,Russia (records with explicit foreign address excluded),active cattery-breed association,FARUS,1006,https://xn--80a6adhc.xn--p1ai/catteries/99/562.html,2026-09-09,Supply-side federation register; multi-breed catteries contribute once to each listed breed; no animal/litter counts; undated cards retained; unknown codes omitted
RU-FARUS-CATTERIES-2026-09-09,562,834/ЛТ/21 Family Frost,SFS,Scottish Fold,VBO:0100209,exact,1,Russia (records with explicit foreign address excluded),active cattery-breed association,FARUS,1006,https://xn--80a6adhc.xn--p1ai/catteries/99/562.html,2026-09-09,Supply-side federation register; multi-breed catteries contribute once to each listed breed; no animal/litter counts; undated cards retained; unknown codes omitted
RU-FARUS-CATTERIES-2026-09-09,563,835/ЛВ/22 Jamilia,MCO,Maine Coon,VBO:0100154,exact,1,Russia (records with explicit foreign address excluded),active cattery-breed association,FARUS,1006,https://xn--80a6adhc.xn--p1ai/catteries/102/563.html,2026-09-09,Supply-side federation register; multi-breed catteries contribute once to each listed breed; no animal/litter counts; undated cards retained; unknown codes omitted
RU-FARUS-CATTERIES-2026-09-09,564,857/C-П/22 Golden Basket,ABY,Abyssinian,VBO:0100000,exact,1,Russia (records with explicit foreign address excluded),active cattery-breed association,FARUS,1006,https://xn--80a6adhc.xn--p1ai/catteries/102/564.html,2026-09-09,Supply-side federation register; multi-breed catteries contribute once to each listed breed; no animal/litter counts; undated cards retained; unknown codes omitted
RU-FARUS-CATTERIES-2026-09-09,564,857/C-П/22 Golden Basket,BUR,Burmese,VBO:0100053,exact,1,Russia (records with explicit foreign address excluded),active cattery-breed association,FARUS,1006,https://xn--80a6adhc.xn--p1ai/catteries/102/564.html,2026-09-09,Supply-side federation register; multi-breed catteries contribute once to each listed breed; no animal/litter counts; undated cards retained; unknown codes omitted
RU-FARUS-CATTERIES-2026-09-09,564,857/C-П/22 Golden Basket,SCS,Scottish Straight,VBO:0100213,exact,1,Russia (records with explicit foreign address excluded),active cattery-breed association,FARUS,1006,https://xn--80a6adhc.xn--p1ai/catteries/102/564.html,2026-09-09,Supply-side federation register; multi-breed catteries contribute once to each listed breed; no animal/litter counts; undated cards retained; unknown codes omitted
RU-FARUS-CATTERIES-2026-09-09,564,857/C-П/22 Golden Basket,SFS,Scottish Fold,VBO:0100209,exact,1,Russia (records with explicit foreign address excluded),active cattery-breed association,FARUS,1006,https://xn--80a6adhc.xn--p1ai/catteries/102/564.html,2026-09-09,Supply-side federation register; multi-breed catteries contribute once to each listed breed; no animal/litter counts; undated cards retained; unknown codes omitted
RU-FARUS-CATTERIES-2026-09-09,565,557/ЧМ/22 Gelense Style,BEN,Bengal,VBO:0100040,exact,1,Russia (records with explicit foreign address excluded),active cattery-breed association,FARUS,1006,https://xn--80a6adhc.xn--p1ai/catteries/120/565.html,2026-09-09,Supply-side federation register; multi-breed catteries contribute once to each listed breed; no animal/litter counts; undated cards retained; unknown codes omitted
RU-FARUS-CATTERIES-2026-09-09,566,662/Н/24 Cat SIRIUS,BEN,Bengal,VBO:0100040,exact,1,Russia (records with explicit foreign address excluded),active cattery-breed association,FARUS,1006,https://xn--80a6adhc.xn--p1ai/catteries/120/566.html,2026-09-09,Supply-side federation register; multi-breed catteries contribute once to each listed breed; no animal/litter counts; undated cards retained; unknown codes omitted
RU-FARUS-CATTERIES-2026-09-09,566,662/Н/24 Cat SIRIUS,CRX,Cornish Rex,VBO:0100077,exact,1,Russia (records with explicit foreign address excluded),active cattery-breed association,FARUS,1006,https://xn--80a6adhc.xn--p1ai/catteries/120/566.html,2026-09-09,Supply-side federation register; multi-breed catteries contribute once to each listed breed; no animal/litter counts; undated cards retained; unknown codes omitted
RU-FARUS-CATTERIES-2026-09-09,566,662/Н/24 Cat SIRIUS,MCO,Maine Coon,VBO:0100154,exact,1,Russia (records with explicit foreign address excluded),active cattery-breed association,FARUS,1006,https://xn--80a6adhc.xn--p1ai/catteries/120/566.html,2026-09-09,Supply-side federation register; multi-breed catteries contribute once to each listed breed; no animal/litter counts; undated cards retained; unknown codes omitted
RU-FARUS-CATTERIES-2026-09-09,566,662/Н/24 Cat SIRIUS,SCS,Scottish Straight,VBO:0100213,exact,1,Russia (records with explicit foreign address excluded),active cattery-breed association,FARUS,1006,https://xn--80a6adhc.xn--p1ai/catteries/120/566.html,2026-09-09,Supply-side federation register; multi-breed catteries contribute once to each listed breed; no animal/litter counts; undated cards retained; unknown codes omitted
RU-FARUS-CATTERIES-2026-09-09,566,662/Н/24 Cat SIRIUS,SFS,Scottish Fold,VBO:0100209,exact,1,Russia (records with explicit foreign address excluded),active cattery-breed association,FARUS,1006,https://xn--80a6adhc.xn--p1ai/catteries/120/566.html,2026-09-09,Supply-side federation register; multi-breed catteries contribute once to each listed breed; no animal/litter counts; undated cards retained; unknown codes omitted
RU-FARUS-CATTERIES-2026-09-09,567,679/Чел/25 Jewelcoon,MCO,Maine Coon,VBO:0100154,exact,1,Russia (records with explicit foreign address excluded),active cattery-breed association,FARUS,1006,https://xn--80a6adhc.xn--p1ai/catteries/120/567.html,2026-09-09,Supply-side federation register; multi-breed catteries contribute once to each listed breed; no animal/litter counts; undated cards retained; unknown codes omitted
RU-FARUS-CATTERIES-2026-09-09,571,931/CвЛ/22 Frolerin,DSX,Donskoy,VBO:0100086,exact,1,Russia (records with explicit foreign address excluded),active cattery-breed association,FARUS,1006,https://xn--80a6adhc.xn--p1ai/catteries/120/571.html,2026-09-09,Supply-side federation register; multi-breed catteries contribute once to each listed breed; no animal/litter counts; undated cards retained; unknown codes omitted
RU-FARUS-CATTERIES-2026-09-09,571,931/CвЛ/22 Frolerin,SPH,Sphynx,VBO:0100230,exact,1,Russia (records with explicit foreign address excluded),active cattery-breed association,FARUS,1006,https://xn--80a6adhc.xn--p1ai/catteries/120/571.html,2026-09-09,Supply-side federation register; multi-breed catteries contribute once to each listed breed; no animal/litter counts; undated cards retained; unknown codes omitted
RU-FARUS-CATTERIES-2026-09-09,572,986/ЧО /23 Charming Marble,MCO,Maine Coon,VBO:0100154,exact,1,Russia (records with explicit foreign address excluded),active cattery-breed association,FARUS,1006,https://xn--80a6adhc.xn--p1ai/catteries/120/572.html,2026-09-09,Supply-side federation register; multi-breed catteries contribute once to each listed breed; no animal/litter counts; undated cards retained; unknown codes omitted
RU-FARUS-CATTERIES-2026-09-09,573,570/УфPЮ/23 Keeper Soul,MCO,Maine Coon,VBO:0100154,exact,1,Russia (records with explicit foreign address excluded),active cattery-breed association,FARUS,1006,https://xn--80a6adhc.xn--p1ai/catteries/98/573.html,2026-09-09,Supply-side federation register; multi-breed catteries contribute once to each listed breed; no animal/litter counts; undated cards retained; unknown codes omitted
RU-FARUS-CATTERIES-2026-09-09,580,846/БИ/22 Stella Mira,BRI,British Shorthair,VBO:0100052,exact,1,Russia (records with explicit foreign address excluded),active cattery-breed association,FARUS,1006,https://xn--80a6adhc.xn--p1ai/catteries/98/580.html,2026-09-09,Supply-side federation register; multi-breed catteries contribute once to each listed breed; no animal/litter counts; undated cards retained; unknown codes omitted
RU-FARUS-CATTERIES-2026-09-09,581,853/МОВ/22 Delizia,ORI,Oriental Shorthair,VBO:0100184,exact,1,Russia (records with explicit foreign address excluded),active cattery-breed association,FARUS,1006,https://xn--80a6adhc.xn--p1ai/catteries/98/581.html,2026-09-09,Supply-side federation register; multi-breed catteries contribute once to each listed breed; no animal/litter counts; undated cards retained; unknown codes omitted
RU-FARUS-CATTERIES-2026-09-09,581,853/МОВ/22 Delizia,SIA,Siamese,VBO:0100221,exact,1,Russia (records with explicit foreign address excluded),active cattery-breed association,FARUS,1006,https://xn--80a6adhc.xn--p1ai/catteries/98/581.html,2026-09-09,Supply-side federation register; multi-breed catteries contribute once to each listed breed; no animal/litter counts; undated cards retained; unknown codes omitted
RU-FARUS-CATTERIES-2026-09-09,582,882/У/22 BengalBen,BEN,Bengal,VBO:0100040,exact,1,Russia (records with explicit foreign address excluded),active cattery-breed association,FARUS,1006,https://xn--80a6adhc.xn--p1ai/catteries/98/582.html,2026-09-09,Supply-side federation register; multi-breed catteries contribute once to each listed breed; no animal/litter counts; undated cards retained; unknown codes omitted
RU-FARUS-CATTERIES-2026-09-09,583,883/У/22 Magic Burm,BUR,Burmese,VBO:0100053,exact,1,Russia (records with explicit foreign address excluded),active cattery-breed association,FARUS,1006,https://xn--80a6adhc.xn--p1ai/catteries/98/583.html,2026-09-09,Supply-side federation register; multi-breed catteries contribute once to each listed breed; no animal/litter counts; undated cards retained; unknown codes omitted
RU-FARUS-CATTERIES-2026-09-09,584,887/М/22 DIAMOND PRIDE ORI,ORI,Oriental Shorthair,VBO:0100184,exact,1,Russia (records with explicit foreign address excluded),active cattery-breed association,FARUS,1006,https://xn--80a6adhc.xn--p1ai/catteries/98/584.html,2026-09-09,Supply-side federation register; multi-breed catteries contribute once to each listed breed; no animal/litter counts; undated cards retained; unknown codes omitted
RU-FARUS-CATTERIES-2026-09-09,584,887/М/22 DIAMOND PRIDE ORI,SIA,Siamese,VBO:0100221,exact,1,Russia (records with explicit foreign address excluded),active cattery-breed association,FARUS,1006,https://xn--80a6adhc.xn--p1ai/catteries/98/584.html,2026-09-09,Supply-side federation register; multi-breed catteries contribute once to each listed breed; no animal/litter counts; undated cards retained; unknown codes omitted
RU-FARUS-CATTERIES-2026-09-09,585,930/Ч/22 Ideal cats,BUR,Burmese,VBO:0100053,exact,1,Russia (records with explicit foreign address excluded),active cattery-breed association,FARUS,1006,https://xn--80a6adhc.xn--p1ai/catteries/132/585.html,2026-09-09,Supply-side federation register; multi-breed catteries contribute once to each listed breed; no animal/litter counts; undated cards retained; unknown codes omitted
RU-FARUS-CATTERIES-2026-09-09,585,930/Ч/22 Ideal cats,ORI,Oriental Shorthair,VBO:0100184,exact,1,Russia (records with explicit foreign address excluded),active cattery-breed association,FARUS,1006,https://xn--80a6adhc.xn--p1ai/catteries/132/585.html,2026-09-09,Supply-side federation register; multi-breed catteries contribute once to each listed breed; no animal/litter counts; undated cards retained; unknown codes omitted
RU-FARUS-CATTERIES-2026-09-09,586,965/БО/23 Ozhmah,BEN,Bengal,VBO:0100040,exact,1,Russia (records with explicit foreign address excluded),active cattery-breed association,FARUS,1006,https://xn--80a6adhc.xn--p1ai/catteries/98/586.html,2026-09-09,Supply-side federation register; multi-breed catteries contribute once to each listed breed; no animal/litter counts; undated cards retained; unknown codes omitted
RU-FARUS-CATTERIES-2026-09-09,586,965/БО/23 Ozhmah,BUR,Burmese,VBO:0100053,exact,1,Russia (records with explicit foreign address excluded),active cattery-breed association,FARUS,1006,https://xn--80a6adhc.xn--p1ai/catteries/98/586.html,2026-09-09,Supply-side federation register; multi-breed catteries contribute once to each listed breed; no animal/litter counts; undated cards retained; unknown codes omitted
RU-FARUS-CATTERIES-2026-09-09,586,965/БО/23 Ozhmah,MAU,Egyptian Mau,VBO:0100090,exact,1,Russia (records with explicit foreign address excluded),active cattery-breed association,FARUS,1006,https://xn--80a6adhc.xn--p1ai/catteries/98/586.html,2026-09-09,Supply-side federation register; multi-breed catteries contribute once to each listed breed; no animal/litter counts; undated cards retained; unknown codes omitted
RU-FARUS-CATTERIES-2026-09-09,588,656/К/24 From CATLEYA,KBL,Kurilian Bobtail Longhair,VBO:0100147,exact,1,Russia (records with explicit foreign address excluded),active cattery-breed association,FARUS,1006,https://xn--80a6adhc.xn--p1ai/catteries/116/588.html,2026-09-09,Supply-side federation register; multi-breed catteries contribute once to each listed breed; no animal/litter counts; undated cards retained; unknown codes omitted
RU-FARUS-CATTERIES-2026-09-09,588,656/К/24 From CATLEYA,KBS,Kurilian Bobtail Shorthair,VBO:0100148,exact,1,Russia (records with explicit foreign address excluded),active cattery-breed association,FARUS,1006,https://xn--80a6adhc.xn--p1ai/catteries/116/588.html,2026-09-09,Supply-side federation register; multi-breed catteries contribute once to each listed breed; no animal/litter counts; undated cards retained; unknown codes omitted
RU-FARUS-CATTERIES-2026-09-09,588,656/К/24 From CATLEYA,MCO,Maine Coon,VBO:0100154,exact,1,Russia (records with explicit foreign address excluded),active cattery-breed association,FARUS,1006,https://xn--80a6adhc.xn--p1ai/catteries/116/588.html,2026-09-09,Supply-side federation register; multi-breed catteries contribute once to each listed breed; no animal/litter counts; undated cards retained; unknown codes omitted
RU-FARUS-CATTERIES-2026-09-09,590,658/К/25 SAVOYAR,BUR,Burmese,VBO:0100053,exact,1,Russia (records with explicit foreign address excluded),active cattery-breed association,FARUS,1006,https://xn--80a6adhc.xn--p1ai/catteries/116/590.html,2026-09-09,Supply-side federation register; multi-breed catteries contribute once to each listed breed; no animal/litter counts; undated cards retained; unknown codes omitted
RU-FARUS-CATTERIES-2026-09-09,592,660/К/24 BraavosMey (БраавосМей),MCO,Maine Coon,VBO:0100154,exact,1,Russia (records with explicit foreign address excluded),active cattery-breed association,FARUS,1006,https://xn--80a6adhc.xn--p1ai/catteries/116/592.html,2026-09-09,Supply-side federation register; multi-breed catteries contribute once to each listed breed; no animal/litter counts; undated cards retained; unknown codes omitted
RU-FARUS-CATTERIES-2026-09-09,595,719/K/26 JACARANDA (ДЖАКАРАНДА),MCO,Maine Coon,VBO:0100154,exact,1,Russia (records with explicit foreign address excluded),active cattery-breed association,FARUS,1006,https://xn--80a6adhc.xn--p1ai/catteries/116/595.html,2026-09-09,Supply-side federation register; multi-breed catteries contribute once to each listed breed; no animal/litter counts; undated cards retained; unknown codes omitted
RU-FARUS-CATTERIES-2026-09-09,600,725/K/25 DIA & D,DRX,Devon Rex,VBO:0100084,exact,1,Russia (records with explicit foreign address excluded),active cattery-breed association,FARUS,1006,https://xn--80a6adhc.xn--p1ai/catteries/116/600.html,2026-09-09,Supply-side federation register; multi-breed catteries contribute once to each listed breed; no animal/litter counts; undated cards retained; unknown codes omitted
RU-FARUS-CATTERIES-2026-09-09,605,792/KБ/26 TUNIYA,BUR,Burmese,VBO:0100053,exact,1,Russia (records with explicit foreign address excluded),active cattery-breed association,FARUS,1006,https://xn--80a6adhc.xn--p1ai/catteries/116/605.html,2026-09-09,Supply-side federation register; multi-breed catteries contribute once to each listed breed; no animal/litter counts; undated cards retained; unknown codes omitted
RU-FARUS-CATTERIES-2026-09-09,607,855/K/22 EL`LARGO,BBN,Bambino,VBO:0100037,exact,1,Russia (records with explicit foreign address excluded),active cattery-breed association,FARUS,1006,https://xn--80a6adhc.xn--p1ai/catteries/116/607.html,2026-09-09,Supply-side federation register; multi-breed catteries contribute once to each listed breed; no animal/litter counts; undated cards retained; unknown codes omitted
RU-FARUS-CATTERIES-2026-09-09,607,855/K/22 EL`LARGO,ELF,Elf,VBO:0100091,exact,1,Russia (records with explicit foreign address excluded),active cattery-breed association,FARUS,1006,https://xn--80a6adhc.xn--p1ai/catteries/116/607.html,2026-09-09,Supply-side federation register; multi-breed catteries contribute once to each listed breed; no animal/litter counts; undated cards retained; unknown codes omitted
RU-FARUS-CATTERIES-2026-09-09,607,855/K/22 EL`LARGO,SPH,Sphynx,VBO:0100230,exact,1,Russia (records with explicit foreign address excluded),active cattery-breed association,FARUS,1006,https://xn--80a6adhc.xn--p1ai/catteries/116/607.html,2026-09-09,Supply-side federation register; multi-breed catteries contribute once to each listed breed; no animal/litter counts; undated cards retained; unknown codes omitted
RU-FARUS-CATTERIES-2026-09-09,608,856/ТП/22 VitaliNa`s,MCO,Maine Coon,VBO:0100154,exact,1,Russia (records with explicit foreign address excluded),active cattery-breed association,FARUS,1006,https://xn--80a6adhc.xn--p1ai/catteries/116/608.html,2026-09-09,Supply-side federation register; multi-breed catteries contribute once to each listed breed; no animal/litter counts; undated cards retained; unknown codes omitted
RU-FARUS-CATTERIES-2026-09-09,611,703/KрШ/25 Favorite Purr,MCO,Maine Coon,VBO:0100154,exact,1,Russia (records with explicit foreign address excluded),active cattery-breed association,FARUS,1006,https://xn--80a6adhc.xn--p1ai/catteries/104/611.html,2026-09-09,Supply-side federation register; multi-breed catteries contribute once to each listed breed; no animal/litter counts; undated cards retained; unknown codes omitted
RU-FARUS-CATTERIES-2026-09-09,615,715/Kр/25 March Cat,MCO,Maine Coon,VBO:0100154,exact,1,Russia (records with explicit foreign address excluded),active cattery-breed association,FARUS,1006,https://xn--80a6adhc.xn--p1ai/catteries/104/615.html,2026-09-09,Supply-side federation register; multi-breed catteries contribute once to each listed breed; no animal/litter counts; undated cards retained; unknown codes omitted
RU-FARUS-CATTERIES-2026-09-09,616,742/КрА/25 Amore Prima Vista,BUR,Burmese,VBO:0100053,exact,1,Russia (records with explicit foreign address excluded),active cattery-breed association,FARUS,1006,https://xn--80a6adhc.xn--p1ai/catteries/104/616.html,2026-09-09,Supply-side federation register; multi-breed catteries contribute once to each listed breed; no animal/litter counts; undated cards retained; unknown codes omitted
RU-FARUS-CATTERIES-2026-09-09,619,860/KрC/22 Forever Young,MCO,Maine Coon,VBO:0100154,exact,1,Russia (records with explicit foreign address excluded),active cattery-breed association,FARUS,1006,https://xn--80a6adhc.xn--p1ai/catteries/104/619.html,2026-09-09,Supply-side federation register; multi-breed catteries contribute once to each listed breed; no animal/litter counts; undated cards retained; unknown codes omitted
RU-FARUS-CATTERIES-2026-09-09,620,901/ р/22 Golden Heart Winner,MCO,Maine Coon,VBO:0100154,exact,1,Russia (records with explicit foreign address excluded),active cattery-breed association,FARUS,1006,https://xn--80a6adhc.xn--p1ai/catteries/104/620.html,2026-09-09,Supply-side federation register; multi-breed catteries contribute once to each listed breed; no animal/litter counts; undated cards retained; unknown codes omitted
RU-FARUS-CATTERIES-2026-09-09,621,915/БН/22 Naslednik Imperii,ABY,Abyssinian,VBO:0100000,exact,1,Russia (records with explicit foreign address excluded),active cattery-breed association,FARUS,1006,https://xn--80a6adhc.xn--p1ai/catteries/104/621.html,2026-09-09,Supply-side federation register; multi-breed catteries contribute once to each listed breed; no animal/litter counts; undated cards retained; unknown codes omitted
RU-FARUS-CATTERIES-2026-09-09,621,915/БН/22 Naslednik Imperii,MCO,Maine Coon,VBO:0100154,exact,1,Russia (records with explicit foreign address excluded),active cattery-breed association,FARUS,1006,https://xn--80a6adhc.xn--p1ai/catteries/104/621.html,2026-09-09,Supply-side federation register; multi-breed catteries contribute once to each listed breed; no animal/litter counts; undated cards retained; unknown codes omitted
RU-FARUS-CATTERIES-2026-09-09,622,916/Kр/22 Samorodok Sibiri (Cамородок Cибири),MCO,Maine Coon,VBO:0100154,exact,1,Russia (records with explicit foreign address excluded),active cattery-breed association,FARUS,1006,https://xn--80a6adhc.xn--p1ai/catteries/104/622.html,2026-09-09,Supply-side federation register; multi-breed catteries contribute once to each listed breed; no animal/litter counts; undated cards retained; unknown codes omitted
RU-FARUS-CATTERIES-2026-09-09,623,937/Kр/22 East Spirit,ORI,Oriental Shorthair,VBO:0100184,exact,1,Russia (records with explicit foreign address excluded),active cattery-breed association,FARUS,1006,https://xn--80a6adhc.xn--p1ai/catteries/104/623.html,2026-09-09,Supply-side federation register; multi-breed catteries contribute once to each listed breed; no animal/litter counts; undated cards retained; unknown codes omitted
RU-FARUS-CATTERIES-2026-09-09,624,951/KрБ/23 Ina Forest,MCO,Maine Coon,VBO:0100154,exact,1,Russia (records with explicit foreign address excluded),active cattery-breed association,FARUS,1006,https://xn--80a6adhc.xn--p1ai/catteries/104/624.html,2026-09-09,Supply-side federation register; multi-breed catteries contribute once to each listed breed; no animal/litter counts; undated cards retained; unknown codes omitted
RU-FARUS-CATTERIES-2026-09-09,632,815/БУ-Д/21 LiLand,BRI,British Shorthair,VBO:0100052,exact,1,Russia (records with explicit foreign address excluded),active cattery-breed association,FARUS,1006,https://xn--80a6adhc.xn--p1ai/catteries/106/632.html,2026-09-09,Supply-side federation register; multi-breed catteries contribute once to each listed breed; no animal/litter counts; undated cards retained; unknown codes omitted
RU-FARUS-CATTERIES-2026-09-09,632,815/БУ-Д/21 LiLand,BRL,British Longhair,VBO:0100051,exact,1,Russia (records with explicit foreign address excluded),active cattery-breed association,FARUS,1006,https://xn--80a6adhc.xn--p1ai/catteries/106/632.html,2026-09-09,Supply-side federation register; multi-breed catteries contribute once to each listed breed; no animal/litter counts; undated cards retained; unknown codes omitted
RU-FARUS-CATTERIES-2026-09-09,632,815/БУ-Д/21 LiLand,SRL,Selkirk Rex Longhair,VBO:0100216,exact,1,Russia (records with explicit foreign address excluded),active cattery-breed association,FARUS,1006,https://xn--80a6adhc.xn--p1ai/catteries/106/632.html,2026-09-09,Supply-side federation register; multi-breed catteries contribute once to each listed breed; no animal/litter counts; undated cards retained; unknown codes omitted
RU-FARUS-CATTERIES-2026-09-09,632,815/БУ-Д/21 LiLand,SRS,Selkirk Rex Shorthair,VBO:0100217,exact,1,Russia (records with explicit foreign address excluded),active cattery-breed association,FARUS,1006,https://xn--80a6adhc.xn--p1ai/catteries/106/632.html,2026-09-09,Supply-side federation register; multi-breed catteries contribute once to each listed breed; no animal/litter counts; undated cards retained; unknown codes omitted
RU-FARUS-CATTERIES-2026-09-09,633,948/М/23 Vorobyoff Family,BRI,British Shorthair,VBO:0100052,exact,1,Russia (records with explicit foreign address excluded),active cattery-breed association,FARUS,1006,https://xn--80a6adhc.xn--p1ai/catteries/106/633.html,2026-09-09,Supply-side federation register; multi-breed catteries contribute once to each listed breed; no animal/litter counts; undated cards retained; unknown codes omitted
RU-FARUS-CATTERIES-2026-09-09,634,963/KШ/23 Solar Kingdom,BRI,British Shorthair,VBO:0100052,exact,1,Russia (records with explicit foreign address excluded),active cattery-breed association,FARUS,1006,https://xn--80a6adhc.xn--p1ai/catteries/106/634.html,2026-09-09,Supply-side federation register; multi-breed catteries contribute once to each listed breed; no animal/litter counts; undated cards retained; unknown codes omitted
RU-FARUS-CATTERIES-2026-09-09,634,963/KШ/23 Solar Kingdom,SCS,Scottish Straight,VBO:0100213,exact,1,Russia (records with explicit foreign address excluded),active cattery-breed association,FARUS,1006,https://xn--80a6adhc.xn--p1ai/catteries/106/634.html,2026-09-09,Supply-side federation register; multi-breed catteries contribute once to each listed breed; no animal/litter counts; undated cards retained; unknown codes omitted
RU-FARUS-CATTERIES-2026-09-09,634,963/KШ/23 Solar Kingdom,SFS,Scottish Fold,VBO:0100209,exact,1,Russia (records with explicit foreign address excluded),active cattery-breed association,FARUS,1006,https://xn--80a6adhc.xn--p1ai/catteries/106/634.html,2026-09-09,Supply-side federation register; multi-breed catteries contribute once to each listed breed; no animal/litter counts; undated cards retained; unknown codes omitted
RU-FARUS-CATTERIES-2026-09-09,638,868/ЛУ/22 Fluffy ponytail,MCO,Maine Coon,VBO:0100154,exact,1,Russia (records with explicit foreign address excluded),active cattery-breed association,FARUS,1006,https://xn--80a6adhc.xn--p1ai/catteries/100/638.html,2026-09-09,Supply-side federation register; multi-breed catteries contribute once to each listed breed; no animal/litter counts; undated cards retained; unknown codes omitted
RU-FARUS-CATTERIES-2026-09-09,640,870/C-П/22 Luck Show City,SCL,Scottish Straight Longhair,VBO:0100214,exact,1,Russia (records with explicit foreign address excluded),active cattery-breed association,FARUS,1006,https://xn--80a6adhc.xn--p1ai/catteries/100/640.html,2026-09-09,Supply-side federation register; multi-breed catteries contribute once to each listed breed; no animal/litter counts; undated cards retained; unknown codes omitted
RU-FARUS-CATTERIES-2026-09-09,640,870/C-П/22 Luck Show City,SCS,Scottish Straight,VBO:0100213,exact,1,Russia (records with explicit foreign address excluded),active cattery-breed association,FARUS,1006,https://xn--80a6adhc.xn--p1ai/catteries/100/640.html,2026-09-09,Supply-side federation register; multi-breed catteries contribute once to each listed breed; no animal/litter counts; undated cards retained; unknown codes omitted
RU-FARUS-CATTERIES-2026-09-09,640,870/C-П/22 Luck Show City,SFL,Scottish Fold Longhair,VBO:0100210,exact,1,Russia (records with explicit foreign address excluded),active cattery-breed association,FARUS,1006,https://xn--80a6adhc.xn--p1ai/catteries/100/640.html,2026-09-09,Supply-side federation register; multi-breed catteries contribute once to each listed breed; no animal/litter counts; undated cards retained; unknown codes omitted
RU-FARUS-CATTERIES-2026-09-09,640,870/C-П/22 Luck Show City,SFS,Scottish Fold,VBO:0100209,exact,1,Russia (records with explicit foreign address excluded),active cattery-breed association,FARUS,1006,https://xn--80a6adhc.xn--p1ai/catteries/100/640.html,2026-09-09,Supply-side federation register; multi-breed catteries contribute once to each listed breed; no animal/litter counts; undated cards retained; unknown codes omitted
RU-FARUS-CATTERIES-2026-09-09,641,871/ЛP/22 Soft Gold pads,ABY,Abyssinian,VBO:0100000,exact,1,Russia (records with explicit foreign address excluded),active cattery-breed association,FARUS,1006,https://xn--80a6adhc.xn--p1ai/catteries/100/641.html,2026-09-09,Supply-side federation register; multi-breed catteries contribute once to each listed breed; no animal/litter counts; undated cards retained; unknown codes omitted
RU-FARUS-CATTERIES-2026-09-09,641,871/ЛP/22 Soft Gold pads,SCS,Scottish Straight,VBO:0100213,exact,1,Russia (records with explicit foreign address excluded),active cattery-breed association,FARUS,1006,https://xn--80a6adhc.xn--p1ai/catteries/100/641.html,2026-09-09,Supply-side federation register; multi-breed catteries contribute once to each listed breed; no animal/litter counts; undated cards retained; unknown codes omitted
RU-FARUS-CATTERIES-2026-09-09,641,871/ЛP/22 Soft Gold pads,SFS,Scottish Fold,VBO:0100209,exact,1,Russia (records with explicit foreign address excluded),active cattery-breed association,FARUS,1006,https://xn--80a6adhc.xn--p1ai/catteries/100/641.html,2026-09-09,Supply-side federation register; multi-breed catteries contribute once to each listed breed; no animal/litter counts; undated cards retained; unknown codes omitted
RU-FARUS-CATTERIES-2026-09-09,642,884/C-П/22 Golotnik bengal,BEN,Bengal,VBO:0100040,exact,1,Russia (records with explicit foreign address excluded),active cattery-breed association,FARUS,1006,https://xn--80a6adhc.xn--p1ai/catteries/100/642.html,2026-09-09,Supply-side federation register; multi-breed catteries contribute once to each listed breed; no animal/litter counts; undated cards retained; unknown codes omitted
RU-FARUS-CATTERIES-2026-09-09,643,914/C-П/22 ROCOCOT,MCO,Maine Coon,VBO:0100154,exact,1,Russia (records with explicit foreign address excluded),active cattery-breed association,FARUS,1006,https://xn--80a6adhc.xn--p1ai/catteries/100/643.html,2026-09-09,Supply-side federation register; multi-breed catteries contribute once to each listed breed; no animal/litter counts; undated cards retained; unknown codes omitted
RU-FARUS-CATTERIES-2026-09-09,644,918/C-П/22 Okkervil pride,BEN,Bengal,VBO:0100040,exact,1,Russia (records with explicit foreign address excluded),active cattery-breed association,FARUS,1006,https://xn--80a6adhc.xn--p1ai/catteries/100/644.html,2026-09-09,Supply-side federation register; multi-breed catteries contribute once to each listed breed; no animal/litter counts; undated cards retained; unknown codes omitted
RU-FARUS-CATTERIES-2026-09-09,645,919/C-П/22 IRBISGOLD,BRI,British Shorthair,VBO:0100052,exact,1,Russia (records with explicit foreign address excluded),active cattery-breed association,FARUS,1006,https://xn--80a6adhc.xn--p1ai/catteries/100/645.html,2026-09-09,Supply-side federation register; multi-breed catteries contribute once to each listed breed; no animal/litter counts; undated cards retained; unknown codes omitted
RU-FARUS-CATTERIES-2026-09-09,646,920/C-П/22 Velen Muar,BUR,Burmese,VBO:0100053,exact,1,Russia (records with explicit foreign address excluded),active cattery-breed association,FARUS,1006,https://xn--80a6adhc.xn--p1ai/catteries/100/646.html,2026-09-09,Supply-side federation register; multi-breed catteries contribute once to each listed breed; no animal/litter counts; undated cards retained; unknown codes omitted
RU-FARUS-CATTERIES-2026-09-09,649,950/В/23 Yantarnyye glaza,SCS,Scottish Straight,VBO:0100213,exact,1,Russia (records with explicit foreign address excluded),active cattery-breed association,FARUS,1006,https://xn--80a6adhc.xn--p1ai/catteries/100/649.html,2026-09-09,Supply-side federation register; multi-breed catteries contribute once to each listed breed; no animal/litter counts; undated cards retained; unknown codes omitted
RU-FARUS-CATTERIES-2026-09-09,649,950/В/23 Yantarnyye glaza,SFS,Scottish Fold,VBO:0100209,exact,1,Russia (records with explicit foreign address excluded),active cattery-breed association,FARUS,1006,https://xn--80a6adhc.xn--p1ai/catteries/100/649.html,2026-09-09,Supply-side federation register; multi-breed catteries contribute once to each listed breed; no animal/litter counts; undated cards retained; unknown codes omitted
RU-FARUS-CATTERIES-2026-09-09,650,976/C-П/23 Nocturne Queen,KBL,Kurilian Bobtail Longhair,VBO:0100147,exact,1,Russia (records with explicit foreign address excluded),active cattery-breed association,FARUS,1006,https://xn--80a6adhc.xn--p1ai/catteries/100/650.html,2026-09-09,Supply-side federation register; multi-breed catteries contribute once to each listed breed; no animal/litter counts; undated cards retained; unknown codes omitted
RU-FARUS-CATTERIES-2026-09-09,650,976/C-П/23 Nocturne Queen,KBS,Kurilian Bobtail Shorthair,VBO:0100148,exact,1,Russia (records with explicit foreign address excluded),active cattery-breed association,FARUS,1006,https://xn--80a6adhc.xn--p1ai/catteries/100/650.html,2026-09-09,Supply-side federation register; multi-breed catteries contribute once to each listed breed; no animal/litter counts; undated cards retained; unknown codes omitted
RU-FARUS-CATTERIES-2026-09-09,651,977/C-П/23 NAMASTE*RU,ORI,Oriental Shorthair,VBO:0100184,exact,1,Russia (records with explicit foreign address excluded),active cattery-breed association,FARUS,1006,https://xn--80a6adhc.xn--p1ai/catteries/100/651.html,2026-09-09,Supply-side federation register; multi-breed catteries contribute once to each listed breed; no animal/litter counts; undated cards retained; unknown codes omitted
RU-FARUS-CATTERIES-2026-09-09,651,977/C-П/23 NAMASTE*RU,SIA,Siamese,VBO:0100221,exact,1,Russia (records with explicit foreign address excluded),active cattery-breed association,FARUS,1006,https://xn--80a6adhc.xn--p1ai/catteries/100/651.html,2026-09-09,Supply-side federation register; multi-breed catteries contribute once to each listed breed; no animal/litter counts; undated cards retained; unknown codes omitted
RU-FARUS-CATTERIES-2026-09-09,652,978/ЛОВ/23 Snowlrbis,BEN,Bengal,VBO:0100040,exact,1,Russia (records with explicit foreign address excluded),active cattery-breed association,FARUS,1006,https://xn--80a6adhc.xn--p1ai/catteries/100/652.html,2026-09-09,Supply-side federation register; multi-breed catteries contribute once to each listed breed; no animal/litter counts; undated cards retained; unknown codes omitted
RU-FARUS-CATTERIES-2026-09-09,653,979/ВОЧ/23 Happy paw coon,MCO,Maine Coon,VBO:0100154,exact,1,Russia (records with explicit foreign address excluded),active cattery-breed association,FARUS,1006,https://xn--80a6adhc.xn--p1ai/catteries/100/653.html,2026-09-09,Supply-side federation register; multi-breed catteries contribute once to each listed breed; no animal/litter counts; undated cards retained; unknown codes omitted
RU-FARUS-CATTERIES-2026-09-09,653,979/ВОЧ/23 Happy paw coon,MCP,Maine Coon Polydactyl,VBO:0100155,exact,1,Russia (records with explicit foreign address excluded),active cattery-breed association,FARUS,1006,https://xn--80a6adhc.xn--p1ai/catteries/100/653.html,2026-09-09,Supply-side federation register; multi-breed catteries contribute once to each listed breed; no animal/litter counts; undated cards retained; unknown codes omitted
RU-FARUS-CATTERIES-2026-09-09,680,807/KC/21 EasyVictory,ELF,Elf,VBO:0100091,exact,1,Russia (records with explicit foreign address excluded),active cattery-breed association,FARUS,1006,https://xn--80a6adhc.xn--p1ai/catteries/96/680.html,2026-09-09,Supply-side federation register; multi-breed catteries contribute once to each listed breed; no animal/litter counts; undated cards retained; unknown codes omitted
RU-FARUS-CATTERIES-2026-09-09,680,807/KC/21 EasyVictory,SCS,Scottish Straight,VBO:0100213,exact,1,Russia (records with explicit foreign address excluded),active cattery-breed association,FARUS,1006,https://xn--80a6adhc.xn--p1ai/catteries/96/680.html,2026-09-09,Supply-side federation register; multi-breed catteries contribute once to each listed breed; no animal/litter counts; undated cards retained; unknown codes omitted
RU-FARUS-CATTERIES-2026-09-09,680,807/KC/21 EasyVictory,SFS,Scottish Fold,VBO:0100209,exact,1,Russia (records with explicit foreign address excluded),active cattery-breed association,FARUS,1006,https://xn--80a6adhc.xn--p1ai/catteries/96/680.html,2026-09-09,Supply-side federation register; multi-breed catteries contribute once to each listed breed; no animal/litter counts; undated cards retained; unknown codes omitted
RU-FARUS-CATTERIES-2026-09-09,680,807/KC/21 EasyVictory,SPH,Sphynx,VBO:0100230,exact,1,Russia (records with explicit foreign address excluded),active cattery-breed association,FARUS,1006,https://xn--80a6adhc.xn--p1ai/catteries/96/680.html,2026-09-09,Supply-side federation register; multi-breed catteries contribute once to each listed breed; no animal/litter counts; undated cards retained; unknown codes omitted
RU-FARUS-CATTERIES-2026-09-09,689,805/ТC/21 NORTH PRIDE,ABY,Abyssinian,VBO:0100000,exact,1,Russia (records with explicit foreign address excluded),active cattery-breed association,FARUS,1006,https://xn--80a6adhc.xn--p1ai/catteries/112/689.html,2026-09-09,Supply-side federation register; multi-breed catteries contribute once to each listed breed; no animal/litter counts; undated cards retained; unknown codes omitted
RU-FARUS-CATTERIES-2026-09-09,690,806/МОЭ/21 Mirada-Grand,BBN,Bambino,VBO:0100037,exact,1,Russia (records with explicit foreign address excluded),active cattery-breed association,FARUS,1006,https://xn--80a6adhc.xn--p1ai/catteries/112/690.html,2026-09-09,Supply-side federation register; multi-breed catteries contribute once to each listed breed; no animal/litter counts; undated cards retained; unknown codes omitted
RU-FARUS-CATTERIES-2026-09-09,690,806/МОЭ/21 Mirada-Grand,DRX,Devon Rex,VBO:0100084,exact,1,Russia (records with explicit foreign address excluded),active cattery-breed association,FARUS,1006,https://xn--80a6adhc.xn--p1ai/catteries/112/690.html,2026-09-09,Supply-side federation register; multi-breed catteries contribute once to each listed breed; no animal/litter counts; undated cards retained; unknown codes omitted
RU-FARUS-CATTERIES-2026-09-09,690,806/МОЭ/21 Mirada-Grand,DWE,Dwelf,VBO:0100089,exact,1,Russia (records with explicit foreign address excluded),active cattery-breed association,FARUS,1006,https://xn--80a6adhc.xn--p1ai/catteries/112/690.html,2026-09-09,Supply-side federation register; multi-breed catteries contribute once to each listed breed; no animal/litter counts; undated cards retained; unknown codes omitted
RU-FARUS-CATTERIES-2026-09-09,690,806/МОЭ/21 Mirada-Grand,ELF,Elf,VBO:0100091,exact,1,Russia (records with explicit foreign address excluded),active cattery-breed association,FARUS,1006,https://xn--80a6adhc.xn--p1ai/catteries/112/690.html,2026-09-09,Supply-side federation register; multi-breed catteries contribute once to each listed breed; no animal/litter counts; undated cards retained; unknown codes omitted
RU-FARUS-CATTERIES-2026-09-09,690,806/МОЭ/21 Mirada-Grand,SPH,Sphynx,VBO:0100230,exact,1,Russia (records with explicit foreign address excluded),active cattery-breed association,FARUS,1006,https://xn--80a6adhc.xn--p1ai/catteries/112/690.html,2026-09-09,Supply-side federation register; multi-breed catteries contribute once to each listed breed; no animal/litter counts; undated cards retained; unknown codes omitted
RU-FARUS-CATTERIES-2026-09-09,691,848/Т/22 Abysiberia,ABY,Abyssinian,VBO:0100000,exact,1,Russia (records with explicit foreign address excluded),active cattery-breed association,FARUS,1006,https://xn--80a6adhc.xn--p1ai/catteries/112/691.html,2026-09-09,Supply-side federation register; multi-breed catteries contribute once to each listed breed; no animal/litter counts; undated cards retained; unknown codes omitted
RU-FARUS-CATTERIES-2026-09-09,692,849/МОХ/22 ORI-FRO,ORI,Oriental Shorthair,VBO:0100184,exact,1,Russia (records with explicit foreign address excluded),active cattery-breed association,FARUS,1006,https://xn--80a6adhc.xn--p1ai/catteries/112/692.html,2026-09-09,Supply-side federation register; multi-breed catteries contribute once to each listed breed; no animal/litter counts; undated cards retained; unknown codes omitted
RU-FARUS-CATTERIES-2026-09-09,692,849/МОХ/22 ORI-FRO,SIA,Siamese,VBO:0100221,exact,1,Russia (records with explicit foreign address excluded),active cattery-breed association,FARUS,1006,https://xn--80a6adhc.xn--p1ai/catteries/112/692.html,2026-09-09,Supply-side federation register; multi-breed catteries contribute once to each listed breed; no animal/litter counts; undated cards retained; unknown codes omitted
RU-FARUS-CATTERIES-2026-09-09,694,820/МОИ/21 Enigmala Coon,MCO,Maine Coon,VBO:0100154,exact,1,Russia (records with explicit foreign address excluded),active cattery-breed association,FARUS,1006,https://xn--80a6adhc.xn--p1ai/catteries/110/694.html,2026-09-09,Supply-side federation register; multi-breed catteries contribute once to each listed breed; no animal/litter counts; undated cards retained; unknown codes omitted
RU-FARUS-CATTERIES-2026-09-09,695,821/ЧА/21 ARDEGEL,BUR,Burmese,VBO:0100053,exact,1,Russia (records with explicit foreign address excluded),active cattery-breed association,FARUS,1006,https://xn--80a6adhc.xn--p1ai/catteries/110/695.html,2026-09-09,Supply-side federation register; multi-breed catteries contribute once to each listed breed; no animal/litter counts; undated cards retained; unknown codes omitted
RU-FARUS-CATTERIES-2026-09-09,696,822/БЧ-K/21 IREMEL STAR,CRX,Cornish Rex,VBO:0100077,exact,1,Russia (records with explicit foreign address excluded),active cattery-breed association,FARUS,1006,https://xn--80a6adhc.xn--p1ai/catteries/110/696.html,2026-09-09,Supply-side federation register; multi-breed catteries contribute once to each listed breed; no animal/litter counts; undated cards retained; unknown codes omitted
RU-FARUS-CATTERIES-2026-09-09,696,822/БЧ-K/21 IREMEL STAR,RUS,Russian Blue,VBO:0100200,exact,1,Russia (records with explicit foreign address excluded),active cattery-breed association,FARUS,1006,https://xn--80a6adhc.xn--p1ai/catteries/110/696.html,2026-09-09,Supply-side federation register; multi-breed catteries contribute once to each listed breed; no animal/litter counts; undated cards retained; unknown codes omitted
RU-FARUS-CATTERIES-2026-09-09,696,822/БЧ-K/21 IREMEL STAR,ULV,Ukrainian Levkoy,VBO:0100252,exact,1,Russia (records with explicit foreign address excluded),active cattery-breed association,FARUS,1006,https://xn--80a6adhc.xn--p1ai/catteries/110/696.html,2026-09-09,Supply-side federation register; multi-breed catteries contribute once to each listed breed; no animal/litter counts; undated cards retained; unknown codes omitted
RU-FARUS-CATTERIES-2026-09-09,697,823/МОC/21 SAPPHIRE FLOWER,MCO,Maine Coon,VBO:0100154,exact,1,Russia (records with explicit foreign address excluded),active cattery-breed association,FARUS,1006,https://xn--80a6adhc.xn--p1ai/catteries/110/697.html,2026-09-09,Supply-side federation register; multi-breed catteries contribute once to each listed breed; no animal/litter counts; undated cards retained; unknown codes omitted
RU-FARUS-CATTERIES-2026-09-09,702,830/Ч/21 VILCHI LINE,BUR,Burmese,VBO:0100053,exact,1,Russia (records with explicit foreign address excluded),active cattery-breed association,FARUS,1006,https://xn--80a6adhc.xn--p1ai/catteries/110/702.html,2026-09-09,Supply-side federation register; multi-breed catteries contribute once to each listed breed; no animal/litter counts; undated cards retained; unknown codes omitted
RU-FARUS-CATTERIES-2026-09-09,703,831/Ч/21 K&C,ABY,Abyssinian,VBO:0100000,exact,1,Russia (records with explicit foreign address excluded),active cattery-breed association,FARUS,1006,https://xn--80a6adhc.xn--p1ai/catteries/110/703.html,2026-09-09,Supply-side federation register; multi-breed catteries contribute once to each listed breed; no animal/litter counts; undated cards retained; unknown codes omitted
RU-FARUS-CATTERIES-2026-09-09,703,831/Ч/21 K&C,BEN,Bengal,VBO:0100040,exact,1,Russia (records with explicit foreign address excluded),active cattery-breed association,FARUS,1006,https://xn--80a6adhc.xn--p1ai/catteries/110/703.html,2026-09-09,Supply-side federation register; multi-breed catteries contribute once to each listed breed; no animal/litter counts; undated cards retained; unknown codes omitted
RU-FARUS-CATTERIES-2026-09-09,703,831/Ч/21 K&C,CHS,Chausie,VBO:0100068,exact,1,Russia (records with explicit foreign address excluded),active cattery-breed association,FARUS,1006,https://xn--80a6adhc.xn--p1ai/catteries/110/703.html,2026-09-09,Supply-side federation register; multi-breed catteries contribute once to each listed breed; no animal/litter counts; undated cards retained; unknown codes omitted
RU-FARUS-CATTERIES-2026-09-09,704,832/МОТ/21 Angelic Heart,ABY,Abyssinian,VBO:0100000,exact,1,Russia (records with explicit foreign address excluded),active cattery-breed association,FARUS,1006,https://xn--80a6adhc.xn--p1ai/catteries/110/704.html,2026-09-09,Supply-side federation register; multi-breed catteries contribute once to each listed breed; no animal/litter counts; undated cards retained; unknown codes omitted
RU-FARUS-CATTERIES-2026-09-09,706,873/Ек/22 SHELLEY`S CATS,DWF,Dwelf,VBO:0100089,exact,1,Russia (records with explicit foreign address excluded),active cattery-breed association,FARUS,1006,https://xn--80a6adhc.xn--p1ai/catteries/110/706.html,2026-09-09,Supply-side federation register; multi-breed catteries contribute once to each listed breed; no animal/litter counts; undated cards retained; unknown codes omitted
RU-FARUS-CATTERIES-2026-09-09,706,873/Ек/22 SHELLEY`S CATS,ELF,Elf,VBO:0100091,exact,1,Russia (records with explicit foreign address excluded),active cattery-breed association,FARUS,1006,https://xn--80a6adhc.xn--p1ai/catteries/110/706.html,2026-09-09,Supply-side federation register; multi-breed catteries contribute once to each listed breed; no animal/litter counts; undated cards retained; unknown codes omitted
RU-FARUS-CATTERIES-2026-09-09,706,873/Ек/22 SHELLEY`S CATS,SPH,Sphynx,VBO:0100230,exact,1,Russia (records with explicit foreign address excluded),active cattery-breed association,FARUS,1006,https://xn--80a6adhc.xn--p1ai/catteries/110/706.html,2026-09-09,Supply-side federation register; multi-breed catteries contribute once to each listed breed; no animal/litter counts; undated cards retained; unknown codes omitted
RU-FARUS-CATTERIES-2026-09-09,706,873/Ек/22 SHELLEY`S CATS,ULV,Ukrainian Levkoy,VBO:0100252,exact,1,Russia (records with explicit foreign address excluded),active cattery-breed association,FARUS,1006,https://xn--80a6adhc.xn--p1ai/catteries/110/706.html,2026-09-09,Supply-side federation register; multi-breed catteries contribute once to each listed breed; no animal/litter counts; undated cards retained; unknown codes omitted
RU-FARUS-CATTERIES-2026-09-09,707,874/CвK /22 MONIDGI,BBN,Bambino,VBO:0100037,exact,1,Russia (records with explicit foreign address excluded),active cattery-breed association,FARUS,1006,https://xn--80a6adhc.xn--p1ai/catteries/110/707.html,2026-09-09,Supply-side federation register; multi-breed catteries contribute once to each listed breed; no animal/litter counts; undated cards retained; unknown codes omitted
RU-FARUS-CATTERIES-2026-09-09,707,874/CвK /22 MONIDGI,DWF,Dwelf,VBO:0100089,exact,1,Russia (records with explicit foreign address excluded),active cattery-breed association,FARUS,1006,https://xn--80a6adhc.xn--p1ai/catteries/110/707.html,2026-09-09,Supply-side federation register; multi-breed catteries contribute once to each listed breed; no animal/litter counts; undated cards retained; unknown codes omitted
RU-FARUS-CATTERIES-2026-09-09,707,874/CвK /22 MONIDGI,ELF,Elf,VBO:0100091,exact,1,Russia (records with explicit foreign address excluded),active cattery-breed association,FARUS,1006,https://xn--80a6adhc.xn--p1ai/catteries/110/707.html,2026-09-09,Supply-side federation register; multi-breed catteries contribute once to each listed breed; no animal/litter counts; undated cards retained; unknown codes omitted
RU-FARUS-CATTERIES-2026-09-09,707,874/CвK /22 MONIDGI,EXO,Exotic Shorthair,VBO:0100096,exact,1,Russia (records with explicit foreign address excluded),active cattery-breed association,FARUS,1006,https://xn--80a6adhc.xn--p1ai/catteries/110/707.html,2026-09-09,Supply-side federation register; multi-breed catteries contribute once to each listed breed; no animal/litter counts; undated cards retained; unknown codes omitted
RU-FARUS-CATTERIES-2026-09-09,707,874/CвK /22 MONIDGI,MIL,Minuet Longhair,VBO:0100164,exact,1,Russia (records with explicit foreign address excluded),active cattery-breed association,FARUS,1006,https://xn--80a6adhc.xn--p1ai/catteries/110/707.html,2026-09-09,Supply-side federation register; multi-breed catteries contribute once to each listed breed; no animal/litter counts; undated cards retained; unknown codes omitted
RU-FARUS-CATTERIES-2026-09-09,707,874/CвK /22 MONIDGI,MIS,Minuet,VBO:0100163,exact,1,Russia (records with explicit foreign address excluded),active cattery-breed association,FARUS,1006,https://xn--80a6adhc.xn--p1ai/catteries/110/707.html,2026-09-09,Supply-side federation register; multi-breed catteries contribute once to each listed breed; no animal/litter counts; undated cards retained; unknown codes omitted
RU-FARUS-CATTERIES-2026-09-09,707,874/CвK /22 MONIDGI,MNL,Munchkin Longhair,VBO:0100170,exact,1,Russia (records with explicit foreign address excluded),active cattery-breed association,FARUS,1006,https://xn--80a6adhc.xn--p1ai/catteries/110/707.html,2026-09-09,Supply-side federation register; multi-breed catteries contribute once to each listed breed; no animal/litter counts; undated cards retained; unknown codes omitted
RU-FARUS-CATTERIES-2026-09-09,707,874/CвK /22 MONIDGI,MNS,"Munchkin (Munchk), Short-Haired",VBO:0100303,exact,1,Russia (records with explicit foreign address excluded),active cattery-breed association,FARUS,1006,https://xn--80a6adhc.xn--p1ai/catteries/110/707.html,2026-09-09,Supply-side federation register; multi-breed catteries contribute once to each listed breed; no animal/litter counts; undated cards retained; unknown codes omitted
RU-FARUS-CATTERIES-2026-09-09,707,874/CвK /22 MONIDGI,SPH,Sphynx,VBO:0100230,exact,1,Russia (records with explicit foreign address excluded),active cattery-breed association,FARUS,1006,https://xn--80a6adhc.xn--p1ai/catteries/110/707.html,2026-09-09,Supply-side federation register; multi-breed catteries contribute once to each listed breed; no animal/litter counts; undated cards retained; unknown codes omitted
RU-FARUS-CATTERIES-2026-09-09,707,874/CвK /22 MONIDGI,SPL,,,unresolved,1,Russia (records with explicit foreign address excluded),active cattery-breed association,FARUS,1006,https://xn--80a6adhc.xn--p1ai/catteries/110/707.html,2026-09-09,Supply-side federation register; multi-breed catteries contribute once to each listed breed; no animal/litter counts; undated cards retained; unknown codes omitted
RU-FARUS-CATTERIES-2026-09-09,707,874/CвK /22 MONIDGI,SRS,Selkirk Rex Shorthair,VBO:0100217,exact,1,Russia (records with explicit foreign address excluded),active cattery-breed association,FARUS,1006,https://xn--80a6adhc.xn--p1ai/catteries/110/707.html,2026-09-09,Supply-side federation register; multi-breed catteries contribute once to each listed breed; no animal/litter counts; undated cards retained; unknown codes omitted
RU-FARUS-CATTERIES-2026-09-09,710,889/УC/22 ALDEVIS,BUR,Burmese,VBO:0100053,exact,1,Russia (records with explicit foreign address excluded),active cattery-breed association,FARUS,1006,https://xn--80a6adhc.xn--p1ai/catteries/110/710.html,2026-09-09,Supply-side federation register; multi-breed catteries contribute once to each listed breed; no animal/litter counts; undated cards retained; unknown codes omitted
RU-FARUS-CATTERIES-2026-09-09,712,833/ р-/21 Charm miracle,MCO,Maine Coon,VBO:0100154,exact,1,Russia (records with explicit foreign address excluded),active cattery-breed association,FARUS,1006,https://xn--80a6adhc.xn--p1ai/catteries/109/712.html,2026-09-09,Supply-side federation register; multi-breed catteries contribute once to each listed breed; no animal/litter counts; undated cards retained; unknown codes omitted
RU-FARUS-CATTERIES-2026-09-09,713,866/Kр/22 YUSHERUS,BEN,Bengal,VBO:0100040,exact,1,Russia (records with explicit foreign address excluded),active cattery-breed association,FARUS,1006,https://xn--80a6adhc.xn--p1ai/catteries/109/713.html,2026-09-09,Supply-side federation register; multi-breed catteries contribute once to each listed breed; no animal/litter counts; undated cards retained; unknown codes omitted
RU-FARUS-CATTERIES-2026-09-09,716,865/KБ/22 KUNTAWR,MCO,Maine Coon,VBO:0100154,exact,1,Russia (records with explicit foreign address excluded),active cattery-breed association,FARUS,1006,https://xn--80a6adhc.xn--p1ai/catteries/96/716.html,2026-09-09,Supply-side federation register; multi-breed catteries contribute once to each listed breed; no animal/litter counts; undated cards retained; unknown codes omitted
RU-FARUS-CATTERIES-2026-09-09,717,922/KC/22 Grazie ori,ORI,Oriental Shorthair,VBO:0100184,exact,1,Russia (records with explicit foreign address excluded),active cattery-breed association,FARUS,1006,https://xn--80a6adhc.xn--p1ai/catteries/96/717.html,2026-09-09,Supply-side federation register; multi-breed catteries contribute once to each listed breed; no animal/litter counts; undated cards retained; unknown codes omitted
RU-FARUS-CATTERIES-2026-09-09,718,891/МОВ/22 ALVIK COLD,BBN,Bambino,VBO:0100037,exact,1,Russia (records with explicit foreign address excluded),active cattery-breed association,FARUS,1006,https://xn--80a6adhc.xn--p1ai/catteries/112/718.html,2026-09-09,Supply-side federation register; multi-breed catteries contribute once to each listed breed; no animal/litter counts; undated cards retained; unknown codes omitted
RU-FARUS-CATTERIES-2026-09-09,718,891/МОВ/22 ALVIK COLD,BBS,,,unresolved,1,Russia (records with explicit foreign address excluded),active cattery-breed association,FARUS,1006,https://xn--80a6adhc.xn--p1ai/catteries/112/718.html,2026-09-09,Supply-side federation register; multi-breed catteries contribute once to each listed breed; no animal/litter counts; undated cards retained; unknown codes omitted
RU-FARUS-CATTERIES-2026-09-09,718,891/МОВ/22 ALVIK COLD,DWF,Dwelf,VBO:0100089,exact,1,Russia (records with explicit foreign address excluded),active cattery-breed association,FARUS,1006,https://xn--80a6adhc.xn--p1ai/catteries/112/718.html,2026-09-09,Supply-side federation register; multi-breed catteries contribute once to each listed breed; no animal/litter counts; undated cards retained; unknown codes omitted
RU-FARUS-CATTERIES-2026-09-09,718,891/МОВ/22 ALVIK COLD,ELF,Elf,VBO:0100091,exact,1,Russia (records with explicit foreign address excluded),active cattery-breed association,FARUS,1006,https://xn--80a6adhc.xn--p1ai/catteries/112/718.html,2026-09-09,Supply-side federation register; multi-breed catteries contribute once to each listed breed; no animal/litter counts; undated cards retained; unknown codes omitted
RU-FARUS-CATTERIES-2026-09-09,719,893/Ом/22 Laskovii meow,ORI,Oriental Shorthair,VBO:0100184,exact,1,Russia (records with explicit foreign address excluded),active cattery-breed association,FARUS,1006,https://xn--80a6adhc.xn--p1ai/catteries/107/719.html,2026-09-09,Supply-side federation register; multi-breed catteries contribute once to each listed breed; no animal/litter counts; undated cards retained; unknown codes omitted
RU-FARUS-CATTERIES-2026-09-09,719,893/Ом/22 Laskovii meow,SIA,Siamese,VBO:0100221,exact,1,Russia (records with explicit foreign address excluded),active cattery-breed association,FARUS,1006,https://xn--80a6adhc.xn--p1ai/catteries/107/719.html,2026-09-09,Supply-side federation register; multi-breed catteries contribute once to each listed breed; no animal/litter counts; undated cards retained; unknown codes omitted
RU-FARUS-CATTERIES-2026-09-09,720,908/Ор/22 My Pompom / Мой Помпон,KBL,Kurilian Bobtail Longhair,VBO:0100147,exact,1,Russia (records with explicit foreign address excluded),active cattery-breed association,FARUS,1006,https://xn--80a6adhc.xn--p1ai/catteries/97/720.html,2026-09-09,Supply-side federation register; multi-breed catteries contribute once to each listed breed; no animal/litter counts; undated cards retained; unknown codes omitted
RU-FARUS-CATTERIES-2026-09-09,721,909/Ор/22 Brigold Cats,BRI,British Shorthair,VBO:0100052,exact,1,Russia (records with explicit foreign address excluded),active cattery-breed association,FARUS,1006,https://xn--80a6adhc.xn--p1ai/catteries/97/721.html,2026-09-09,Supply-side federation register; multi-breed catteries contribute once to each listed breed; no animal/litter counts; undated cards retained; unknown codes omitted
RU-FARUS-CATTERIES-2026-09-09,722,910/Ор/22 Jessie Gold / Джесси Голд,SCS,Scottish Straight,VBO:0100213,exact,1,Russia (records with explicit foreign address excluded),active cattery-breed association,FARUS,1006,https://xn--80a6adhc.xn--p1ai/catteries/97/722.html,2026-09-09,Supply-side federation register; multi-breed catteries contribute once to each listed breed; no animal/litter counts; undated cards retained; unknown codes omitted
RU-FARUS-CATTERIES-2026-09-09,722,910/Ор/22 Jessie Gold / Джесси Голд,SFS,Scottish Fold,VBO:0100209,exact,1,Russia (records with explicit foreign address excluded),active cattery-breed association,FARUS,1006,https://xn--80a6adhc.xn--p1ai/catteries/97/722.html,2026-09-09,Supply-side federation register; multi-breed catteries contribute once to each listed breed; no animal/litter counts; undated cards retained; unknown codes omitted
RU-FARUS-CATTERIES-2026-09-09,723,911/Ор/22 MCO DolceCun / МCО Дольче Kун,MCO,Maine Coon,VBO:0100154,exact,1,Russia (records with explicit foreign address excluded),active cattery-breed association,FARUS,1006,https://xn--80a6adhc.xn--p1ai/catteries/97/723.html,2026-09-09,Supply-side federation register; multi-breed catteries contribute once to each listed breed; no animal/litter counts; undated cards retained; unknown codes omitted
RU-FARUS-CATTERIES-2026-09-09,724,912/Ор/22 KBSputnik Veles,KBL,Kurilian Bobtail Longhair,VBO:0100147,exact,1,Russia (records with explicit foreign address excluded),active cattery-breed association,FARUS,1006,https://xn--80a6adhc.xn--p1ai/catteries/97/724.html,2026-09-09,Supply-side federation register; multi-breed catteries contribute once to each listed breed; no animal/litter counts; undated cards retained; unknown codes omitted
RU-FARUS-CATTERIES-2026-09-09,724,912/Ор/22 KBSputnik Veles,KBS,Kurilian Bobtail Shorthair,VBO:0100148,exact,1,Russia (records with explicit foreign address excluded),active cattery-breed association,FARUS,1006,https://xn--80a6adhc.xn--p1ai/catteries/97/724.html,2026-09-09,Supply-side federation register; multi-breed catteries contribute once to each listed breed; no animal/litter counts; undated cards retained; unknown codes omitted
RU-FARUS-CATTERIES-2026-09-09,725,913/ОрУф/22 VIPBlis Elf / ВИП Блис Эльф,ELF,Elf,VBO:0100091,exact,1,Russia (records with explicit foreign address excluded),active cattery-breed association,FARUS,1006,https://xn--80a6adhc.xn--p1ai/catteries/97/725.html,2026-09-09,Supply-side federation register; multi-breed catteries contribute once to each listed breed; no animal/litter counts; undated cards retained; unknown codes omitted
RU-FARUS-CATTERIES-2026-09-09,725,913/ОрУф/22 VIPBlis Elf / ВИП Блис Эльф,SPH,Sphynx,VBO:0100230,exact,1,Russia (records with explicit foreign address excluded),active cattery-breed association,FARUS,1006,https://xn--80a6adhc.xn--p1ai/catteries/97/725.html,2026-09-09,Supply-side federation register; multi-breed catteries contribute once to each listed breed; no animal/litter counts; undated cards retained; unknown codes omitted
RU-FARUS-CATTERIES-2026-09-09,726,923/ОрН/22 EleonorABY,ABY,Abyssinian,VBO:0100000,exact,1,Russia (records with explicit foreign address excluded),active cattery-breed association,FARUS,1006,https://xn--80a6adhc.xn--p1ai/catteries/97/726.html,2026-09-09,Supply-side federation register; multi-breed catteries contribute once to each listed breed; no animal/litter counts; undated cards retained; unknown codes omitted
RU-FARUS-CATTERIES-2026-09-09,727,924/ОрБП/22 Iz Doma Elfov (Из Дома Эльфов),BEN,Bengal,VBO:0100040,exact,1,Russia (records with explicit foreign address excluded),active cattery-breed association,FARUS,1006,https://xn--80a6adhc.xn--p1ai/catteries/97/727.html,2026-09-09,Supply-side federation register; multi-breed catteries contribute once to each listed breed; no animal/litter counts; undated cards retained; unknown codes omitted
RU-FARUS-CATTERIES-2026-09-09,727,924/ОрБП/22 Iz Doma Elfov (Из Дома Эльфов),DWF,Dwelf,VBO:0100089,exact,1,Russia (records with explicit foreign address excluded),active cattery-breed association,FARUS,1006,https://xn--80a6adhc.xn--p1ai/catteries/97/727.html,2026-09-09,Supply-side federation register; multi-breed catteries contribute once to each listed breed; no animal/litter counts; undated cards retained; unknown codes omitted
RU-FARUS-CATTERIES-2026-09-09,727,924/ОрБП/22 Iz Doma Elfov (Из Дома Эльфов),ELF,Elf,VBO:0100091,exact,1,Russia (records with explicit foreign address excluded),active cattery-breed association,FARUS,1006,https://xn--80a6adhc.xn--p1ai/catteries/97/727.html,2026-09-09,Supply-side federation register; multi-breed catteries contribute once to each listed breed; no animal/litter counts; undated cards retained; unknown codes omitted
RU-FARUS-CATTERIES-2026-09-09,728,925/Ор/22 NordCat*Orel (Норд кэт*Орел),NFO,Norwegian Forest Cat,VBO:0100178,exact,1,Russia (records with explicit foreign address excluded),active cattery-breed association,FARUS,1006,https://xn--80a6adhc.xn--p1ai/catteries/97/728.html,2026-09-09,Supply-side federation register; multi-breed catteries contribute once to each listed breed; no animal/litter counts; undated cards retained; unknown codes omitted
RU-FARUS-CATTERIES-2026-09-09,729,926/Ор/22 Orket Andreevs (Оркэт Андреевых),ABY,Abyssinian,VBO:0100000,exact,1,Russia (records with explicit foreign address excluded),active cattery-breed association,FARUS,1006,https://xn--80a6adhc.xn--p1ai/catteries/97/729.html,2026-09-09,Supply-side federation register; multi-breed catteries contribute once to each listed breed; no animal/litter counts; undated cards retained; unknown codes omitted
RU-FARUS-CATTERIES-2026-09-09,729,926/Ор/22 Orket Andreevs (Оркэт Андреевых),BEN,Bengal,VBO:0100040,exact,1,Russia (records with explicit foreign address excluded),active cattery-breed association,FARUS,1006,https://xn--80a6adhc.xn--p1ai/catteries/97/729.html,2026-09-09,Supply-side federation register; multi-breed catteries contribute once to each listed breed; no animal/litter counts; undated cards retained; unknown codes omitted
RU-FARUS-CATTERIES-2026-09-09,730,927/Ор/22 Mjagkie Lapki (Мягкие Лапки),ABY,Abyssinian,VBO:0100000,exact,1,Russia (records with explicit foreign address excluded),active cattery-breed association,FARUS,1006,https://xn--80a6adhc.xn--p1ai/catteries/97/730.html,2026-09-09,Supply-side federation register; multi-breed catteries contribute once to each listed breed; no animal/litter counts; undated cards retained; unknown codes omitted
RU-FARUS-CATTERIES-2026-09-09,732,933/ОрОв/22 DSAKunashirOrel /ДCАKунаширОрел,KBL,Kurilian Bobtail Longhair,VBO:0100147,exact,1,Russia (records with explicit foreign address excluded),active cattery-breed association,FARUS,1006,https://xn--80a6adhc.xn--p1ai/catteries/97/732.html,2026-09-09,Supply-side federation register; multi-breed catteries contribute once to each listed breed; no animal/litter counts; undated cards retained; unknown codes omitted
RU-FARUS-CATTERIES-2026-09-09,732,933/ОрОв/22 DSAKunashirOrel /ДCАKунаширОрел,KBS,Kurilian Bobtail Shorthair,VBO:0100148,exact,1,Russia (records with explicit foreign address excluded),active cattery-breed association,FARUS,1006,https://xn--80a6adhc.xn--p1ai/catteries/97/732.html,2026-09-09,Supply-side federation register; multi-breed catteries contribute once to each listed breed; no animal/litter counts; undated cards retained; unknown codes omitted
RU-FARUS-CATTERIES-2026-09-09,733,934/Ор/22 Orel kurbobob/ Орёл Kурбобоб,KBL,Kurilian Bobtail Longhair,VBO:0100147,exact,1,Russia (records with explicit foreign address excluded),active cattery-breed association,FARUS,1006,https://xn--80a6adhc.xn--p1ai/catteries/97/733.html,2026-09-09,Supply-side federation register; multi-breed catteries contribute once to each listed breed; no animal/litter counts; undated cards retained; unknown codes omitted
RU-FARUS-CATTERIES-2026-09-09,733,934/Ор/22 Orel kurbobob/ Орёл Kурбобоб,KBS,Kurilian Bobtail Shorthair,VBO:0100148,exact,1,Russia (records with explicit foreign address excluded),active cattery-breed association,FARUS,1006,https://xn--80a6adhc.xn--p1ai/catteries/97/733.html,2026-09-09,Supply-side federation register; multi-breed catteries contribute once to each listed breed; no animal/litter counts; undated cards retained; unknown codes omitted
RU-FARUS-CATTERIES-2026-09-09,734,935/ОрБр/22 BURSILK / БУPCИЛK,BUR,Burmese,VBO:0100053,exact,1,Russia (records with explicit foreign address excluded),active cattery-breed association,FARUS,1006,https://xn--80a6adhc.xn--p1ai/catteries/97/734.html,2026-09-09,Supply-side federation register; multi-breed catteries contribute once to each listed breed; no animal/litter counts; undated cards retained; unknown codes omitted
RU-FARUS-CATTERIES-2026-09-09,735,936/Ор/22 Orel Bobkur /Орел Бобкур,KBL,Kurilian Bobtail Longhair,VBO:0100147,exact,1,Russia (records with explicit foreign address excluded),active cattery-breed association,FARUS,1006,https://xn--80a6adhc.xn--p1ai/catteries/97/735.html,2026-09-09,Supply-side federation register; multi-breed catteries contribute once to each listed breed; no animal/litter counts; undated cards retained; unknown codes omitted
RU-FARUS-CATTERIES-2026-09-09,735,936/Ор/22 Orel Bobkur /Орел Бобкур,KBS,Kurilian Bobtail Shorthair,VBO:0100148,exact,1,Russia (records with explicit foreign address excluded),active cattery-breed association,FARUS,1006,https://xn--80a6adhc.xn--p1ai/catteries/97/735.html,2026-09-09,Supply-side federation register; multi-breed catteries contribute once to each listed breed; no animal/litter counts; undated cards retained; unknown codes omitted
RU-FARUS-CATTERIES-2026-09-09,736,959/ОрБрC/23 ELF OREL,ELF,Elf,VBO:0100091,exact,1,Russia (records with explicit foreign address excluded),active cattery-breed association,FARUS,1006,https://xn--80a6adhc.xn--p1ai/catteries/97/736.html,2026-09-09,Supply-side federation register; multi-breed catteries contribute once to each listed breed; no animal/litter counts; undated cards retained; unknown codes omitted
RU-FARUS-CATTERIES-2026-09-09,737,960/ОрKЖ/23 MCOKardinal Orel,MCO,Maine Coon,VBO:0100154,exact,1,Russia (records with explicit foreign address excluded),active cattery-breed association,FARUS,1006,https://xn--80a6adhc.xn--p1ai/catteries/97/737.html,2026-09-09,Supply-side federation register; multi-breed catteries contribute once to each listed breed; no animal/litter counts; undated cards retained; unknown codes omitted
RU-FARUS-CATTERIES-2026-09-09,738,961/ОрВ/23 BUR BLESKMURRR,BUR,Burmese,VBO:0100053,exact,1,Russia (records with explicit foreign address excluded),active cattery-breed association,FARUS,1006,https://xn--80a6adhc.xn--p1ai/catteries/97/738.html,2026-09-09,Supply-side federation register; multi-breed catteries contribute once to each listed breed; no animal/litter counts; undated cards retained; unknown codes omitted
RU-FARUS-CATTERIES-2026-09-09,739,962/ОрВ/23 ABYKISSS,ABY,Abyssinian,VBO:0100000,exact,1,Russia (records with explicit foreign address excluded),active cattery-breed association,FARUS,1006,https://xn--80a6adhc.xn--p1ai/catteries/97/739.html,2026-09-09,Supply-side federation register; multi-breed catteries contribute once to each listed breed; no animal/litter counts; undated cards retained; unknown codes omitted
RU-FARUS-CATTERIES-2026-09-09,740,974/Ор/23 Agnes/Агнес,BEN,Bengal,VBO:0100040,exact,1,Russia (records with explicit foreign address excluded),active cattery-breed association,FARUS,1006,https://xn--80a6adhc.xn--p1ai/catteries/97/740.html,2026-09-09,Supply-side federation register; multi-breed catteries contribute once to each listed breed; no animal/litter counts; undated cards retained; unknown codes omitted
RU-FARUS-CATTERIES-2026-09-09,740,974/Ор/23 Agnes/Агнес,BRI,British Shorthair,VBO:0100052,exact,1,Russia (records with explicit foreign address excluded),active cattery-breed association,FARUS,1006,https://xn--80a6adhc.xn--p1ai/catteries/97/740.html,2026-09-09,Supply-side federation register; multi-breed catteries contribute once to each listed breed; no animal/litter counts; undated cards retained; unknown codes omitted
RU-FARUS-CATTERIES-2026-09-09,741,975/Ор/23 Zvezdny Cat-Orel/ Звездный Kот-Орел,BEN,Bengal,VBO:0100040,exact,1,Russia (records with explicit foreign address excluded),active cattery-breed association,FARUS,1006,https://xn--80a6adhc.xn--p1ai/catteries/97/741.html,2026-09-09,Supply-side federation register; multi-breed catteries contribute once to each listed breed; no animal/litter counts; undated cards retained; unknown codes omitted
RU-FARUS-CATTERIES-2026-09-09,741,975/Ор/23 Zvezdny Cat-Orel/ Звездный Kот-Орел,BRI,British Shorthair,VBO:0100052,exact,1,Russia (records with explicit foreign address excluded),active cattery-breed association,FARUS,1006,https://xn--80a6adhc.xn--p1ai/catteries/97/741.html,2026-09-09,Supply-side federation register; multi-breed catteries contribute once to each listed breed; no animal/litter counts; undated cards retained; unknown codes omitted
RU-FARUS-CATTERIES-2026-09-09,742,906/C-П/22 Solar Side,ABY,Abyssinian,VBO:0100000,exact,1,Russia (records with explicit foreign address excluded),active cattery-breed association,FARUS,1006,https://xn--80a6adhc.xn--p1ai/catteries/115/742.html,2026-09-09,Supply-side federation register; multi-breed catteries contribute once to each listed breed; no animal/litter counts; undated cards retained; unknown codes omitted
RU-FARUS-CATTERIES-2026-09-09,742,906/C-П/22 Solar Side,BUR,Burmese,VBO:0100053,exact,1,Russia (records with explicit foreign address excluded),active cattery-breed association,FARUS,1006,https://xn--80a6adhc.xn--p1ai/catteries/115/742.html,2026-09-09,Supply-side federation register; multi-breed catteries contribute once to each listed breed; no animal/litter counts; undated cards retained; unknown codes omitted
RU-FARUS-CATTERIES-2026-09-09,742,906/C-П/22 Solar Side,SOM,Somali,VBO:0100229,exact,1,Russia (records with explicit foreign address excluded),active cattery-breed association,FARUS,1006,https://xn--80a6adhc.xn--p1ai/catteries/115/742.html,2026-09-09,Supply-side federation register; multi-breed catteries contribute once to each listed breed; no animal/litter counts; undated cards retained; unknown codes omitted
RU-FARUS-CATTERIES-2026-09-09,743,907/C-П/22 Cat`s Fortuna,ABY,Abyssinian,VBO:0100000,exact,1,Russia (records with explicit foreign address excluded),active cattery-breed association,FARUS,1006,https://xn--80a6adhc.xn--p1ai/catteries/115/743.html,2026-09-09,Supply-side federation register; multi-breed catteries contribute once to each listed breed; no animal/litter counts; undated cards retained; unknown codes omitted
RU-FARUS-CATTERIES-2026-09-09,743,907/C-П/22 Cat`s Fortuna,ORI,Oriental Shorthair,VBO:0100184,exact,1,Russia (records with explicit foreign address excluded),active cattery-breed association,FARUS,1006,https://xn--80a6adhc.xn--p1ai/catteries/115/743.html,2026-09-09,Supply-side federation register; multi-breed catteries contribute once to each listed breed; no animal/litter counts; undated cards retained; unknown codes omitted
RU-FARUS-CATTERIES-2026-09-09,743,907/C-П/22 Cat`s Fortuna,RAG,Ragdoll,VBO:0100196,exact,1,Russia (records with explicit foreign address excluded),active cattery-breed association,FARUS,1006,https://xn--80a6adhc.xn--p1ai/catteries/115/743.html,2026-09-09,Supply-side federation register; multi-breed catteries contribute once to each listed breed; no animal/litter counts; undated cards retained; unknown codes omitted
RU-FARUS-CATTERIES-2026-09-09,743,907/C-П/22 Cat`s Fortuna,SOM,Somali,VBO:0100229,exact,1,Russia (records with explicit foreign address excluded),active cattery-breed association,FARUS,1006,https://xn--80a6adhc.xn--p1ai/catteries/115/743.html,2026-09-09,Supply-side federation register; multi-breed catteries contribute once to each listed breed; no animal/litter counts; undated cards retained; unknown codes omitted
RU-FARUS-CATTERIES-2026-09-09,743,907/C-П/22 Cat`s Fortuna,THA,Thai,VBO:0100235,exact,1,Russia (records with explicit foreign address excluded),active cattery-breed association,FARUS,1006,https://xn--80a6adhc.xn--p1ai/catteries/115/743.html,2026-09-09,Supply-side federation register; multi-breed catteries contribute once to each listed breed; no animal/litter counts; undated cards retained; unknown codes omitted
RU-FARUS-CATTERIES-2026-09-09,744,945/C-П /23 Nature`s Pride,MCO,Maine Coon,VBO:0100154,exact,1,Russia (records with explicit foreign address excluded),active cattery-breed association,FARUS,1006,https://xn--80a6adhc.xn--p1ai/catteries/115/744.html,2026-09-09,Supply-side federation register; multi-breed catteries contribute once to each listed breed; no animal/litter counts; undated cards retained; unknown codes omitted
RU-FARUS-CATTERIES-2026-09-09,745,946/C-П/23 From Kalina,MCO,Maine Coon,VBO:0100154,exact,1,Russia (records with explicit foreign address excluded),active cattery-breed association,FARUS,1006,https://xn--80a6adhc.xn--p1ai/catteries/115/745.html,2026-09-09,Supply-side federation register; multi-breed catteries contribute once to each listed breed; no animal/litter counts; undated cards retained; unknown codes omitted
RU-FARUS-CATTERIES-2026-09-09,748,953/ЧK/23 IvSerShaman,SCS,Scottish Straight,VBO:0100213,exact,1,Russia (records with explicit foreign address excluded),active cattery-breed association,FARUS,1006,https://xn--80a6adhc.xn--p1ai/catteries/122/748.html,2026-09-09,Supply-side federation register; multi-breed catteries contribute once to each listed breed; no animal/litter counts; undated cards retained; unknown codes omitted
RU-FARUS-CATTERIES-2026-09-09,748,953/ЧK/23 IvSerShaman,SFS,Scottish Fold,VBO:0100209,exact,1,Russia (records with explicit foreign address excluded),active cattery-breed association,FARUS,1006,https://xn--80a6adhc.xn--p1ai/catteries/122/748.html,2026-09-09,Supply-side federation register; multi-breed catteries contribute once to each listed breed; no animal/litter counts; undated cards retained; unknown codes omitted
RU-FARUS-CATTERIES-2026-09-09,749,954/Ч/23 Black Emerald,BRI,British Shorthair,VBO:0100052,exact,1,Russia (records with explicit foreign address excluded),active cattery-breed association,FARUS,1006,https://xn--80a6adhc.xn--p1ai/catteries/122/749.html,2026-09-09,Supply-side federation register; multi-breed catteries contribute once to each listed breed; no animal/litter counts; undated cards retained; unknown codes omitted
RU-FARUS-CATTERIES-2026-09-09,750,955/Ч/23 Krasa Shagola,BAL,Balinese,VBO:0100036,exact,1,Russia (records with explicit foreign address excluded),active cattery-breed association,FARUS,1006,https://xn--80a6adhc.xn--p1ai/catteries/122/750.html,2026-09-09,Supply-side federation register; multi-breed catteries contribute once to each listed breed; no animal/litter counts; undated cards retained; unknown codes omitted
RU-FARUS-CATTERIES-2026-09-09,750,955/Ч/23 Krasa Shagola,DSX,Donskoy,VBO:0100086,exact,1,Russia (records with explicit foreign address excluded),active cattery-breed association,FARUS,1006,https://xn--80a6adhc.xn--p1ai/catteries/122/750.html,2026-09-09,Supply-side federation register; multi-breed catteries contribute once to each listed breed; no animal/litter counts; undated cards retained; unknown codes omitted
RU-FARUS-CATTERIES-2026-09-09,750,955/Ч/23 Krasa Shagola,ORI,Oriental Shorthair,VBO:0100184,exact,1,Russia (records with explicit foreign address excluded),active cattery-breed association,FARUS,1006,https://xn--80a6adhc.xn--p1ai/catteries/122/750.html,2026-09-09,Supply-side federation register; multi-breed catteries contribute once to each listed breed; no animal/litter counts; undated cards retained; unknown codes omitted
RU-FARUS-CATTERIES-2026-09-09,750,955/Ч/23 Krasa Shagola,RAG,Ragdoll,VBO:0100196,exact,1,Russia (records with explicit foreign address excluded),active cattery-breed association,FARUS,1006,https://xn--80a6adhc.xn--p1ai/catteries/122/750.html,2026-09-09,Supply-side federation register; multi-breed catteries contribute once to each listed breed; no animal/litter counts; undated cards retained; unknown codes omitted
RU-FARUS-CATTERIES-2026-09-09,750,955/Ч/23 Krasa Shagola,SIA,Siamese,VBO:0100221,exact,1,Russia (records with explicit foreign address excluded),active cattery-breed association,FARUS,1006,https://xn--80a6adhc.xn--p1ai/catteries/122/750.html,2026-09-09,Supply-side federation register; multi-breed catteries contribute once to each listed breed; no animal/litter counts; undated cards retained; unknown codes omitted
RU-FARUS-CATTERIES-2026-09-09,751,956/МЗ/23 Jullival,BUR,Burmese,VBO:0100053,exact,1,Russia (records with explicit foreign address excluded),active cattery-breed association,FARUS,1006,https://xn--80a6adhc.xn--p1ai/catteries/112/751.html,2026-09-09,Supply-side federation register; multi-breed catteries contribute once to each listed breed; no animal/litter counts; undated cards retained; unknown codes omitted
RU-FARUS-CATTERIES-2026-09-09,751,956/МЗ/23 Jullival,MCO,Maine Coon,VBO:0100154,exact,1,Russia (records with explicit foreign address excluded),active cattery-breed association,FARUS,1006,https://xn--80a6adhc.xn--p1ai/catteries/112/751.html,2026-09-09,Supply-side federation register; multi-breed catteries contribute once to each listed breed; no animal/litter counts; undated cards retained; unknown codes omitted
RU-FARUS-CATTERIES-2026-09-09,752,980/МОИ/23 GoldBobistra,KBS,Kurilian Bobtail Shorthair,VBO:0100148,exact,1,Russia (records with explicit foreign address excluded),active cattery-breed association,FARUS,1006,https://xn--80a6adhc.xn--p1ai/catteries/112/752.html,2026-09-09,Supply-side federation register; multi-breed catteries contribute once to each listed breed; no animal/litter counts; undated cards retained; unknown codes omitted
RU-FARUS-CATTERIES-2026-09-09,753,981/М/23 LIOLAN,ORI,Oriental Shorthair,VBO:0100184,exact,1,Russia (records with explicit foreign address excluded),active cattery-breed association,FARUS,1006,https://xn--80a6adhc.xn--p1ai/catteries/112/753.html,2026-09-09,Supply-side federation register; multi-breed catteries contribute once to each listed breed; no animal/litter counts; undated cards retained; unknown codes omitted
RU-FARUS-CATTERIES-2026-09-09,753,981/М/23 LIOLAN,SIA,Siamese,VBO:0100221,exact,1,Russia (records with explicit foreign address excluded),active cattery-breed association,FARUS,1006,https://xn--80a6adhc.xn--p1ai/catteries/112/753.html,2026-09-09,Supply-side federation register; multi-breed catteries contribute once to each listed breed; no animal/litter counts; undated cards retained; unknown codes omitted
RU-FARUS-CATTERIES-2026-09-09,754,1006/M/23 King-Aby,ABY,Abyssinian,VBO:0100000,exact,1,Russia (records with explicit foreign address excluded),active cattery-breed association,FARUS,1006,https://xn--80a6adhc.xn--p1ai/catteries/112/754.html,2026-09-09,Supply-side federation register; multi-breed catteries contribute once to each listed breed; no animal/litter counts; undated cards retained; unknown codes omitted
RU-FARUS-CATTERIES-2026-09-09,754,1006/M/23 King-Aby,BEN,Bengal,VBO:0100040,exact,1,Russia (records with explicit foreign address excluded),active cattery-breed association,FARUS,1006,https://xn--80a6adhc.xn--p1ai/catteries/112/754.html,2026-09-09,Supply-side federation register; multi-breed catteries contribute once to each listed breed; no animal/litter counts; undated cards retained; unknown codes omitted
RU-FARUS-CATTERIES-2026-09-09,754,1006/M/23 King-Aby,MCO,Maine Coon,VBO:0100154,exact,1,Russia (records with explicit foreign address excluded),active cattery-breed association,FARUS,1006,https://xn--80a6adhc.xn--p1ai/catteries/112/754.html,2026-09-09,Supply-side federation register; multi-breed catteries contribute once to each listed breed; no animal/litter counts; undated cards retained; unknown codes omitted
RU-FARUS-CATTERIES-2026-09-09,754,1006/M/23 King-Aby,ORI,Oriental Shorthair,VBO:0100184,exact,1,Russia (records with explicit foreign address excluded),active cattery-breed association,FARUS,1006,https://xn--80a6adhc.xn--p1ai/catteries/112/754.html,2026-09-09,Supply-side federation register; multi-breed catteries contribute once to each listed breed; no animal/litter counts; undated cards retained; unknown codes omitted
RU-FARUS-CATTERIES-2026-09-09,754,1006/M/23 King-Aby,SIA,Siamese,VBO:0100221,exact,1,Russia (records with explicit foreign address excluded),active cattery-breed association,FARUS,1006,https://xn--80a6adhc.xn--p1ai/catteries/112/754.html,2026-09-09,Supply-side federation register; multi-breed catteries contribute once to each listed breed; no animal/litter counts; undated cards retained; unknown codes omitted
RU-FARUS-CATTERIES-2026-09-09,755,1007/M/23 Atmosfera,ABY,Abyssinian,VBO:0100000,exact,1,Russia (records with explicit foreign address excluded),active cattery-breed association,FARUS,1006,https://xn--80a6adhc.xn--p1ai/catteries/112/755.html,2026-09-09,Supply-side federation register; multi-breed catteries contribute once to each listed breed; no animal/litter counts; undated cards retained; unknown codes omitted
RU-FARUS-CATTERIES-2026-09-09,755,1007/M/23 Atmosfera,BRI,British Shorthair,VBO:0100052,exact,1,Russia (records with explicit foreign address excluded),active cattery-breed association,FARUS,1006,https://xn--80a6adhc.xn--p1ai/catteries/112/755.html,2026-09-09,Supply-side federation register; multi-breed catteries contribute once to each listed breed; no animal/litter counts; undated cards retained; unknown codes omitted
RU-FARUS-CATTERIES-2026-09-09,755,1007/M/23 Atmosfera,MCO,Maine Coon,VBO:0100154,exact,1,Russia (records with explicit foreign address excluded),active cattery-breed association,FARUS,1006,https://xn--80a6adhc.xn--p1ai/catteries/112/755.html,2026-09-09,Supply-side federation register; multi-breed catteries contribute once to each listed breed; no animal/litter counts; undated cards retained; unknown codes omitted
RU-FARUS-CATTERIES-2026-09-09,755,1007/M/23 Atmosfera,SFS,Scottish Fold,VBO:0100209,exact,1,Russia (records with explicit foreign address excluded),active cattery-breed association,FARUS,1006,https://xn--80a6adhc.xn--p1ai/catteries/112/755.html,2026-09-09,Supply-side federation register; multi-breed catteries contribute once to each listed breed; no animal/litter counts; undated cards retained; unknown codes omitted
RU-FARUS-CATTERIES-2026-09-09,755,1007/M/23 Atmosfera,SOM,Somali,VBO:0100229,exact,1,Russia (records with explicit foreign address excluded),active cattery-breed association,FARUS,1006,https://xn--80a6adhc.xn--p1ai/catteries/112/755.html,2026-09-09,Supply-side federation register; multi-breed catteries contribute once to each listed breed; no animal/litter counts; undated cards retained; unknown codes omitted
RU-FARUS-CATTERIES-2026-09-09,756,1008/ /23 Darinsikelf,DWF,Dwelf,VBO:0100089,exact,1,Russia (records with explicit foreign address excluded),active cattery-breed association,FARUS,1006,https://xn--80a6adhc.xn--p1ai/catteries/112/756.html,2026-09-09,Supply-side federation register; multi-breed catteries contribute once to each listed breed; no animal/litter counts; undated cards retained; unknown codes omitted
RU-FARUS-CATTERIES-2026-09-09,756,1008/ /23 Darinsikelf,ELF,Elf,VBO:0100091,exact,1,Russia (records with explicit foreign address excluded),active cattery-breed association,FARUS,1006,https://xn--80a6adhc.xn--p1ai/catteries/112/756.html,2026-09-09,Supply-side federation register; multi-breed catteries contribute once to each listed breed; no animal/litter counts; undated cards retained; unknown codes omitted
RU-FARUS-CATTERIES-2026-09-09,756,1008/ /23 Darinsikelf,SPH,Sphynx,VBO:0100230,exact,1,Russia (records with explicit foreign address excluded),active cattery-breed association,FARUS,1006,https://xn--80a6adhc.xn--p1ai/catteries/112/756.html,2026-09-09,Supply-side federation register; multi-breed catteries contribute once to each listed breed; no animal/litter counts; undated cards retained; unknown codes omitted
RU-FARUS-CATTERIES-2026-09-09,758,958/C/23 Ilandar,MCO,Maine Coon,VBO:0100154,exact,1,Russia (records with explicit foreign address excluded),active cattery-breed association,FARUS,1006,https://xn--80a6adhc.xn--p1ai/catteries/110/758.html,2026-09-09,Supply-side federation register; multi-breed catteries contribute once to each listed breed; no animal/litter counts; undated cards retained; unknown codes omitted
RU-FARUS-CATTERIES-2026-09-09,758,958/C/23 Ilandar,MCP,Maine Coon Polydactyl,VBO:0100155,exact,1,Russia (records with explicit foreign address excluded),active cattery-breed association,FARUS,1006,https://xn--80a6adhc.xn--p1ai/catteries/110/758.html,2026-09-09,Supply-side federation register; multi-breed catteries contribute once to each listed breed; no animal/litter counts; undated cards retained; unknown codes omitted
RU-FARUS-CATTERIES-2026-09-09,759,964/Ом/23 Luxury stars,ORI,Oriental Shorthair,VBO:0100184,exact,1,Russia (records with explicit foreign address excluded),active cattery-breed association,FARUS,1006,https://xn--80a6adhc.xn--p1ai/catteries/107/759.html,2026-09-09,Supply-side federation register; multi-breed catteries contribute once to each listed breed; no animal/litter counts; undated cards retained; unknown codes omitted
RU-FARUS-CATTERIES-2026-09-09,760,982/KC/23 Kimmeria,MCO,Maine Coon,VBO:0100154,exact,1,Russia (records with explicit foreign address excluded),active cattery-breed association,FARUS,1006,https://xn--80a6adhc.xn--p1ai/catteries/96/760.html,2026-09-09,Supply-side federation register; multi-breed catteries contribute once to each listed breed; no animal/litter counts; undated cards retained; unknown codes omitted
RU-FARUS-CATTERIES-2026-09-09,761,983/ KC/23 BURMAY,BUR,Burmese,VBO:0100053,exact,1,Russia (records with explicit foreign address excluded),active cattery-breed association,FARUS,1006,https://xn--80a6adhc.xn--p1ai/catteries/96/761.html,2026-09-09,Supply-side federation register; multi-breed catteries contribute once to each listed breed; no animal/litter counts; undated cards retained; unknown codes omitted
RU-FARUS-CATTERIES-2026-09-09,762,984/KУ/23 Crimean fari tale,MCO,Maine Coon,VBO:0100154,exact,1,Russia (records with explicit foreign address excluded),active cattery-breed association,FARUS,1006,https://xn--80a6adhc.xn--p1ai/catteries/96/762.html,2026-09-09,Supply-side federation register; multi-breed catteries contribute once to each listed breed; no animal/litter counts; undated cards retained; unknown codes omitted
RU-FARUS-CATTERIES-2026-09-09,763,985/KВ/23 Meowing friends,SCS,Scottish Straight,VBO:0100213,exact,1,Russia (records with explicit foreign address excluded),active cattery-breed association,FARUS,1006,https://xn--80a6adhc.xn--p1ai/catteries/96/763.html,2026-09-09,Supply-side federation register; multi-breed catteries contribute once to each listed breed; no animal/litter counts; undated cards retained; unknown codes omitted
RU-FARUS-CATTERIES-2026-09-09,763,985/KВ/23 Meowing friends,SFS,Scottish Fold,VBO:0100209,exact,1,Russia (records with explicit foreign address excluded),active cattery-breed association,FARUS,1006,https://xn--80a6adhc.xn--p1ai/catteries/96/763.html,2026-09-09,Supply-side federation register; multi-breed catteries contribute once to each listed breed; no animal/litter counts; undated cards retained; unknown codes omitted
RU-FARUS-CATTERIES-2026-09-09,776,254/Ч/23 Cat Zoology,BRI,British Shorthair,VBO:0100052,exact,1,Russia (records with explicit foreign address excluded),active cattery-breed association,FARUS,1006,https://xn--80a6adhc.xn--p1ai/catteries/122/776.html,2026-09-09,Supply-side federation register; multi-breed catteries contribute once to each listed breed; no animal/litter counts; undated cards retained; unknown codes omitted
RU-FARUS-CATTERIES-2026-09-09,776,254/Ч/23 Cat Zoology,BRL,British Longhair,VBO:0100051,exact,1,Russia (records with explicit foreign address excluded),active cattery-breed association,FARUS,1006,https://xn--80a6adhc.xn--p1ai/catteries/122/776.html,2026-09-09,Supply-side federation register; multi-breed catteries contribute once to each listed breed; no animal/litter counts; undated cards retained; unknown codes omitted
RU-FARUS-CATTERIES-2026-09-09,776,254/Ч/23 Cat Zoology,SCL,Scottish Straight Longhair,VBO:0100214,exact,1,Russia (records with explicit foreign address excluded),active cattery-breed association,FARUS,1006,https://xn--80a6adhc.xn--p1ai/catteries/122/776.html,2026-09-09,Supply-side federation register; multi-breed catteries contribute once to each listed breed; no animal/litter counts; undated cards retained; unknown codes omitted
RU-FARUS-CATTERIES-2026-09-09,776,254/Ч/23 Cat Zoology,SCS,Scottish Straight,VBO:0100213,exact,1,Russia (records with explicit foreign address excluded),active cattery-breed association,FARUS,1006,https://xn--80a6adhc.xn--p1ai/catteries/122/776.html,2026-09-09,Supply-side federation register; multi-breed catteries contribute once to each listed breed; no animal/litter counts; undated cards retained; unknown codes omitted
RU-FARUS-CATTERIES-2026-09-09,776,254/Ч/23 Cat Zoology,SFL,Scottish Fold Longhair,VBO:0100210,exact,1,Russia (records with explicit foreign address excluded),active cattery-breed association,FARUS,1006,https://xn--80a6adhc.xn--p1ai/catteries/122/776.html,2026-09-09,Supply-side federation register; multi-breed catteries contribute once to each listed breed; no animal/litter counts; undated cards retained; unknown codes omitted
RU-FARUS-CATTERIES-2026-09-09,776,254/Ч/23 Cat Zoology,SFS,Scottish Fold,VBO:0100209,exact,1,Russia (records with explicit foreign address excluded),active cattery-breed association,FARUS,1006,https://xn--80a6adhc.xn--p1ai/catteries/122/776.html,2026-09-09,Supply-side federation register; multi-breed catteries contribute once to each listed breed; no animal/litter counts; undated cards retained; unknown codes omitted
RU-FARUS-CATTERIES-2026-09-09,777,241/Ч/23 LiGrey,BRI,British Shorthair,VBO:0100052,exact,1,Russia (records with explicit foreign address excluded),active cattery-breed association,FARUS,1006,https://xn--80a6adhc.xn--p1ai/catteries/122/777.html,2026-09-09,Supply-side federation register; multi-breed catteries contribute once to each listed breed; no animal/litter counts; undated cards retained; unknown codes omitted
RU-FARUS-CATTERIES-2026-09-09,777,241/Ч/23 LiGrey,BRL,British Longhair,VBO:0100051,exact,1,Russia (records with explicit foreign address excluded),active cattery-breed association,FARUS,1006,https://xn--80a6adhc.xn--p1ai/catteries/122/777.html,2026-09-09,Supply-side federation register; multi-breed catteries contribute once to each listed breed; no animal/litter counts; undated cards retained; unknown codes omitted
RU-FARUS-CATTERIES-2026-09-09,777,241/Ч/23 LiGrey,SFL,Scottish Fold Longhair,VBO:0100210,exact,1,Russia (records with explicit foreign address excluded),active cattery-breed association,FARUS,1006,https://xn--80a6adhc.xn--p1ai/catteries/122/777.html,2026-09-09,Supply-side federation register; multi-breed catteries contribute once to each listed breed; no animal/litter counts; undated cards retained; unknown codes omitted
RU-FARUS-CATTERIES-2026-09-09,777,241/Ч/23 LiGrey,SFS,Scottish Fold,VBO:0100209,exact,1,Russia (records with explicit foreign address excluded),active cattery-breed association,FARUS,1006,https://xn--80a6adhc.xn--p1ai/catteries/122/777.html,2026-09-09,Supply-side federation register; multi-breed catteries contribute once to each listed breed; no animal/litter counts; undated cards retained; unknown codes omitted
RU-FARUS-CATTERIES-2026-09-09,778,1079/Кр/24 Kuril`skoe Chudo,KBS,Kurilian Bobtail Shorthair,VBO:0100148,exact,1,Russia (records with explicit foreign address excluded),active cattery-breed association,FARUS,1006,https://xn--80a6adhc.xn--p1ai/catteries/104/778.html,2026-09-09,Supply-side federation register; multi-breed catteries contribute once to each listed breed; no animal/litter counts; undated cards retained; unknown codes omitted
RU-FARUS-CATTERIES-2026-09-09,779,1080/Ор/24 Aguamarine OREL (Аквамарин ОРЕЛ),DWF,Dwelf,VBO:0100089,exact,1,Russia (records with explicit foreign address excluded),active cattery-breed association,FARUS,1006,https://xn--80a6adhc.xn--p1ai/catteries/97/779.html,2026-09-09,Supply-side federation register; multi-breed catteries contribute once to each listed breed; no animal/litter counts; undated cards retained; unknown codes omitted
RU-FARUS-CATTERIES-2026-09-09,779,1080/Ор/24 Aguamarine OREL (Аквамарин ОРЕЛ),ELF,Elf,VBO:0100091,exact,1,Russia (records with explicit foreign address excluded),active cattery-breed association,FARUS,1006,https://xn--80a6adhc.xn--p1ai/catteries/97/779.html,2026-09-09,Supply-side federation register; multi-breed catteries contribute once to each listed breed; no animal/litter counts; undated cards retained; unknown codes omitted
RU-FARUS-CATTERIES-2026-09-09,779,1080/Ор/24 Aguamarine OREL (Аквамарин ОРЕЛ),SPH,Sphynx,VBO:0100230,exact,1,Russia (records with explicit foreign address excluded),active cattery-breed association,FARUS,1006,https://xn--80a6adhc.xn--p1ai/catteries/97/779.html,2026-09-09,Supply-side federation register; multi-breed catteries contribute once to each listed breed; no animal/litter counts; undated cards retained; unknown codes omitted
RU-FARUS-CATTERIES-2026-09-09,780,1081/ОрБр/24 Black Pearlittle,SCS,Scottish Straight,VBO:0100213,exact,1,Russia (records with explicit foreign address excluded),active cattery-breed association,FARUS,1006,https://xn--80a6adhc.xn--p1ai/catteries/97/780.html,2026-09-09,Supply-side federation register; multi-breed catteries contribute once to each listed breed; no animal/litter counts; undated cards retained; unknown codes omitted
RU-FARUS-CATTERIES-2026-09-09,780,1081/ОрБр/24 Black Pearlittle,SFS,Scottish Fold,VBO:0100209,exact,1,Russia (records with explicit foreign address excluded),active cattery-breed association,FARUS,1006,https://xn--80a6adhc.xn--p1ai/catteries/97/780.html,2026-09-09,Supply-side federation register; multi-breed catteries contribute once to each listed breed; no animal/litter counts; undated cards retained; unknown codes omitted
RU-FARUS-CATTERIES-2026-09-09,781,1082/ОрН/24 Dita Alter Ego (Дита Альтер Эго),ELF,Elf,VBO:0100091,exact,1,Russia (records with explicit foreign address excluded),active cattery-breed association,FARUS,1006,https://xn--80a6adhc.xn--p1ai/catteries/97/781.html,2026-09-09,Supply-side federation register; multi-breed catteries contribute once to each listed breed; no animal/litter counts; undated cards retained; unknown codes omitted
RU-FARUS-CATTERIES-2026-09-09,782,1083/С-П/24 Silvery Nebula,NIB,,,unresolved,1,Russia (records with explicit foreign address excluded),active cattery-breed association,FARUS,1006,https://xn--80a6adhc.xn--p1ai/catteries/100/782.html,2026-09-09,Supply-side federation register; multi-breed catteries contribute once to each listed breed; no animal/litter counts; undated cards retained; unknown codes omitted
RU-FARUS-CATTERIES-2026-09-09,782,1083/С-П/24 Silvery Nebula,RUS,Russian Blue,VBO:0100200,exact,1,Russia (records with explicit foreign address excluded),active cattery-breed association,FARUS,1006,https://xn--80a6adhc.xn--p1ai/catteries/100/782.html,2026-09-09,Supply-side federation register; multi-breed catteries contribute once to each listed breed; no animal/litter counts; undated cards retained; unknown codes omitted
RU-FARUS-CATTERIES-2026-09-09,783,1084/С-П/24 BURMANESS.SPB,BUR,Burmese,VBO:0100053,exact,1,Russia (records with explicit foreign address excluded),active cattery-breed association,FARUS,1006,https://xn--80a6adhc.xn--p1ai/catteries/100/783.html,2026-09-09,Supply-side federation register; multi-breed catteries contribute once to each listed breed; no animal/litter counts; undated cards retained; unknown codes omitted
RU-FARUS-CATTERIES-2026-09-09,784,1085/С-П/24 BengalTeam,BEN,Bengal,VBO:0100040,exact,1,Russia (records with explicit foreign address excluded),active cattery-breed association,FARUS,1006,https://xn--80a6adhc.xn--p1ai/catteries/100/784.html,2026-09-09,Supply-side federation register; multi-breed catteries contribute once to each listed breed; no animal/litter counts; undated cards retained; unknown codes omitted
RU-FARUS-CATTERIES-2026-09-09,785,1086/МОС/24 Fur Flowers,SCL,Scottish Straight Longhair,VBO:0100214,exact,1,Russia (records with explicit foreign address excluded),active cattery-breed association,FARUS,1006,https://xn--80a6adhc.xn--p1ai/catteries/95/785.html,2026-09-09,Supply-side federation register; multi-breed catteries contribute once to each listed breed; no animal/litter counts; undated cards retained; unknown codes omitted
RU-FARUS-CATTERIES-2026-09-09,785,1086/МОС/24 Fur Flowers,SCS,Scottish Straight,VBO:0100213,exact,1,Russia (records with explicit foreign address excluded),active cattery-breed association,FARUS,1006,https://xn--80a6adhc.xn--p1ai/catteries/95/785.html,2026-09-09,Supply-side federation register; multi-breed catteries contribute once to each listed breed; no animal/litter counts; undated cards retained; unknown codes omitted
RU-FARUS-CATTERIES-2026-09-09,785,1086/МОС/24 Fur Flowers,SFL,Scottish Fold Longhair,VBO:0100210,exact,1,Russia (records with explicit foreign address excluded),active cattery-breed association,FARUS,1006,https://xn--80a6adhc.xn--p1ai/catteries/95/785.html,2026-09-09,Supply-side federation register; multi-breed catteries contribute once to each listed breed; no animal/litter counts; undated cards retained; unknown codes omitted
RU-FARUS-CATTERIES-2026-09-09,785,1086/МОС/24 Fur Flowers,SFS,Scottish Fold,VBO:0100209,exact,1,Russia (records with explicit foreign address excluded),active cattery-breed association,FARUS,1006,https://xn--80a6adhc.xn--p1ai/catteries/95/785.html,2026-09-09,Supply-side federation register; multi-breed catteries contribute once to each listed breed; no animal/litter counts; undated cards retained; unknown codes omitted
RU-FARUS-CATTERIES-2026-09-09,786,1087/М/24 Maxish,MCO,Maine Coon,VBO:0100154,exact,1,Russia (records with explicit foreign address excluded),active cattery-breed association,FARUS,1006,https://xn--80a6adhc.xn--p1ai/catteries/95/786.html,2026-09-09,Supply-side federation register; multi-breed catteries contribute once to each listed breed; no animal/litter counts; undated cards retained; unknown codes omitted
RU-FARUS-CATTERIES-2026-09-09,787,1088/МОП/24 ElizSim,SCL,Scottish Straight Longhair,VBO:0100214,exact,1,Russia (records with explicit foreign address excluded),active cattery-breed association,FARUS,1006,https://xn--80a6adhc.xn--p1ai/catteries/95/787.html,2026-09-09,Supply-side federation register; multi-breed catteries contribute once to each listed breed; no animal/litter counts; undated cards retained; unknown codes omitted
RU-FARUS-CATTERIES-2026-09-09,787,1088/МОП/24 ElizSim,SCS,Scottish Straight,VBO:0100213,exact,1,Russia (records with explicit foreign address excluded),active cattery-breed association,FARUS,1006,https://xn--80a6adhc.xn--p1ai/catteries/95/787.html,2026-09-09,Supply-side federation register; multi-breed catteries contribute once to each listed breed; no animal/litter counts; undated cards retained; unknown codes omitted
RU-FARUS-CATTERIES-2026-09-09,787,1088/МОП/24 ElizSim,SFL,Scottish Fold Longhair,VBO:0100210,exact,1,Russia (records with explicit foreign address excluded),active cattery-breed association,FARUS,1006,https://xn--80a6adhc.xn--p1ai/catteries/95/787.html,2026-09-09,Supply-side federation register; multi-breed catteries contribute once to each listed breed; no animal/litter counts; undated cards retained; unknown codes omitted
RU-FARUS-CATTERIES-2026-09-09,787,1088/МОП/24 ElizSim,SFS,Scottish Fold,VBO:0100209,exact,1,Russia (records with explicit foreign address excluded),active cattery-breed association,FARUS,1006,https://xn--80a6adhc.xn--p1ai/catteries/95/787.html,2026-09-09,Supply-side federation register; multi-breed catteries contribute once to each listed breed; no animal/litter counts; undated cards retained; unknown codes omitted
RU-FARUS-CATTERIES-2026-09-09,788,1089/МОГ/26 VALKIRIES,MCO,Maine Coon,VBO:0100154,exact,1,Russia (records with explicit foreign address excluded),active cattery-breed association,FARUS,1006,https://xn--80a6adhc.xn--p1ai/catteries/95/788.html,2026-09-09,Supply-side federation register; multi-breed catteries contribute once to each listed breed; no animal/litter counts; undated cards retained; unknown codes omitted
RU-FARUS-CATTERIES-2026-09-09,788,1089/МОГ/26 VALKIRIES,MCP,Maine Coon Polydactyl,VBO:0100155,exact,1,Russia (records with explicit foreign address excluded),active cattery-breed association,FARUS,1006,https://xn--80a6adhc.xn--p1ai/catteries/95/788.html,2026-09-09,Supply-side federation register; multi-breed catteries contribute once to each listed breed; no animal/litter counts; undated cards retained; unknown codes omitted
RU-FARUS-CATTERIES-2026-09-09,789,1090/М/24 BigSevenCoon*RU,MCO,Maine Coon,VBO:0100154,exact,1,Russia (records with explicit foreign address excluded),active cattery-breed association,FARUS,1006,https://xn--80a6adhc.xn--p1ai/catteries/95/789.html,2026-09-09,Supply-side federation register; multi-breed catteries contribute once to each listed breed; no animal/litter counts; undated cards retained; unknown codes omitted
RU-FARUS-CATTERIES-2026-09-09,789,1090/М/24 BigSevenCoon*RU,MCP,Maine Coon Polydactyl,VBO:0100155,exact,1,Russia (records with explicit foreign address excluded),active cattery-breed association,FARUS,1006,https://xn--80a6adhc.xn--p1ai/catteries/95/789.html,2026-09-09,Supply-side federation register; multi-breed catteries contribute once to each listed breed; no animal/litter counts; undated cards retained; unknown codes omitted
RU-FARUS-CATTERIES-2026-09-09,790,1091/МОО/24 Pride Amour,KBL,Kurilian Bobtail Longhair,VBO:0100147,exact,1,Russia (records with explicit foreign address excluded),active cattery-breed association,FARUS,1006,https://xn--80a6adhc.xn--p1ai/catteries/95/790.html,2026-09-09,Supply-side federation register; multi-breed catteries contribute once to each listed breed; no animal/litter counts; undated cards retained; unknown codes omitted
RU-FARUS-CATTERIES-2026-09-09,790,1091/МОО/24 Pride Amour,KBS,Kurilian Bobtail Shorthair,VBO:0100148,exact,1,Russia (records with explicit foreign address excluded),active cattery-breed association,FARUS,1006,https://xn--80a6adhc.xn--p1ai/catteries/95/790.html,2026-09-09,Supply-side federation register; multi-breed catteries contribute once to each listed breed; no animal/litter counts; undated cards retained; unknown codes omitted
RU-FARUS-CATTERIES-2026-09-09,791,1092/Ом/24 Freya,SCL,Scottish Straight Longhair,VBO:0100214,exact,1,Russia (records with explicit foreign address excluded),active cattery-breed association,FARUS,1006,https://xn--80a6adhc.xn--p1ai/catteries/126/791.html,2026-09-09,Supply-side federation register; multi-breed catteries contribute once to each listed breed; no animal/litter counts; undated cards retained; unknown codes omitted
RU-FARUS-CATTERIES-2026-09-09,791,1092/Ом/24 Freya,SCS,Scottish Straight,VBO:0100213,exact,1,Russia (records with explicit foreign address excluded),active cattery-breed association,FARUS,1006,https://xn--80a6adhc.xn--p1ai/catteries/126/791.html,2026-09-09,Supply-side federation register; multi-breed catteries contribute once to each listed breed; no animal/litter counts; undated cards retained; unknown codes omitted
RU-FARUS-CATTERIES-2026-09-09,791,1092/Ом/24 Freya,SFL,Scottish Fold Longhair,VBO:0100210,exact,1,Russia (records with explicit foreign address excluded),active cattery-breed association,FARUS,1006,https://xn--80a6adhc.xn--p1ai/catteries/126/791.html,2026-09-09,Supply-side federation register; multi-breed catteries contribute once to each listed breed; no animal/litter counts; undated cards retained; unknown codes omitted
RU-FARUS-CATTERIES-2026-09-09,791,1092/Ом/24 Freya,SFS,Scottish Fold,VBO:0100209,exact,1,Russia (records with explicit foreign address excluded),active cattery-breed association,FARUS,1006,https://xn--80a6adhc.xn--p1ai/catteries/126/791.html,2026-09-09,Supply-side federation register; multi-breed catteries contribute once to each listed breed; no animal/litter counts; undated cards retained; unknown codes omitted
RU-FARUS-CATTERIES-2026-09-09,792,1093/Ом/24 Rubus Arcticus,MCO,Maine Coon,VBO:0100154,exact,1,Russia (records with explicit foreign address excluded),active cattery-breed association,FARUS,1006,https://xn--80a6adhc.xn--p1ai/catteries/126/792.html,2026-09-09,Supply-side federation register; multi-breed catteries contribute once to each listed breed; no animal/litter counts; undated cards retained; unknown codes omitted
RU-FARUS-CATTERIES-2026-09-09,793,1094/Ом/24 Valeri&Max,MCO,Maine Coon,VBO:0100154,exact,1,Russia (records with explicit foreign address excluded),active cattery-breed association,FARUS,1006,https://xn--80a6adhc.xn--p1ai/catteries/126/793.html,2026-09-09,Supply-side federation register; multi-breed catteries contribute once to each listed breed; no animal/litter counts; undated cards retained; unknown codes omitted
RU-FARUS-CATTERIES-2026-09-09,794,1095/Р-Д/24 Usat_polosat,BEN,Bengal,VBO:0100040,exact,1,Russia (records with explicit foreign address excluded),active cattery-breed association,FARUS,1006,https://xn--80a6adhc.xn--p1ai/catteries/126/794.html,2026-09-09,Supply-side federation register; multi-breed catteries contribute once to each listed breed; no animal/litter counts; undated cards retained; unknown codes omitted
RU-FARUS-CATTERIES-2026-09-09,801,1096/Т/24 Safari Gold,BEN,Bengal,VBO:0100040,exact,1,Russia (records with explicit foreign address excluded),active cattery-breed association,FARUS,1006,https://xn--80a6adhc.xn--p1ai/catteries/126/801.html,2026-09-09,Supply-side federation register; multi-breed catteries contribute once to each listed breed; no animal/litter counts; undated cards retained; unknown codes omitted
RU-FARUS-CATTERIES-2026-09-09,801,1096/Т/24 Safari Gold,TGR,Toyger,VBO:0100245,exact,1,Russia (records with explicit foreign address excluded),active cattery-breed association,FARUS,1006,https://xn--80a6adhc.xn--p1ai/catteries/126/801.html,2026-09-09,Supply-side federation register; multi-breed catteries contribute once to each listed breed; no animal/litter counts; undated cards retained; unknown codes omitted
RU-FARUS-CATTERIES-2026-09-09,802,1097/Т/24 VetGlow,BEN,Bengal,VBO:0100040,exact,1,Russia (records with explicit foreign address excluded),active cattery-breed association,FARUS,1006,https://xn--80a6adhc.xn--p1ai/catteries/126/802.html,2026-09-09,Supply-side federation register; multi-breed catteries contribute once to each listed breed; no animal/litter counts; undated cards retained; unknown codes omitted
RU-FARUS-CATTERIES-2026-09-09,803,1098/Ом/24 Bezati,MCO,Maine Coon,VBO:0100154,exact,1,Russia (records with explicit foreign address excluded),active cattery-breed association,FARUS,1006,https://xn--80a6adhc.xn--p1ai/catteries/126/803.html,2026-09-09,Supply-side federation register; multi-breed catteries contribute once to each listed breed; no animal/litter counts; undated cards retained; unknown codes omitted
RU-FARUS-CATTERIES-2026-09-09,804,1099/Ом/24 Winter_s Tory,MCO,Maine Coon,VBO:0100154,exact,1,Russia (records with explicit foreign address excluded),active cattery-breed association,FARUS,1006,https://xn--80a6adhc.xn--p1ai/catteries/126/804.html,2026-09-09,Supply-side federation register; multi-breed catteries contribute once to each listed breed; no animal/litter counts; undated cards retained; unknown codes omitted
RU-FARUS-CATTERIES-2026-09-09,805,1100/Ом/24 SILVER MOON,BLH,British Longhair,VBO:0100051,exact,1,Russia (records with explicit foreign address excluded),active cattery-breed association,FARUS,1006,https://xn--80a6adhc.xn--p1ai/catteries/126/805.html,2026-09-09,Supply-side federation register; multi-breed catteries contribute once to each listed breed; no animal/litter counts; undated cards retained; unknown codes omitted
RU-FARUS-CATTERIES-2026-09-09,805,1100/Ом/24 SILVER MOON,BRI,British Shorthair,VBO:0100052,exact,1,Russia (records with explicit foreign address excluded),active cattery-breed association,FARUS,1006,https://xn--80a6adhc.xn--p1ai/catteries/126/805.html,2026-09-09,Supply-side federation register; multi-breed catteries contribute once to each listed breed; no animal/litter counts; undated cards retained; unknown codes omitted
RU-FARUS-CATTERIES-2026-09-09,806,1101/Ом/24 Agata Praid,ABY,Abyssinian,VBO:0100000,exact,1,Russia (records with explicit foreign address excluded),active cattery-breed association,FARUS,1006,https://xn--80a6adhc.xn--p1ai/catteries/126/806.html,2026-09-09,Supply-side federation register; multi-breed catteries contribute once to each listed breed; no animal/litter counts; undated cards retained; unknown codes omitted
RU-FARUS-CATTERIES-2026-09-09,806,1101/Ом/24 Agata Praid,BUR,Burmese,VBO:0100053,exact,1,Russia (records with explicit foreign address excluded),active cattery-breed association,FARUS,1006,https://xn--80a6adhc.xn--p1ai/catteries/126/806.html,2026-09-09,Supply-side federation register; multi-breed catteries contribute once to each listed breed; no animal/litter counts; undated cards retained; unknown codes omitted
RU-FARUS-CATTERIES-2026-09-09,806,1101/Ом/24 Agata Praid,DRX,Devon Rex,VBO:0100084,exact,1,Russia (records with explicit foreign address excluded),active cattery-breed association,FARUS,1006,https://xn--80a6adhc.xn--p1ai/catteries/126/806.html,2026-09-09,Supply-side federation register; multi-breed catteries contribute once to each listed breed; no animal/litter counts; undated cards retained; unknown codes omitted
RU-FARUS-CATTERIES-2026-09-09,806,1101/Ом/24 Agata Praid,KBL,Kurilian Bobtail Longhair,VBO:0100147,exact,1,Russia (records with explicit foreign address excluded),active cattery-breed association,FARUS,1006,https://xn--80a6adhc.xn--p1ai/catteries/126/806.html,2026-09-09,Supply-side federation register; multi-breed catteries contribute once to each listed breed; no animal/litter counts; undated cards retained; unknown codes omitted
RU-FARUS-CATTERIES-2026-09-09,806,1101/Ом/24 Agata Praid,KBS,Kurilian Bobtail Shorthair,VBO:0100148,exact,1,Russia (records with explicit foreign address excluded),active cattery-breed association,FARUS,1006,https://xn--80a6adhc.xn--p1ai/catteries/126/806.html,2026-09-09,Supply-side federation register; multi-breed catteries contribute once to each listed breed; no animal/litter counts; undated cards retained; unknown codes omitted
RU-FARUS-CATTERIES-2026-09-09,807,1102/Ом/24 Nile Pears,DSX,Donskoy,VBO:0100086,exact,1,Russia (records with explicit foreign address excluded),active cattery-breed association,FARUS,1006,https://xn--80a6adhc.xn--p1ai/catteries/126/807.html,2026-09-09,Supply-side federation register; multi-breed catteries contribute once to each listed breed; no animal/litter counts; undated cards retained; unknown codes omitted
RU-FARUS-CATTERIES-2026-09-09,808,1103/Ом/24 RU*Alkatory,MCO,Maine Coon,VBO:0100154,exact,1,Russia (records with explicit foreign address excluded),active cattery-breed association,FARUS,1006,https://xn--80a6adhc.xn--p1ai/catteries/126/808.html,2026-09-09,Supply-side federation register; multi-breed catteries contribute once to each listed breed; no animal/litter counts; undated cards retained; unknown codes omitted
RU-FARUS-CATTERIES-2026-09-09,808,1103/Ом/24 RU*Alkatory,MCP,Maine Coon Polydactyl,VBO:0100155,exact,1,Russia (records with explicit foreign address excluded),active cattery-breed association,FARUS,1006,https://xn--80a6adhc.xn--p1ai/catteries/126/808.html,2026-09-09,Supply-side federation register; multi-breed catteries contribute once to each listed breed; no animal/litter counts; undated cards retained; unknown codes omitted
RU-FARUS-CATTERIES-2026-09-09,809,1104/Ом/24 Luchik Tepla (Лучик Тепла),MCO,Maine Coon,VBO:0100154,exact,1,Russia (records with explicit foreign address excluded),active cattery-breed association,FARUS,1006,https://xn--80a6adhc.xn--p1ai/catteries/126/809.html,2026-09-09,Supply-side federation register; multi-breed catteries contribute once to each listed breed; no animal/litter counts; undated cards retained; unknown codes omitted
RU-FARUS-CATTERIES-2026-09-09,810,1105/Ом/24 Magic House,MCO,Maine Coon,VBO:0100154,exact,1,Russia (records with explicit foreign address excluded),active cattery-breed association,FARUS,1006,https://xn--80a6adhc.xn--p1ai/catteries/126/810.html,2026-09-09,Supply-side federation register; multi-breed catteries contribute once to each listed breed; no animal/litter counts; undated cards retained; unknown codes omitted
RU-FARUS-CATTERIES-2026-09-09,810,1105/Ом/24 Magic House,MCP,Maine Coon Polydactyl,VBO:0100155,exact,1,Russia (records with explicit foreign address excluded),active cattery-breed association,FARUS,1006,https://xn--80a6adhc.xn--p1ai/catteries/126/810.html,2026-09-09,Supply-side federation register; multi-breed catteries contribute once to each listed breed; no animal/litter counts; undated cards retained; unknown codes omitted
RU-FARUS-CATTERIES-2026-09-09,811,1106/Ом/24 ElenStor,MCO,Maine Coon,VBO:0100154,exact,1,Russia (records with explicit foreign address excluded),active cattery-breed association,FARUS,1006,https://xn--80a6adhc.xn--p1ai/catteries/126/811.html,2026-09-09,Supply-side federation register; multi-breed catteries contribute once to each listed breed; no animal/litter counts; undated cards retained; unknown codes omitted
RU-FARUS-CATTERIES-2026-09-09,812,1107/Ом/24 Kitty Land,BEN,Bengal,VBO:0100040,exact,1,Russia (records with explicit foreign address excluded),active cattery-breed association,FARUS,1006,https://xn--80a6adhc.xn--p1ai/catteries/126/812.html,2026-09-09,Supply-side federation register; multi-breed catteries contribute once to each listed breed; no animal/litter counts; undated cards retained; unknown codes omitted
RU-FARUS-CATTERIES-2026-09-09,813,1108/ОТ/24 Queen_Kittens,BEN,Bengal,VBO:0100040,exact,1,Russia (records with explicit foreign address excluded),active cattery-breed association,FARUS,1006,https://xn--80a6adhc.xn--p1ai/catteries/126/813.html,2026-09-09,Supply-side federation register; multi-breed catteries contribute once to each listed breed; no animal/litter counts; undated cards retained; unknown codes omitted
RU-FARUS-CATTERIES-2026-09-09,814,1109/ОТ/24 Baileys Burme,BUR,Burmese,VBO:0100053,exact,1,Russia (records with explicit foreign address excluded),active cattery-breed association,FARUS,1006,https://xn--80a6adhc.xn--p1ai/catteries/126/814.html,2026-09-09,Supply-side federation register; multi-breed catteries contribute once to each listed breed; no animal/litter counts; undated cards retained; unknown codes omitted
RU-FARUS-CATTERIES-2026-09-09,815,1110/ОМ/24 RU*Endless Love,BUR,Burmese,VBO:0100053,exact,1,Russia (records with explicit foreign address excluded),active cattery-breed association,FARUS,1006,https://xn--80a6adhc.xn--p1ai/catteries/126/815.html,2026-09-09,Supply-side federation register; multi-breed catteries contribute once to each listed breed; no animal/litter counts; undated cards retained; unknown codes omitted
RU-FARUS-CATTERIES-2026-09-09,816,1111/Ом/24 BELL GATTO,BEN,Bengal,VBO:0100040,exact,1,Russia (records with explicit foreign address excluded),active cattery-breed association,FARUS,1006,https://xn--80a6adhc.xn--p1ai/catteries/126/816.html,2026-09-09,Supply-side federation register; multi-breed catteries contribute once to each listed breed; no animal/litter counts; undated cards retained; unknown codes omitted
RU-FARUS-CATTERIES-2026-09-09,819,1112/Т/24 Crystal Kay,BLH,British Longhair,VBO:0100051,exact,1,Russia (records with explicit foreign address excluded),active cattery-breed association,FARUS,1006,https://xn--80a6adhc.xn--p1ai/catteries/128/819.html,2026-09-09,Supply-side federation register; multi-breed catteries contribute once to each listed breed; no animal/litter counts; undated cards retained; unknown codes omitted
RU-FARUS-CATTERIES-2026-09-09,819,1112/Т/24 Crystal Kay,BRI,British Shorthair,VBO:0100052,exact,1,Russia (records with explicit foreign address excluded),active cattery-breed association,FARUS,1006,https://xn--80a6adhc.xn--p1ai/catteries/128/819.html,2026-09-09,Supply-side federation register; multi-breed catteries contribute once to each listed breed; no animal/litter counts; undated cards retained; unknown codes omitted
RU-FARUS-CATTERIES-2026-09-09,819,1112/Т/24 Crystal Kay,SCL,Scottish Straight Longhair,VBO:0100214,exact,1,Russia (records with explicit foreign address excluded),active cattery-breed association,FARUS,1006,https://xn--80a6adhc.xn--p1ai/catteries/128/819.html,2026-09-09,Supply-side federation register; multi-breed catteries contribute once to each listed breed; no animal/litter counts; undated cards retained; unknown codes omitted
RU-FARUS-CATTERIES-2026-09-09,819,1112/Т/24 Crystal Kay,SCS,Scottish Straight,VBO:0100213,exact,1,Russia (records with explicit foreign address excluded),active cattery-breed association,FARUS,1006,https://xn--80a6adhc.xn--p1ai/catteries/128/819.html,2026-09-09,Supply-side federation register; multi-breed catteries contribute once to each listed breed; no animal/litter counts; undated cards retained; unknown codes omitted
RU-FARUS-CATTERIES-2026-09-09,819,1112/Т/24 Crystal Kay,SFL,Scottish Fold Longhair,VBO:0100210,exact,1,Russia (records with explicit foreign address excluded),active cattery-breed association,FARUS,1006,https://xn--80a6adhc.xn--p1ai/catteries/128/819.html,2026-09-09,Supply-side federation register; multi-breed catteries contribute once to each listed breed; no animal/litter counts; undated cards retained; unknown codes omitted
RU-FARUS-CATTERIES-2026-09-09,819,1112/Т/24 Crystal Kay,SFS,Scottish Fold,VBO:0100209,exact,1,Russia (records with explicit foreign address excluded),active cattery-breed association,FARUS,1006,https://xn--80a6adhc.xn--p1ai/catteries/128/819.html,2026-09-09,Supply-side federation register; multi-breed catteries contribute once to each listed breed; no animal/litter counts; undated cards retained; unknown codes omitted
RU-FARUS-CATTERIES-2026-09-09,820,1113/Н/24 Eloso Risado,BLH,British Longhair,VBO:0100051,exact,1,Russia (records with explicit foreign address excluded),active cattery-breed association,FARUS,1006,https://xn--80a6adhc.xn--p1ai/catteries/128/820.html,2026-09-09,Supply-side federation register; multi-breed catteries contribute once to each listed breed; no animal/litter counts; undated cards retained; unknown codes omitted
RU-FARUS-CATTERIES-2026-09-09,820,1113/Н/24 Eloso Risado,BRI,British Shorthair,VBO:0100052,exact,1,Russia (records with explicit foreign address excluded),active cattery-breed association,FARUS,1006,https://xn--80a6adhc.xn--p1ai/catteries/128/820.html,2026-09-09,Supply-side federation register; multi-breed catteries contribute once to each listed breed; no animal/litter counts; undated cards retained; unknown codes omitted
RU-FARUS-CATTERIES-2026-09-09,820,1113/Н/24 Eloso Risado,SRL,Selkirk Rex Longhair,VBO:0100216,exact,1,Russia (records with explicit foreign address excluded),active cattery-breed association,FARUS,1006,https://xn--80a6adhc.xn--p1ai/catteries/128/820.html,2026-09-09,Supply-side federation register; multi-breed catteries contribute once to each listed breed; no animal/litter counts; undated cards retained; unknown codes omitted
RU-FARUS-CATTERIES-2026-09-09,820,1113/Н/24 Eloso Risado,SRS,Selkirk Rex Shorthair,VBO:0100217,exact,1,Russia (records with explicit foreign address excluded),active cattery-breed association,FARUS,1006,https://xn--80a6adhc.xn--p1ai/catteries/128/820.html,2026-09-09,Supply-side federation register; multi-breed catteries contribute once to each listed breed; no animal/litter counts; undated cards retained; unknown codes omitted
RU-FARUS-CATTERIES-2026-09-09,821,1114/Ст/24 Muizza,BLH,British Longhair,VBO:0100051,exact,1,Russia (records with explicit foreign address excluded),active cattery-breed association,FARUS,1006,https://xn--80a6adhc.xn--p1ai/catteries/128/821.html,2026-09-09,Supply-side federation register; multi-breed catteries contribute once to each listed breed; no animal/litter counts; undated cards retained; unknown codes omitted
RU-FARUS-CATTERIES-2026-09-09,821,1114/Ст/24 Muizza,BRI,British Shorthair,VBO:0100052,exact,1,Russia (records with explicit foreign address excluded),active cattery-breed association,FARUS,1006,https://xn--80a6adhc.xn--p1ai/catteries/128/821.html,2026-09-09,Supply-side federation register; multi-breed catteries contribute once to each listed breed; no animal/litter counts; undated cards retained; unknown codes omitted
RU-FARUS-CATTERIES-2026-09-09,821,1114/Ст/24 Muizza,SCL,Scottish Straight Longhair,VBO:0100214,exact,1,Russia (records with explicit foreign address excluded),active cattery-breed association,FARUS,1006,https://xn--80a6adhc.xn--p1ai/catteries/128/821.html,2026-09-09,Supply-side federation register; multi-breed catteries contribute once to each listed breed; no animal/litter counts; undated cards retained; unknown codes omitted
RU-FARUS-CATTERIES-2026-09-09,821,1114/Ст/24 Muizza,SCS,Scottish Straight,VBO:0100213,exact,1,Russia (records with explicit foreign address excluded),active cattery-breed association,FARUS,1006,https://xn--80a6adhc.xn--p1ai/catteries/128/821.html,2026-09-09,Supply-side federation register; multi-breed catteries contribute once to each listed breed; no animal/litter counts; undated cards retained; unknown codes omitted
RU-FARUS-CATTERIES-2026-09-09,821,1114/Ст/24 Muizza,SFL,Scottish Fold Longhair,VBO:0100210,exact,1,Russia (records with explicit foreign address excluded),active cattery-breed association,FARUS,1006,https://xn--80a6adhc.xn--p1ai/catteries/128/821.html,2026-09-09,Supply-side federation register; multi-breed catteries contribute once to each listed breed; no animal/litter counts; undated cards retained; unknown codes omitted
RU-FARUS-CATTERIES-2026-09-09,821,1114/Ст/24 Muizza,SFS,Scottish Fold,VBO:0100209,exact,1,Russia (records with explicit foreign address excluded),active cattery-breed association,FARUS,1006,https://xn--80a6adhc.xn--p1ai/catteries/128/821.html,2026-09-09,Supply-side federation register; multi-breed catteries contribute once to each listed breed; no animal/litter counts; undated cards retained; unknown codes omitted
RU-FARUS-CATTERIES-2026-09-09,822,1115/Ом/24 Black Smooki,MCO,Maine Coon,VBO:0100154,exact,1,Russia (records with explicit foreign address excluded),active cattery-breed association,FARUS,1006,https://xn--80a6adhc.xn--p1ai/catteries/126/822.html,2026-09-09,Supply-side federation register; multi-breed catteries contribute once to each listed breed; no animal/litter counts; undated cards retained; unknown codes omitted
RU-FARUS-CATTERIES-2026-09-09,823,1116/Ом/24 House tiger,MCO,Maine Coon,VBO:0100154,exact,1,Russia (records with explicit foreign address excluded),active cattery-breed association,FARUS,1006,https://xn--80a6adhc.xn--p1ai/catteries/126/823.html,2026-09-09,Supply-side federation register; multi-breed catteries contribute once to each listed breed; no animal/litter counts; undated cards retained; unknown codes omitted
RU-FARUS-CATTERIES-2026-09-09,824,1117/Ом/24 Siberian Coon,MCO,Maine Coon,VBO:0100154,exact,1,Russia (records with explicit foreign address excluded),active cattery-breed association,FARUS,1006,https://xn--80a6adhc.xn--p1ai/catteries/126/824.html,2026-09-09,Supply-side federation register; multi-breed catteries contribute once to each listed breed; no animal/litter counts; undated cards retained; unknown codes omitted
RU-FARUS-CATTERIES-2026-09-09,825,1118/Ом/24 Bean Tighe,SCL,Scottish Straight Longhair,VBO:0100214,exact,1,Russia (records with explicit foreign address excluded),active cattery-breed association,FARUS,1006,https://xn--80a6adhc.xn--p1ai/catteries/126/825.html,2026-09-09,Supply-side federation register; multi-breed catteries contribute once to each listed breed; no animal/litter counts; undated cards retained; unknown codes omitted
RU-FARUS-CATTERIES-2026-09-09,825,1118/Ом/24 Bean Tighe,SCS,Scottish Straight,VBO:0100213,exact,1,Russia (records with explicit foreign address excluded),active cattery-breed association,FARUS,1006,https://xn--80a6adhc.xn--p1ai/catteries/126/825.html,2026-09-09,Supply-side federation register; multi-breed catteries contribute once to each listed breed; no animal/litter counts; undated cards retained; unknown codes omitted
RU-FARUS-CATTERIES-2026-09-09,825,1118/Ом/24 Bean Tighe,SFL,Scottish Fold Longhair,VBO:0100210,exact,1,Russia (records with explicit foreign address excluded),active cattery-breed association,FARUS,1006,https://xn--80a6adhc.xn--p1ai/catteries/126/825.html,2026-09-09,Supply-side federation register; multi-breed catteries contribute once to each listed breed; no animal/litter counts; undated cards retained; unknown codes omitted
RU-FARUS-CATTERIES-2026-09-09,825,1118/Ом/24 Bean Tighe,SFS,Scottish Fold,VBO:0100209,exact,1,Russia (records with explicit foreign address excluded),active cattery-breed association,FARUS,1006,https://xn--80a6adhc.xn--p1ai/catteries/126/825.html,2026-09-09,Supply-side federation register; multi-breed catteries contribute once to each listed breed; no animal/litter counts; undated cards retained; unknown codes omitted
RU-FARUS-CATTERIES-2026-09-09,826,1119/Ом/24 Solar Stars,ABY,Abyssinian,VBO:0100000,exact,1,Russia (records with explicit foreign address excluded),active cattery-breed association,FARUS,1006,https://xn--80a6adhc.xn--p1ai/catteries/126/826.html,2026-09-09,Supply-side federation register; multi-breed catteries contribute once to each listed breed; no animal/litter counts; undated cards retained; unknown codes omitted
RU-FARUS-CATTERIES-2026-09-09,827,1120/Ом/24 LOVELY,BEN,Bengal,VBO:0100040,exact,1,Russia (records with explicit foreign address excluded),active cattery-breed association,FARUS,1006,https://xn--80a6adhc.xn--p1ai/catteries/126/827.html,2026-09-09,Supply-side federation register; multi-breed catteries contribute once to each listed breed; no animal/litter counts; undated cards retained; unknown codes omitted
RU-FARUS-CATTERIES-2026-09-09,829,1122/Ом/24 Lucky Life,MCO,Maine Coon,VBO:0100154,exact,1,Russia (records with explicit foreign address excluded),active cattery-breed association,FARUS,1006,https://xn--80a6adhc.xn--p1ai/catteries/126/829.html,2026-09-09,Supply-side federation register; multi-breed catteries contribute once to each listed breed; no animal/litter counts; undated cards retained; unknown codes omitted
RU-FARUS-CATTERIES-2026-09-09,830,1123/Ом/24 Marble Grace,MCO,Maine Coon,VBO:0100154,exact,1,Russia (records with explicit foreign address excluded),active cattery-breed association,FARUS,1006,https://xn--80a6adhc.xn--p1ai/catteries/126/830.html,2026-09-09,Supply-side federation register; multi-breed catteries contribute once to each listed breed; no animal/litter counts; undated cards retained; unknown codes omitted
RU-FARUS-CATTERIES-2026-09-09,831,1124/Ом/24 Angel Eyes (Глаза Ангела),BAM,Bambino,VBO:0100037,exact,1,Russia (records with explicit foreign address excluded),active cattery-breed association,FARUS,1006,https://xn--80a6adhc.xn--p1ai/catteries/126/831.html,2026-09-09,Supply-side federation register; multi-breed catteries contribute once to each listed breed; no animal/litter counts; undated cards retained; unknown codes omitted
RU-FARUS-CATTERIES-2026-09-09,831,1124/Ом/24 Angel Eyes (Глаза Ангела),DWF,Dwelf,VBO:0100089,exact,1,Russia (records with explicit foreign address excluded),active cattery-breed association,FARUS,1006,https://xn--80a6adhc.xn--p1ai/catteries/126/831.html,2026-09-09,Supply-side federation register; multi-breed catteries contribute once to each listed breed; no animal/litter counts; undated cards retained; unknown codes omitted
RU-FARUS-CATTERIES-2026-09-09,831,1124/Ом/24 Angel Eyes (Глаза Ангела),ELF,Elf,VBO:0100091,exact,1,Russia (records with explicit foreign address excluded),active cattery-breed association,FARUS,1006,https://xn--80a6adhc.xn--p1ai/catteries/126/831.html,2026-09-09,Supply-side federation register; multi-breed catteries contribute once to each listed breed; no animal/litter counts; undated cards retained; unknown codes omitted
RU-FARUS-CATTERIES-2026-09-09,831,1124/Ом/24 Angel Eyes (Глаза Ангела),MNS,"Munchkin (Munchk), Short-Haired",VBO:0100303,exact,1,Russia (records with explicit foreign address excluded),active cattery-breed association,FARUS,1006,https://xn--80a6adhc.xn--p1ai/catteries/126/831.html,2026-09-09,Supply-side federation register; multi-breed catteries contribute once to each listed breed; no animal/litter counts; undated cards retained; unknown codes omitted
RU-FARUS-CATTERIES-2026-09-09,831,1124/Ом/24 Angel Eyes (Глаза Ангела),SKS,Selkirk Rex Shorthair,VBO:0100217,exact,1,Russia (records with explicit foreign address excluded),active cattery-breed association,FARUS,1006,https://xn--80a6adhc.xn--p1ai/catteries/126/831.html,2026-09-09,Supply-side federation register; multi-breed catteries contribute once to each listed breed; no animal/litter counts; undated cards retained; unknown codes omitted
RU-FARUS-CATTERIES-2026-09-09,831,1124/Ом/24 Angel Eyes (Глаза Ангела),SPH,Sphynx,VBO:0100230,exact,1,Russia (records with explicit foreign address excluded),active cattery-breed association,FARUS,1006,https://xn--80a6adhc.xn--p1ai/catteries/126/831.html,2026-09-09,Supply-side federation register; multi-breed catteries contribute once to each listed breed; no animal/litter counts; undated cards retained; unknown codes omitted
RU-FARUS-CATTERIES-2026-09-09,832,1125/Ом/24 Marleon,DSX,Donskoy,VBO:0100086,exact,1,Russia (records with explicit foreign address excluded),active cattery-breed association,FARUS,1006,https://xn--80a6adhc.xn--p1ai/catteries/126/832.html,2026-09-09,Supply-side federation register; multi-breed catteries contribute once to each listed breed; no animal/litter counts; undated cards retained; unknown codes omitted
RU-FARUS-CATTERIES-2026-09-09,832,1125/Ом/24 Marleon,ULV,Ukrainian Levkoy,VBO:0100252,exact,1,Russia (records with explicit foreign address excluded),active cattery-breed association,FARUS,1006,https://xn--80a6adhc.xn--p1ai/catteries/126/832.html,2026-09-09,Supply-side federation register; multi-breed catteries contribute once to each listed breed; no animal/litter counts; undated cards retained; unknown codes omitted
RU-FARUS-CATTERIES-2026-09-09,833,1126/Ом/24 STEWART,SCL,Scottish Straight Longhair,VBO:0100214,exact,1,Russia (records with explicit foreign address excluded),active cattery-breed association,FARUS,1006,https://xn--80a6adhc.xn--p1ai/catteries/126/833.html,2026-09-09,Supply-side federation register; multi-breed catteries contribute once to each listed breed; no animal/litter counts; undated cards retained; unknown codes omitted
RU-FARUS-CATTERIES-2026-09-09,833,1126/Ом/24 STEWART,SCS,Scottish Straight,VBO:0100213,exact,1,Russia (records with explicit foreign address excluded),active cattery-breed association,FARUS,1006,https://xn--80a6adhc.xn--p1ai/catteries/126/833.html,2026-09-09,Supply-side federation register; multi-breed catteries contribute once to each listed breed; no animal/litter counts; undated cards retained; unknown codes omitted
RU-FARUS-CATTERIES-2026-09-09,833,1126/Ом/24 STEWART,SFL,Scottish Fold Longhair,VBO:0100210,exact,1,Russia (records with explicit foreign address excluded),active cattery-breed association,FARUS,1006,https://xn--80a6adhc.xn--p1ai/catteries/126/833.html,2026-09-09,Supply-side federation register; multi-breed catteries contribute once to each listed breed; no animal/litter counts; undated cards retained; unknown codes omitted
RU-FARUS-CATTERIES-2026-09-09,833,1126/Ом/24 STEWART,SFS,Scottish Fold,VBO:0100209,exact,1,Russia (records with explicit foreign address excluded),active cattery-breed association,FARUS,1006,https://xn--80a6adhc.xn--p1ai/catteries/126/833.html,2026-09-09,Supply-side federation register; multi-breed catteries contribute once to each listed breed; no animal/litter counts; undated cards retained; unknown codes omitted
RU-FARUS-CATTERIES-2026-09-09,833,1126/Ом/24 STEWART,STB,Toybob,VBO:0100244,exact,1,Russia (records with explicit foreign address excluded),active cattery-breed association,FARUS,1006,https://xn--80a6adhc.xn--p1ai/catteries/126/833.html,2026-09-09,Supply-side federation register; multi-breed catteries contribute once to each listed breed; no animal/litter counts; undated cards retained; unknown codes omitted
RU-FARUS-CATTERIES-2026-09-09,834,1127/ОР/24 Asgard of Iria,BLH,British Longhair,VBO:0100051,exact,1,Russia (records with explicit foreign address excluded),active cattery-breed association,FARUS,1006,https://xn--80a6adhc.xn--p1ai/catteries/126/834.html,2026-09-09,Supply-side federation register; multi-breed catteries contribute once to each listed breed; no animal/litter counts; undated cards retained; unknown codes omitted
RU-FARUS-CATTERIES-2026-09-09,834,1127/ОР/24 Asgard of Iria,BRI,British Shorthair,VBO:0100052,exact,1,Russia (records with explicit foreign address excluded),active cattery-breed association,FARUS,1006,https://xn--80a6adhc.xn--p1ai/catteries/126/834.html,2026-09-09,Supply-side federation register; multi-breed catteries contribute once to each listed breed; no animal/litter counts; undated cards retained; unknown codes omitted
RU-FARUS-CATTERIES-2026-09-09,834,1127/ОР/24 Asgard of Iria,MCO,Maine Coon,VBO:0100154,exact,1,Russia (records with explicit foreign address excluded),active cattery-breed association,FARUS,1006,https://xn--80a6adhc.xn--p1ai/catteries/126/834.html,2026-09-09,Supply-side federation register; multi-breed catteries contribute once to each listed breed; no animal/litter counts; undated cards retained; unknown codes omitted
RU-FARUS-CATTERIES-2026-09-09,835,1128/ОР/24 Lynx Bastet,MCO,Maine Coon,VBO:0100154,exact,1,Russia (records with explicit foreign address excluded),active cattery-breed association,FARUS,1006,https://xn--80a6adhc.xn--p1ai/catteries/126/835.html,2026-09-09,Supply-side federation register; multi-breed catteries contribute once to each listed breed; no animal/litter counts; undated cards retained; unknown codes omitted
RU-FARUS-CATTERIES-2026-09-09,836,1129/ОМ/24 RUS*Fluffy Paradise,EXO,Exotic Shorthair,VBO:0100096,exact,1,Russia (records with explicit foreign address excluded),active cattery-breed association,FARUS,1006,https://xn--80a6adhc.xn--p1ai/catteries/126/836.html,2026-09-09,Supply-side federation register; multi-breed catteries contribute once to each listed breed; no animal/litter counts; undated cards retained; unknown codes omitted
RU-FARUS-CATTERIES-2026-09-09,836,1129/ОМ/24 RUS*Fluffy Paradise,PER,Persian,VBO:0100188,exact,1,Russia (records with explicit foreign address excluded),active cattery-breed association,FARUS,1006,https://xn--80a6adhc.xn--p1ai/catteries/126/836.html,2026-09-09,Supply-side federation register; multi-breed catteries contribute once to each listed breed; no animal/litter counts; undated cards retained; unknown codes omitted
RU-FARUS-CATTERIES-2026-09-09,837,1130/Ом/24 ShantiVita,BEN,Bengal,VBO:0100040,exact,1,Russia (records with explicit foreign address excluded),active cattery-breed association,FARUS,1006,https://xn--80a6adhc.xn--p1ai/catteries/126/837.html,2026-09-09,Supply-side federation register; multi-breed catteries contribute once to each listed breed; no animal/litter counts; undated cards retained; unknown codes omitted
RU-FARUS-CATTERIES-2026-09-09,838,1131/Ом/24 BostonCoon,MCO,Maine Coon,VBO:0100154,exact,1,Russia (records with explicit foreign address excluded),active cattery-breed association,FARUS,1006,https://xn--80a6adhc.xn--p1ai/catteries/126/838.html,2026-09-09,Supply-side federation register; multi-breed catteries contribute once to each listed breed; no animal/litter counts; undated cards retained; unknown codes omitted
RU-FARUS-CATTERIES-2026-09-09,839,1132/Ом/24 The Bengali Gang,BEN,Bengal,VBO:0100040,exact,1,Russia (records with explicit foreign address excluded),active cattery-breed association,FARUS,1006,https://xn--80a6adhc.xn--p1ai/catteries/126/839.html,2026-09-09,Supply-side federation register; multi-breed catteries contribute once to each listed breed; no animal/litter counts; undated cards retained; unknown codes omitted
RU-FARUS-CATTERIES-2026-09-09,840,1133/С-П/24 EXOTIC BLUES,EXO,Exotic Shorthair,VBO:0100096,exact,1,Russia (records with explicit foreign address excluded),active cattery-breed association,FARUS,1006,https://xn--80a6adhc.xn--p1ai/catteries/100/840.html,2026-09-09,Supply-side federation register; multi-breed catteries contribute once to each listed breed; no animal/litter counts; undated cards retained; unknown codes omitted
RU-FARUS-CATTERIES-2026-09-09,840,1133/С-П/24 EXOTIC BLUES,PER,Persian,VBO:0100188,exact,1,Russia (records with explicit foreign address excluded),active cattery-breed association,FARUS,1006,https://xn--80a6adhc.xn--p1ai/catteries/100/840.html,2026-09-09,Supply-side federation register; multi-breed catteries contribute once to each listed breed; no animal/litter counts; undated cards retained; unknown codes omitted
RU-FARUS-CATTERIES-2026-09-09,841,1134/С-П/24 MAMAJANOVA LINE,SCL,Scottish Straight Longhair,VBO:0100214,exact,1,Russia (records with explicit foreign address excluded),active cattery-breed association,FARUS,1006,https://xn--80a6adhc.xn--p1ai/catteries/100/841.html,2026-09-09,Supply-side federation register; multi-breed catteries contribute once to each listed breed; no animal/litter counts; undated cards retained; unknown codes omitted
RU-FARUS-CATTERIES-2026-09-09,841,1134/С-П/24 MAMAJANOVA LINE,SCS,Scottish Straight,VBO:0100213,exact,1,Russia (records with explicit foreign address excluded),active cattery-breed association,FARUS,1006,https://xn--80a6adhc.xn--p1ai/catteries/100/841.html,2026-09-09,Supply-side federation register; multi-breed catteries contribute once to each listed breed; no animal/litter counts; undated cards retained; unknown codes omitted
RU-FARUS-CATTERIES-2026-09-09,841,1134/С-П/24 MAMAJANOVA LINE,SFL,Scottish Fold Longhair,VBO:0100210,exact,1,Russia (records with explicit foreign address excluded),active cattery-breed association,FARUS,1006,https://xn--80a6adhc.xn--p1ai/catteries/100/841.html,2026-09-09,Supply-side federation register; multi-breed catteries contribute once to each listed breed; no animal/litter counts; undated cards retained; unknown codes omitted
RU-FARUS-CATTERIES-2026-09-09,841,1134/С-П/24 MAMAJANOVA LINE,SFS,Scottish Fold,VBO:0100209,exact,1,Russia (records with explicit foreign address excluded),active cattery-breed association,FARUS,1006,https://xn--80a6adhc.xn--p1ai/catteries/100/841.html,2026-09-09,Supply-side federation register; multi-breed catteries contribute once to each listed breed; no animal/litter counts; undated cards retained; unknown codes omitted
RU-FARUS-CATTERIES-2026-09-09,842,1135/ВС/24 Vologda Dinasty,MCO,Maine Coon,VBO:0100154,exact,1,Russia (records with explicit foreign address excluded),active cattery-breed association,FARUS,1006,https://xn--80a6adhc.xn--p1ai/catteries/100/842.html,2026-09-09,Supply-side federation register; multi-breed catteries contribute once to each listed breed; no animal/litter counts; undated cards retained; unknown codes omitted
RU-FARUS-CATTERIES-2026-09-09,842,1135/ВС/24 Vologda Dinasty,MCP,Maine Coon Polydactyl,VBO:0100155,exact,1,Russia (records with explicit foreign address excluded),active cattery-breed association,FARUS,1006,https://xn--80a6adhc.xn--p1ai/catteries/100/842.html,2026-09-09,Supply-side federation register; multi-breed catteries contribute once to each listed breed; no animal/litter counts; undated cards retained; unknown codes omitted
RU-FARUS-CATTERIES-2026-09-09,842,1135/ВС/24 Vologda Dinasty,OSH,Oriental Shorthair,VBO:0100184,exact,1,Russia (records with explicit foreign address excluded),active cattery-breed association,FARUS,1006,https://xn--80a6adhc.xn--p1ai/catteries/100/842.html,2026-09-09,Supply-side federation register; multi-breed catteries contribute once to each listed breed; no animal/litter counts; undated cards retained; unknown codes omitted
RU-FARUS-CATTERIES-2026-09-09,843,1136/НБ/24 LINDERS,BRI,British Shorthair,VBO:0100052,exact,1,Russia (records with explicit foreign address excluded),active cattery-breed association,FARUS,1006,https://xn--80a6adhc.xn--p1ai/catteries/100/843.html,2026-09-09,Supply-side federation register; multi-breed catteries contribute once to each listed breed; no animal/litter counts; undated cards retained; unknown codes omitted
RU-FARUS-CATTERIES-2026-09-09,843,1136/НБ/24 LINDERS,SCL,Scottish Straight Longhair,VBO:0100214,exact,1,Russia (records with explicit foreign address excluded),active cattery-breed association,FARUS,1006,https://xn--80a6adhc.xn--p1ai/catteries/100/843.html,2026-09-09,Supply-side federation register; multi-breed catteries contribute once to each listed breed; no animal/litter counts; undated cards retained; unknown codes omitted
RU-FARUS-CATTERIES-2026-09-09,843,1136/НБ/24 LINDERS,SCS,Scottish Straight,VBO:0100213,exact,1,Russia (records with explicit foreign address excluded),active cattery-breed association,FARUS,1006,https://xn--80a6adhc.xn--p1ai/catteries/100/843.html,2026-09-09,Supply-side federation register; multi-breed catteries contribute once to each listed breed; no animal/litter counts; undated cards retained; unknown codes omitted
RU-FARUS-CATTERIES-2026-09-09,843,1136/НБ/24 LINDERS,SFL,Scottish Fold Longhair,VBO:0100210,exact,1,Russia (records with explicit foreign address excluded),active cattery-breed association,FARUS,1006,https://xn--80a6adhc.xn--p1ai/catteries/100/843.html,2026-09-09,Supply-side federation register; multi-breed catteries contribute once to each listed breed; no animal/litter counts; undated cards retained; unknown codes omitted
RU-FARUS-CATTERIES-2026-09-09,843,1136/НБ/24 LINDERS,SFS,Scottish Fold,VBO:0100209,exact,1,Russia (records with explicit foreign address excluded),active cattery-breed association,FARUS,1006,https://xn--80a6adhc.xn--p1ai/catteries/100/843.html,2026-09-09,Supply-side federation register; multi-breed catteries contribute once to each listed breed; no animal/litter counts; undated cards retained; unknown codes omitted
RU-FARUS-CATTERIES-2026-09-09,844,1137/С-П/24 Dzessta,RUS,Russian Blue,VBO:0100200,exact,1,Russia (records with explicit foreign address excluded),active cattery-breed association,FARUS,1006,https://xn--80a6adhc.xn--p1ai/catteries/100/844.html,2026-09-09,Supply-side federation register; multi-breed catteries contribute once to each listed breed; no animal/litter counts; undated cards retained; unknown codes omitted
RU-FARUS-CATTERIES-2026-09-09,846,1139/С-П/24 ARIA,ABY,Abyssinian,VBO:0100000,exact,1,Russia (records with explicit foreign address excluded),active cattery-breed association,FARUS,1006,https://xn--80a6adhc.xn--p1ai/catteries/100/846.html,2026-09-09,Supply-side federation register; multi-breed catteries contribute once to each listed breed; no animal/litter counts; undated cards retained; unknown codes omitted
RU-FARUS-CATTERIES-2026-09-09,847,1140/ЛЛ/24 Tanais Diamond,SCS,Scottish Straight,VBO:0100213,exact,1,Russia (records with explicit foreign address excluded),active cattery-breed association,FARUS,1006,https://xn--80a6adhc.xn--p1ai/catteries/100/847.html,2026-09-09,Supply-side federation register; multi-breed catteries contribute once to each listed breed; no animal/litter counts; undated cards retained; unknown codes omitted
RU-FARUS-CATTERIES-2026-09-09,847,1140/ЛЛ/24 Tanais Diamond,SFS,Scottish Fold,VBO:0100209,exact,1,Russia (records with explicit foreign address excluded),active cattery-breed association,FARUS,1006,https://xn--80a6adhc.xn--p1ai/catteries/100/847.html,2026-09-09,Supply-side federation register; multi-breed catteries contribute once to each listed breed; no animal/litter counts; undated cards retained; unknown codes omitted
RU-FARUS-CATTERIES-2026-09-09,848,1141/Ор/24 Orion ABY,ABY,Abyssinian,VBO:0100000,exact,1,Russia (records with explicit foreign address excluded),active cattery-breed association,FARUS,1006,https://xn--80a6adhc.xn--p1ai/catteries/97/848.html,2026-09-09,Supply-side federation register; multi-breed catteries contribute once to each listed breed; no animal/litter counts; undated cards retained; unknown codes omitted
RU-FARUS-CATTERIES-2026-09-09,849,1142/С-П/24 Flower`s Holiday,ABY,Abyssinian,VBO:0100000,exact,1,Russia (records with explicit foreign address excluded),active cattery-breed association,FARUS,1006,https://xn--80a6adhc.xn--p1ai/catteries/102/849.html,2026-09-09,Supply-side federation register; multi-breed catteries contribute once to each listed breed; no animal/litter counts; undated cards retained; unknown codes omitted
RU-FARUS-CATTERIES-2026-09-09,849,1142/С-П/24 Flower`s Holiday,BUR,Burmese,VBO:0100053,exact,1,Russia (records with explicit foreign address excluded),active cattery-breed association,FARUS,1006,https://xn--80a6adhc.xn--p1ai/catteries/102/849.html,2026-09-09,Supply-side federation register; multi-breed catteries contribute once to each listed breed; no animal/litter counts; undated cards retained; unknown codes omitted
RU-FARUS-CATTERIES-2026-09-09,850,"1143/С-П,С/24 Jungle Family",BEN,Bengal,VBO:0100040,exact,1,Russia (records with explicit foreign address excluded),active cattery-breed association,FARUS,1006,https://xn--80a6adhc.xn--p1ai/catteries/102/850.html,2026-09-09,Supply-side federation register; multi-breed catteries contribute once to each listed breed; no animal/litter counts; undated cards retained; unknown codes omitted
RU-FARUS-CATTERIES-2026-09-09,850,"1143/С-П,С/24 Jungle Family",OSH,Oriental Shorthair,VBO:0100184,exact,1,Russia (records with explicit foreign address excluded),active cattery-breed association,FARUS,1006,https://xn--80a6adhc.xn--p1ai/catteries/102/850.html,2026-09-09,Supply-side federation register; multi-breed catteries contribute once to each listed breed; no animal/litter counts; undated cards retained; unknown codes omitted
RU-FARUS-CATTERIES-2026-09-09,851,1144/М/24 Angel cats,DRX,Devon Rex,VBO:0100084,exact,1,Russia (records with explicit foreign address excluded),active cattery-breed association,FARUS,1006,https://xn--80a6adhc.xn--p1ai/catteries/103/851.html,2026-09-09,Supply-side federation register; multi-breed catteries contribute once to each listed breed; no animal/litter counts; undated cards retained; unknown codes omitted
RU-FARUS-CATTERIES-2026-09-09,851,1144/М/24 Angel cats,DSX,Donskoy,VBO:0100086,exact,1,Russia (records with explicit foreign address excluded),active cattery-breed association,FARUS,1006,https://xn--80a6adhc.xn--p1ai/catteries/103/851.html,2026-09-09,Supply-side federation register; multi-breed catteries contribute once to each listed breed; no animal/litter counts; undated cards retained; unknown codes omitted
RU-FARUS-CATTERIES-2026-09-09,852,1145/МОБ/24 Loksy,BRI,British Shorthair,VBO:0100052,exact,1,Russia (records with explicit foreign address excluded),active cattery-breed association,FARUS,1006,https://xn--80a6adhc.xn--p1ai/catteries/95/852.html,2026-09-09,Supply-side federation register; multi-breed catteries contribute once to each listed breed; no animal/litter counts; undated cards retained; unknown codes omitted
RU-FARUS-CATTERIES-2026-09-09,853,577/МОХ/18 Seven Lives,BEN,Bengal,VBO:0100040,exact,1,Russia (records with explicit foreign address excluded),active cattery-breed association,FARUS,1006,https://xn--80a6adhc.xn--p1ai/catteries/101/853.html,2026-09-09,Supply-side federation register; multi-breed catteries contribute once to each listed breed; no animal/litter counts; undated cards retained; unknown codes omitted
RU-FARUS-CATTERIES-2026-09-09,853,577/МОХ/18 Seven Lives,CHS,Chausie,VBO:0100068,exact,1,Russia (records with explicit foreign address excluded),active cattery-breed association,FARUS,1006,https://xn--80a6adhc.xn--p1ai/catteries/101/853.html,2026-09-09,Supply-side federation register; multi-breed catteries contribute once to each listed breed; no animal/litter counts; undated cards retained; unknown codes omitted
RU-FARUS-CATTERIES-2026-09-09,857,1146/М/24 Vanmaier`s,DRX,Devon Rex,VBO:0100084,exact,1,Russia (records with explicit foreign address excluded),active cattery-breed association,FARUS,1006,https://xn--80a6adhc.xn--p1ai/catteries/95/857.html,2026-09-09,Supply-side federation register; multi-breed catteries contribute once to each listed breed; no animal/litter counts; undated cards retained; unknown codes omitted
RU-FARUS-CATTERIES-2026-09-09,858,1147/М/24 JESTEREX,DRX,Devon Rex,VBO:0100084,exact,1,Russia (records with explicit foreign address excluded),active cattery-breed association,FARUS,1006,https://xn--80a6adhc.xn--p1ai/catteries/95/858.html,2026-09-09,Supply-side federation register; multi-breed catteries contribute once to each listed breed; no animal/litter counts; undated cards retained; unknown codes omitted
RU-FARUS-CATTERIES-2026-09-09,859,1148/МОК/24 MimiPlush,BRI,British Shorthair,VBO:0100052,exact,1,Russia (records with explicit foreign address excluded),active cattery-breed association,FARUS,1006,https://xn--80a6adhc.xn--p1ai/catteries/95/859.html,2026-09-09,Supply-side federation register; multi-breed catteries contribute once to each listed breed; no animal/litter counts; undated cards retained; unknown codes omitted
RU-FARUS-CATTERIES-2026-09-09,861,1150/МОД/24 Onteya,MCO,Maine Coon,VBO:0100154,exact,1,Russia (records with explicit foreign address excluded),active cattery-breed association,FARUS,1006,https://xn--80a6adhc.xn--p1ai/catteries/110/861.html,2026-09-09,Supply-side federation register; multi-breed catteries contribute once to each listed breed; no animal/litter counts; undated cards retained; unknown codes omitted
RU-FARUS-CATTERIES-2026-09-09,861,1150/МОД/24 Onteya,MCP,Maine Coon Polydactyl,VBO:0100155,exact,1,Russia (records with explicit foreign address excluded),active cattery-breed association,FARUS,1006,https://xn--80a6adhc.xn--p1ai/catteries/110/861.html,2026-09-09,Supply-side federation register; multi-breed catteries contribute once to each listed breed; no animal/litter counts; undated cards retained; unknown codes omitted
RU-FARUS-CATTERIES-2026-09-09,862,1151/МОПП/24 Jannat Al Firdaus,OSH,Oriental Shorthair,VBO:0100184,exact,1,Russia (records with explicit foreign address excluded),active cattery-breed association,FARUS,1006,https://xn--80a6adhc.xn--p1ai/catteries/101/862.html,2026-09-09,Supply-side federation register; multi-breed catteries contribute once to each listed breed; no animal/litter counts; undated cards retained; unknown codes omitted
RU-FARUS-CATTERIES-2026-09-09,862,1151/МОПП/24 Jannat Al Firdaus,SIA,Siamese,VBO:0100221,exact,1,Russia (records with explicit foreign address excluded),active cattery-breed association,FARUS,1006,https://xn--80a6adhc.xn--p1ai/catteries/101/862.html,2026-09-09,Supply-side federation register; multi-breed catteries contribute once to each listed breed; no animal/litter counts; undated cards retained; unknown codes omitted
RU-FARUS-CATTERIES-2026-09-09,863,1152/М/24 Brio Zaffiro,BLH,British Longhair,VBO:0100051,exact,1,Russia (records with explicit foreign address excluded),active cattery-breed association,FARUS,1006,https://xn--80a6adhc.xn--p1ai/catteries/128/863.html,2026-09-09,Supply-side federation register; multi-breed catteries contribute once to each listed breed; no animal/litter counts; undated cards retained; unknown codes omitted
RU-FARUS-CATTERIES-2026-09-09,863,1152/М/24 Brio Zaffiro,BRI,British Shorthair,VBO:0100052,exact,1,Russia (records with explicit foreign address excluded),active cattery-breed association,FARUS,1006,https://xn--80a6adhc.xn--p1ai/catteries/128/863.html,2026-09-09,Supply-side federation register; multi-breed catteries contribute once to each listed breed; no animal/litter counts; undated cards retained; unknown codes omitted
RU-FARUS-CATTERIES-2026-09-09,865,1154/С-П/24 Nightfury`s coons,MCO,Maine Coon,VBO:0100154,exact,1,Russia (records with explicit foreign address excluded),active cattery-breed association,FARUS,1006,https://xn--80a6adhc.xn--p1ai/catteries/100/865.html,2026-09-09,Supply-side federation register; multi-breed catteries contribute once to each listed breed; no animal/litter counts; undated cards retained; unknown codes omitted
RU-FARUS-CATTERIES-2026-09-09,866,1155/С-П/24 Flowers petal,ABY,Abyssinian,VBO:0100000,exact,1,Russia (records with explicit foreign address excluded),active cattery-breed association,FARUS,1006,https://xn--80a6adhc.xn--p1ai/catteries/102/866.html,2026-09-09,Supply-side federation register; multi-breed catteries contribute once to each listed breed; no animal/litter counts; undated cards retained; unknown codes omitted
RU-FARUS-CATTERIES-2026-09-09,866,1155/С-П/24 Flowers petal,BUR,Burmese,VBO:0100053,exact,1,Russia (records with explicit foreign address excluded),active cattery-breed association,FARUS,1006,https://xn--80a6adhc.xn--p1ai/catteries/102/866.html,2026-09-09,Supply-side federation register; multi-breed catteries contribute once to each listed breed; no animal/litter counts; undated cards retained; unknown codes omitted
RU-FARUS-CATTERIES-2026-09-09,867,1156/С-П/24 Silver Moon,ABY,Abyssinian,VBO:0100000,exact,1,Russia (records with explicit foreign address excluded),active cattery-breed association,FARUS,1006,https://xn--80a6adhc.xn--p1ai/catteries/102/867.html,2026-09-09,Supply-side federation register; multi-breed catteries contribute once to each listed breed; no animal/litter counts; undated cards retained; unknown codes omitted
RU-FARUS-CATTERIES-2026-09-09,867,1156/С-П/24 Silver Moon,BUR,Burmese,VBO:0100053,exact,1,Russia (records with explicit foreign address excluded),active cattery-breed association,FARUS,1006,https://xn--80a6adhc.xn--p1ai/catteries/102/867.html,2026-09-09,Supply-side federation register; multi-breed catteries contribute once to each listed breed; no animal/litter counts; undated cards retained; unknown codes omitted
RU-FARUS-CATTERIES-2026-09-09,867,1156/С-П/24 Silver Moon,SCS,Scottish Straight,VBO:0100213,exact,1,Russia (records with explicit foreign address excluded),active cattery-breed association,FARUS,1006,https://xn--80a6adhc.xn--p1ai/catteries/102/867.html,2026-09-09,Supply-side federation register; multi-breed catteries contribute once to each listed breed; no animal/litter counts; undated cards retained; unknown codes omitted
RU-FARUS-CATTERIES-2026-09-09,867,1156/С-П/24 Silver Moon,SFS,Scottish Fold,VBO:0100209,exact,1,Russia (records with explicit foreign address excluded),active cattery-breed association,FARUS,1006,https://xn--80a6adhc.xn--p1ai/catteries/102/867.html,2026-09-09,Supply-side federation register; multi-breed catteries contribute once to each listed breed; no animal/litter counts; undated cards retained; unknown codes omitted
RU-FARUS-CATTERIES-2026-09-09,867,1156/С-П/24 Silver Moon,SOM,Somali,VBO:0100229,exact,1,Russia (records with explicit foreign address excluded),active cattery-breed association,FARUS,1006,https://xn--80a6adhc.xn--p1ai/catteries/102/867.html,2026-09-09,Supply-side federation register; multi-breed catteries contribute once to each listed breed; no animal/litter counts; undated cards retained; unknown codes omitted
RU-FARUS-CATTERIES-2026-09-09,872,503/Кр/24 Ketrin Ket (Кэтрин Кэт),DSX,Donskoy,VBO:0100086,exact,1,Russia (records with explicit foreign address excluded),active cattery-breed association,FARUS,1006,https://xn--80a6adhc.xn--p1ai/catteries/104/872.html,2026-09-09,Supply-side federation register; multi-breed catteries contribute once to each listed breed; no animal/litter counts; undated cards retained; unknown codes omitted
RU-FARUS-CATTERIES-2026-09-09,873,1157/М/24 Makiato,BUR,Burmese,VBO:0100053,exact,1,Russia (records with explicit foreign address excluded),active cattery-breed association,FARUS,1006,https://xn--80a6adhc.xn--p1ai/catteries/95/873.html,2026-09-09,Supply-side federation register; multi-breed catteries contribute once to each listed breed; no animal/litter counts; undated cards retained; unknown codes omitted
RU-FARUS-CATTERIES-2026-09-09,874,1158/М/24 Midnight Sun,BEN,Bengal,VBO:0100040,exact,1,Russia (records with explicit foreign address excluded),active cattery-breed association,FARUS,1006,https://xn--80a6adhc.xn--p1ai/catteries/95/874.html,2026-09-09,Supply-side federation register; multi-breed catteries contribute once to each listed breed; no animal/litter counts; undated cards retained; unknown codes omitted
RU-FARUS-CATTERIES-2026-09-09,875,1159/Ек/24 Wow Wow Cats,SCL,Scottish Straight Longhair,VBO:0100214,exact,1,Russia (records with explicit foreign address excluded),active cattery-breed association,FARUS,1006,https://xn--80a6adhc.xn--p1ai/catteries/95/875.html,2026-09-09,Supply-side federation register; multi-breed catteries contribute once to each listed breed; no animal/litter counts; undated cards retained; unknown codes omitted
RU-FARUS-CATTERIES-2026-09-09,875,1159/Ек/24 Wow Wow Cats,SCS,Scottish Straight,VBO:0100213,exact,1,Russia (records with explicit foreign address excluded),active cattery-breed association,FARUS,1006,https://xn--80a6adhc.xn--p1ai/catteries/95/875.html,2026-09-09,Supply-side federation register; multi-breed catteries contribute once to each listed breed; no animal/litter counts; undated cards retained; unknown codes omitted
RU-FARUS-CATTERIES-2026-09-09,875,1159/Ек/24 Wow Wow Cats,SFL,Scottish Fold Longhair,VBO:0100210,exact,1,Russia (records with explicit foreign address excluded),active cattery-breed association,FARUS,1006,https://xn--80a6adhc.xn--p1ai/catteries/95/875.html,2026-09-09,Supply-side federation register; multi-breed catteries contribute once to each listed breed; no animal/litter counts; undated cards retained; unknown codes omitted
RU-FARUS-CATTERIES-2026-09-09,875,1159/Ек/24 Wow Wow Cats,SFS,Scottish Fold,VBO:0100209,exact,1,Russia (records with explicit foreign address excluded),active cattery-breed association,FARUS,1006,https://xn--80a6adhc.xn--p1ai/catteries/95/875.html,2026-09-09,Supply-side federation register; multi-breed catteries contribute once to each listed breed; no animal/litter counts; undated cards retained; unknown codes omitted
RU-FARUS-CATTERIES-2026-09-09,876,1160/МОЧ/24 Zvezda Kalisto,MCO,Maine Coon,VBO:0100154,exact,1,Russia (records with explicit foreign address excluded),active cattery-breed association,FARUS,1006,https://xn--80a6adhc.xn--p1ai/catteries/95/876.html,2026-09-09,Supply-side federation register; multi-breed catteries contribute once to each listed breed; no animal/litter counts; undated cards retained; unknown codes omitted
RU-FARUS-CATTERIES-2026-09-09,876,1160/МОЧ/24 Zvezda Kalisto,SCS,Scottish Straight,VBO:0100213,exact,1,Russia (records with explicit foreign address excluded),active cattery-breed association,FARUS,1006,https://xn--80a6adhc.xn--p1ai/catteries/95/876.html,2026-09-09,Supply-side federation register; multi-breed catteries contribute once to each listed breed; no animal/litter counts; undated cards retained; unknown codes omitted
RU-FARUS-CATTERIES-2026-09-09,876,1160/МОЧ/24 Zvezda Kalisto,SFS,Scottish Fold,VBO:0100209,exact,1,Russia (records with explicit foreign address excluded),active cattery-breed association,FARUS,1006,https://xn--80a6adhc.xn--p1ai/catteries/95/876.html,2026-09-09,Supply-side federation register; multi-breed catteries contribute once to each listed breed; no animal/litter counts; undated cards retained; unknown codes omitted
RU-FARUS-CATTERIES-2026-09-09,877,1161/ТК/24 Flying ship,MCO,Maine Coon,VBO:0100154,exact,1,Russia (records with explicit foreign address excluded),active cattery-breed association,FARUS,1006,https://xn--80a6adhc.xn--p1ai/catteries/95/877.html,2026-09-09,Supply-side federation register; multi-breed catteries contribute once to each listed breed; no animal/litter counts; undated cards retained; unknown codes omitted
RU-FARUS-CATTERIES-2026-09-09,878,1162/БСО/24 Anna`s Angel`s,DRX,Devon Rex,VBO:0100084,exact,1,Russia (records with explicit foreign address excluded),active cattery-breed association,FARUS,1006,https://xn--80a6adhc.xn--p1ai/catteries/95/878.html,2026-09-09,Supply-side federation register; multi-breed catteries contribute once to each listed breed; no animal/litter counts; undated cards retained; unknown codes omitted
RU-FARUS-CATTERIES-2026-09-09,878,1162/БСО/24 Anna`s Angel`s,ELF,Elf,VBO:0100091,exact,1,Russia (records with explicit foreign address excluded),active cattery-breed association,FARUS,1006,https://xn--80a6adhc.xn--p1ai/catteries/95/878.html,2026-09-09,Supply-side federation register; multi-breed catteries contribute once to each listed breed; no animal/litter counts; undated cards retained; unknown codes omitted
RU-FARUS-CATTERIES-2026-09-09,878,1162/БСО/24 Anna`s Angel`s,SPH,Sphynx,VBO:0100230,exact,1,Russia (records with explicit foreign address excluded),active cattery-breed association,FARUS,1006,https://xn--80a6adhc.xn--p1ai/catteries/95/878.html,2026-09-09,Supply-side federation register; multi-breed catteries contribute once to each listed breed; no animal/litter counts; undated cards retained; unknown codes omitted
RU-FARUS-CATTERIES-2026-09-09,879,1163/АрЕ/24 Evangeline Cats,MCO,Maine Coon,VBO:0100154,exact,1,Russia (records with explicit foreign address excluded),active cattery-breed association,FARUS,1006,https://xn--80a6adhc.xn--p1ai/catteries/95/879.html,2026-09-09,Supply-side federation register; multi-breed catteries contribute once to each listed breed; no animal/litter counts; undated cards retained; unknown codes omitted
RU-FARUS-CATTERIES-2026-09-09,880,1164/Н/24 EdLen Praid,MCO,Maine Coon,VBO:0100154,exact,1,Russia (records with explicit foreign address excluded),active cattery-breed association,FARUS,1006,https://xn--80a6adhc.xn--p1ai/catteries/95/880.html,2026-09-09,Supply-side federation register; multi-breed catteries contribute once to each listed breed; no animal/litter counts; undated cards retained; unknown codes omitted
RU-FARUS-CATTERIES-2026-09-09,880,1164/Н/24 EdLen Praid,MCP,Maine Coon Polydactyl,VBO:0100155,exact,1,Russia (records with explicit foreign address excluded),active cattery-breed association,FARUS,1006,https://xn--80a6adhc.xn--p1ai/catteries/95/880.html,2026-09-09,Supply-side federation register; multi-breed catteries contribute once to each listed breed; no animal/litter counts; undated cards retained; unknown codes omitted
RU-FARUS-CATTERIES-2026-09-09,881,1165/М/24 Tashiro,BRI,British Shorthair,VBO:0100052,exact,1,Russia (records with explicit foreign address excluded),active cattery-breed association,FARUS,1006,https://xn--80a6adhc.xn--p1ai/catteries/95/881.html,2026-09-09,Supply-side federation register; multi-breed catteries contribute once to each listed breed; no animal/litter counts; undated cards retained; unknown codes omitted
RU-FARUS-CATTERIES-2026-09-09,881,1165/М/24 Tashiro,SCS,Scottish Straight,VBO:0100213,exact,1,Russia (records with explicit foreign address excluded),active cattery-breed association,FARUS,1006,https://xn--80a6adhc.xn--p1ai/catteries/95/881.html,2026-09-09,Supply-side federation register; multi-breed catteries contribute once to each listed breed; no animal/litter counts; undated cards retained; unknown codes omitted
RU-FARUS-CATTERIES-2026-09-09,881,1165/М/24 Tashiro,SFS,Scottish Fold,VBO:0100209,exact,1,Russia (records with explicit foreign address excluded),active cattery-breed association,FARUS,1006,https://xn--80a6adhc.xn--p1ai/catteries/95/881.html,2026-09-09,Supply-side federation register; multi-breed catteries contribute once to each listed breed; no animal/litter counts; undated cards retained; unknown codes omitted
RU-FARUS-CATTERIES-2026-09-09,882,1166/С-П/24 Booming Home,BEN,Bengal,VBO:0100040,exact,1,Russia (records with explicit foreign address excluded),active cattery-breed association,FARUS,1006,https://xn--80a6adhc.xn--p1ai/catteries/102/882.html,2026-09-09,Supply-side federation register; multi-breed catteries contribute once to each listed breed; no animal/litter counts; undated cards retained; unknown codes omitted
RU-FARUS-CATTERIES-2026-09-09,882,1166/С-П/24 Booming Home,OSH,Oriental Shorthair,VBO:0100184,exact,1,Russia (records with explicit foreign address excluded),active cattery-breed association,FARUS,1006,https://xn--80a6adhc.xn--p1ai/catteries/102/882.html,2026-09-09,Supply-side federation register; multi-breed catteries contribute once to each listed breed; no animal/litter counts; undated cards retained; unknown codes omitted
RU-FARUS-CATTERIES-2026-09-09,882,1166/С-П/24 Booming Home,SIA,Siamese,VBO:0100221,exact,1,Russia (records with explicit foreign address excluded),active cattery-breed association,FARUS,1006,https://xn--80a6adhc.xn--p1ai/catteries/102/882.html,2026-09-09,Supply-side federation register; multi-breed catteries contribute once to each listed breed; no animal/litter counts; undated cards retained; unknown codes omitted
RU-FARUS-CATTERIES-2026-09-09,884,1168/ЛОЯ/24 Empire Maine Coon,MCO,Maine Coon,VBO:0100154,exact,1,Russia (records with explicit foreign address excluded),active cattery-breed association,FARUS,1006,https://xn--80a6adhc.xn--p1ai/catteries/102/884.html,2026-09-09,Supply-side federation register; multi-breed catteries contribute once to each listed breed; no animal/litter counts; undated cards retained; unknown codes omitted
RU-FARUS-CATTERIES-2026-09-09,885,1169/ЛОК/24 Deya Kittens,BUR,Burmese,VBO:0100053,exact,1,Russia (records with explicit foreign address excluded),active cattery-breed association,FARUS,1006,https://xn--80a6adhc.xn--p1ai/catteries/102/885.html,2026-09-09,Supply-side federation register; multi-breed catteries contribute once to each listed breed; no animal/litter counts; undated cards retained; unknown codes omitted
RU-FARUS-CATTERIES-2026-09-09,886,1170/МОН/24 GalaxyPride,MCO,Maine Coon,VBO:0100154,exact,1,Russia (records with explicit foreign address excluded),active cattery-breed association,FARUS,1006,https://xn--80a6adhc.xn--p1ai/catteries/119/886.html,2026-09-09,Supply-side federation register; multi-breed catteries contribute once to each listed breed; no animal/litter counts; undated cards retained; unknown codes omitted
RU-FARUS-CATTERIES-2026-09-09,887,1171/Ом/24 Cool Ray,BLH,British Longhair,VBO:0100051,exact,1,Russia (records with explicit foreign address excluded),active cattery-breed association,FARUS,1006,https://xn--80a6adhc.xn--p1ai/catteries/126/887.html,2026-09-09,Supply-side federation register; multi-breed catteries contribute once to each listed breed; no animal/litter counts; undated cards retained; unknown codes omitted
RU-FARUS-CATTERIES-2026-09-09,887,1171/Ом/24 Cool Ray,BRI,British Shorthair,VBO:0100052,exact,1,Russia (records with explicit foreign address excluded),active cattery-breed association,FARUS,1006,https://xn--80a6adhc.xn--p1ai/catteries/126/887.html,2026-09-09,Supply-side federation register; multi-breed catteries contribute once to each listed breed; no animal/litter counts; undated cards retained; unknown codes omitted
RU-FARUS-CATTERIES-2026-09-09,888,1172/Ом/24 Grafstvo Deikun (Графство Дейкун),DRX,Devon Rex,VBO:0100084,exact,1,Russia (records with explicit foreign address excluded),active cattery-breed association,FARUS,1006,https://xn--80a6adhc.xn--p1ai/catteries/126/888.html,2026-09-09,Supply-side federation register; multi-breed catteries contribute once to each listed breed; no animal/litter counts; undated cards retained; unknown codes omitted
RU-FARUS-CATTERIES-2026-09-09,889,1173/К/24 RHOK`DELAR,MCO,Maine Coon,VBO:0100154,exact,1,Russia (records with explicit foreign address excluded),active cattery-breed association,FARUS,1006,https://xn--80a6adhc.xn--p1ai/catteries/116/889.html,2026-09-09,Supply-side federation register; multi-breed catteries contribute once to each listed breed; no animal/litter counts; undated cards retained; unknown codes omitted
RU-FARUS-CATTERIES-2026-09-09,890,1174/К/24 ERAIS WONDERWAIS,MCO,Maine Coon,VBO:0100154,exact,1,Russia (records with explicit foreign address excluded),active cattery-breed association,FARUS,1006,https://xn--80a6adhc.xn--p1ai/catteries/116/890.html,2026-09-09,Supply-side federation register; multi-breed catteries contribute once to each listed breed; no animal/litter counts; undated cards retained; unknown codes omitted
RU-FARUS-CATTERIES-2026-09-09,891,1175/К/24 EMERALD ICE,BRI,British Shorthair,VBO:0100052,exact,1,Russia (records with explicit foreign address excluded),active cattery-breed association,FARUS,1006,https://xn--80a6adhc.xn--p1ai/catteries/116/891.html,2026-09-09,Supply-side federation register; multi-breed catteries contribute once to each listed breed; no animal/litter counts; undated cards retained; unknown codes omitted
RU-FARUS-CATTERIES-2026-09-09,892,1176/К/24 QVANTUM LUXIO,OSH,Oriental Shorthair,VBO:0100184,exact,1,Russia (records with explicit foreign address excluded),active cattery-breed association,FARUS,1006,https://xn--80a6adhc.xn--p1ai/catteries/132/892.html,2026-09-09,Supply-side federation register; multi-breed catteries contribute once to each listed breed; no animal/litter counts; undated cards retained; unknown codes omitted
RU-FARUS-CATTERIES-2026-09-09,892,1176/К/24 QVANTUM LUXIO,SIA,Siamese,VBO:0100221,exact,1,Russia (records with explicit foreign address excluded),active cattery-breed association,FARUS,1006,https://xn--80a6adhc.xn--p1ai/catteries/132/892.html,2026-09-09,Supply-side federation register; multi-breed catteries contribute once to each listed breed; no animal/litter counts; undated cards retained; unknown codes omitted
RU-FARUS-CATTERIES-2026-09-09,893,1177/К/24 TARAO,KBL,Kurilian Bobtail Longhair,VBO:0100147,exact,1,Russia (records with explicit foreign address excluded),active cattery-breed association,FARUS,1006,https://xn--80a6adhc.xn--p1ai/catteries/116/893.html,2026-09-09,Supply-side federation register; multi-breed catteries contribute once to each listed breed; no animal/litter counts; undated cards retained; unknown codes omitted
RU-FARUS-CATTERIES-2026-09-09,893,1177/К/24 TARAO,KBS,Kurilian Bobtail Shorthair,VBO:0100148,exact,1,Russia (records with explicit foreign address excluded),active cattery-breed association,FARUS,1006,https://xn--80a6adhc.xn--p1ai/catteries/116/893.html,2026-09-09,Supply-side federation register; multi-breed catteries contribute once to each listed breed; no animal/litter counts; undated cards retained; unknown codes omitted
RU-FARUS-CATTERIES-2026-09-09,894,1178/К/24 LANA AL`CALDO,SCL,Scottish Straight Longhair,VBO:0100214,exact,1,Russia (records with explicit foreign address excluded),active cattery-breed association,FARUS,1006,https://xn--80a6adhc.xn--p1ai/catteries/116/894.html,2026-09-09,Supply-side federation register; multi-breed catteries contribute once to each listed breed; no animal/litter counts; undated cards retained; unknown codes omitted
RU-FARUS-CATTERIES-2026-09-09,894,1178/К/24 LANA AL`CALDO,SCS,Scottish Straight,VBO:0100213,exact,1,Russia (records with explicit foreign address excluded),active cattery-breed association,FARUS,1006,https://xn--80a6adhc.xn--p1ai/catteries/116/894.html,2026-09-09,Supply-side federation register; multi-breed catteries contribute once to each listed breed; no animal/litter counts; undated cards retained; unknown codes omitted
RU-FARUS-CATTERIES-2026-09-09,894,1178/К/24 LANA AL`CALDO,SFL,Scottish Fold Longhair,VBO:0100210,exact,1,Russia (records with explicit foreign address excluded),active cattery-breed association,FARUS,1006,https://xn--80a6adhc.xn--p1ai/catteries/116/894.html,2026-09-09,Supply-side federation register; multi-breed catteries contribute once to each listed breed; no animal/litter counts; undated cards retained; unknown codes omitted
RU-FARUS-CATTERIES-2026-09-09,894,1178/К/24 LANA AL`CALDO,SFS,Scottish Fold,VBO:0100209,exact,1,Russia (records with explicit foreign address excluded),active cattery-breed association,FARUS,1006,https://xn--80a6adhc.xn--p1ai/catteries/116/894.html,2026-09-09,Supply-side federation register; multi-breed catteries contribute once to each listed breed; no animal/litter counts; undated cards retained; unknown codes omitted
RU-FARUS-CATTERIES-2026-09-09,895,1179/К/24 KALUGA STAR,SCL,Scottish Straight Longhair,VBO:0100214,exact,1,Russia (records with explicit foreign address excluded),active cattery-breed association,FARUS,1006,https://xn--80a6adhc.xn--p1ai/catteries/116/895.html,2026-09-09,Supply-side federation register; multi-breed catteries contribute once to each listed breed; no animal/litter counts; undated cards retained; unknown codes omitted
RU-FARUS-CATTERIES-2026-09-09,895,1179/К/24 KALUGA STAR,SCS,Scottish Straight,VBO:0100213,exact,1,Russia (records with explicit foreign address excluded),active cattery-breed association,FARUS,1006,https://xn--80a6adhc.xn--p1ai/catteries/116/895.html,2026-09-09,Supply-side federation register; multi-breed catteries contribute once to each listed breed; no animal/litter counts; undated cards retained; unknown codes omitted
RU-FARUS-CATTERIES-2026-09-09,895,1179/К/24 KALUGA STAR,SFL,Scottish Fold Longhair,VBO:0100210,exact,1,Russia (records with explicit foreign address excluded),active cattery-breed association,FARUS,1006,https://xn--80a6adhc.xn--p1ai/catteries/116/895.html,2026-09-09,Supply-side federation register; multi-breed catteries contribute once to each listed breed; no animal/litter counts; undated cards retained; unknown codes omitted
RU-FARUS-CATTERIES-2026-09-09,895,1179/К/24 KALUGA STAR,SFS,Scottish Fold,VBO:0100209,exact,1,Russia (records with explicit foreign address excluded),active cattery-breed association,FARUS,1006,https://xn--80a6adhc.xn--p1ai/catteries/116/895.html,2026-09-09,Supply-side federation register; multi-breed catteries contribute once to each listed breed; no animal/litter counts; undated cards retained; unknown codes omitted
RU-FARUS-CATTERIES-2026-09-09,896,1180/Ор/24 SpirosABYOrel,ABY,Abyssinian,VBO:0100000,exact,1,Russia (records with explicit foreign address excluded),active cattery-breed association,FARUS,1006,https://xn--80a6adhc.xn--p1ai/catteries/97/896.html,2026-09-09,Supply-side federation register; multi-breed catteries contribute once to each listed breed; no animal/litter counts; undated cards retained; unknown codes omitted
RU-FARUS-CATTERIES-2026-09-09,897,1181/МОР/24 IZACATS,BRI,British Shorthair,VBO:0100052,exact,1,Russia (records with explicit foreign address excluded),active cattery-breed association,FARUS,1006,https://xn--80a6adhc.xn--p1ai/catteries/95/897.html,2026-09-09,Supply-side federation register; multi-breed catteries contribute once to each listed breed; no animal/litter counts; undated cards retained; unknown codes omitted
RU-FARUS-CATTERIES-2026-09-09,898,1182/МОС/24 Aloval,BAM,Bambino,VBO:0100037,exact,1,Russia (records with explicit foreign address excluded),active cattery-breed association,FARUS,1006,https://xn--80a6adhc.xn--p1ai/catteries/95/898.html,2026-09-09,Supply-side federation register; multi-breed catteries contribute once to each listed breed; no animal/litter counts; undated cards retained; unknown codes omitted
RU-FARUS-CATTERIES-2026-09-09,898,1182/МОС/24 Aloval,ELF,Elf,VBO:0100091,exact,1,Russia (records with explicit foreign address excluded),active cattery-breed association,FARUS,1006,https://xn--80a6adhc.xn--p1ai/catteries/95/898.html,2026-09-09,Supply-side federation register; multi-breed catteries contribute once to each listed breed; no animal/litter counts; undated cards retained; unknown codes omitted
RU-FARUS-CATTERIES-2026-09-09,898,1182/МОС/24 Aloval,SPH,Sphynx,VBO:0100230,exact,1,Russia (records with explicit foreign address excluded),active cattery-breed association,FARUS,1006,https://xn--80a6adhc.xn--p1ai/catteries/95/898.html,2026-09-09,Supply-side federation register; multi-breed catteries contribute once to each listed breed; no animal/litter counts; undated cards retained; unknown codes omitted
RU-FARUS-CATTERIES-2026-09-09,903,1183/Чел/24 STAR SHINE*RU,BUR,Burmese,VBO:0100053,exact,1,Russia (records with explicit foreign address excluded),active cattery-breed association,FARUS,1006,https://xn--80a6adhc.xn--p1ai/catteries/110/903.html,2026-09-09,Supply-side federation register; multi-breed catteries contribute once to each listed breed; no animal/litter counts; undated cards retained; unknown codes omitted
RU-FARUS-CATTERIES-2026-09-09,904,1184/Чел/24 SILK HAPPINESS,BUR,Burmese,VBO:0100053,exact,1,Russia (records with explicit foreign address excluded),active cattery-breed association,FARUS,1006,https://xn--80a6adhc.xn--p1ai/catteries/110/904.html,2026-09-09,Supply-side federation register; multi-breed catteries contribute once to each listed breed; no animal/litter counts; undated cards retained; unknown codes omitted
RU-FARUS-CATTERIES-2026-09-09,905,1185/М/24 HUNTER TAIL,CHS,Chausie,VBO:0100068,exact,1,Russia (records with explicit foreign address excluded),active cattery-breed association,FARUS,1006,https://xn--80a6adhc.xn--p1ai/catteries/110/905.html,2026-09-09,Supply-side federation register; multi-breed catteries contribute once to each listed breed; no animal/litter counts; undated cards retained; unknown codes omitted
RU-FARUS-CATTERIES-2026-09-09,905,1185/М/24 HUNTER TAIL,MCO,Maine Coon,VBO:0100154,exact,1,Russia (records with explicit foreign address excluded),active cattery-breed association,FARUS,1006,https://xn--80a6adhc.xn--p1ai/catteries/110/905.html,2026-09-09,Supply-side federation register; multi-breed catteries contribute once to each listed breed; no animal/litter counts; undated cards retained; unknown codes omitted
RU-FARUS-CATTERIES-2026-09-09,905,1185/М/24 HUNTER TAIL,MCP,Maine Coon Polydactyl,VBO:0100155,exact,1,Russia (records with explicit foreign address excluded),active cattery-breed association,FARUS,1006,https://xn--80a6adhc.xn--p1ai/catteries/110/905.html,2026-09-09,Supply-side federation register; multi-breed catteries contribute once to each listed breed; no animal/litter counts; undated cards retained; unknown codes omitted
RU-FARUS-CATTERIES-2026-09-09,906,1186/УГ/24 EL SOURRI,OLH,Oriental Longhair,VBO:0100183,exact,1,Russia (records with explicit foreign address excluded),active cattery-breed association,FARUS,1006,https://xn--80a6adhc.xn--p1ai/catteries/110/906.html,2026-09-09,Supply-side federation register; multi-breed catteries contribute once to each listed breed; no animal/litter counts; undated cards retained; unknown codes omitted
RU-FARUS-CATTERIES-2026-09-09,906,1186/УГ/24 EL SOURRI,OSH,Oriental Shorthair,VBO:0100184,exact,1,Russia (records with explicit foreign address excluded),active cattery-breed association,FARUS,1006,https://xn--80a6adhc.xn--p1ai/catteries/110/906.html,2026-09-09,Supply-side federation register; multi-breed catteries contribute once to each listed breed; no animal/litter counts; undated cards retained; unknown codes omitted
RU-FARUS-CATTERIES-2026-09-09,906,1186/УГ/24 EL SOURRI,SIA,Siamese,VBO:0100221,exact,1,Russia (records with explicit foreign address excluded),active cattery-breed association,FARUS,1006,https://xn--80a6adhc.xn--p1ai/catteries/110/906.html,2026-09-09,Supply-side federation register; multi-breed catteries contribute once to each listed breed; no animal/litter counts; undated cards retained; unknown codes omitted
RU-FARUS-CATTERIES-2026-09-09,907,1187/М/24 DARLEN FLEUR,ABY,Abyssinian,VBO:0100000,exact,1,Russia (records with explicit foreign address excluded),active cattery-breed association,FARUS,1006,https://xn--80a6adhc.xn--p1ai/catteries/95/907.html,2026-09-09,Supply-side federation register; multi-breed catteries contribute once to each listed breed; no animal/litter counts; undated cards retained; unknown codes omitted
RU-FARUS-CATTERIES-2026-09-09,908,1188/МОХ/24 Blue Brownie,BRI,British Shorthair,VBO:0100052,exact,1,Russia (records with explicit foreign address excluded),active cattery-breed association,FARUS,1006,https://xn--80a6adhc.xn--p1ai/catteries/95/908.html,2026-09-09,Supply-side federation register; multi-breed catteries contribute once to each listed breed; no animal/litter counts; undated cards retained; unknown codes omitted
RU-FARUS-CATTERIES-2026-09-09,909,1189/Ир/24 BelDiana,MCO,Maine Coon,VBO:0100154,exact,1,Russia (records with explicit foreign address excluded),active cattery-breed association,FARUS,1006,https://xn--80a6adhc.xn--p1ai/catteries/95/909.html,2026-09-09,Supply-side federation register; multi-breed catteries contribute once to each listed breed; no animal/litter counts; undated cards retained; unknown codes omitted
RU-FARUS-CATTERIES-2026-09-09,909,1189/Ир/24 BelDiana,MCP,Maine Coon Polydactyl,VBO:0100155,exact,1,Russia (records with explicit foreign address excluded),active cattery-breed association,FARUS,1006,https://xn--80a6adhc.xn--p1ai/catteries/95/909.html,2026-09-09,Supply-side federation register; multi-breed catteries contribute once to each listed breed; no animal/litter counts; undated cards retained; unknown codes omitted
RU-FARUS-CATTERIES-2026-09-09,910,1190/M/24 Pushburg Veronika,MCO,Maine Coon,VBO:0100154,exact,1,Russia (records with explicit foreign address excluded),active cattery-breed association,FARUS,1006,https://xn--80a6adhc.xn--p1ai/catteries/95/910.html,2026-09-09,Supply-side federation register; multi-breed catteries contribute once to each listed breed; no animal/litter counts; undated cards retained; unknown codes omitted
RU-FARUS-CATTERIES-2026-09-09,910,1190/M/24 Pushburg Veronika,MCP,Maine Coon Polydactyl,VBO:0100155,exact,1,Russia (records with explicit foreign address excluded),active cattery-breed association,FARUS,1006,https://xn--80a6adhc.xn--p1ai/catteries/95/910.html,2026-09-09,Supply-side federation register; multi-breed catteries contribute once to each listed breed; no animal/litter counts; undated cards retained; unknown codes omitted
RU-FARUS-CATTERIES-2026-09-09,911,1191/M/24 Venefica cauda,MCO,Maine Coon,VBO:0100154,exact,1,Russia (records with explicit foreign address excluded),active cattery-breed association,FARUS,1006,https://xn--80a6adhc.xn--p1ai/catteries/95/911.html,2026-09-09,Supply-side federation register; multi-breed catteries contribute once to each listed breed; no animal/litter counts; undated cards retained; unknown codes omitted
RU-FARUS-CATTERIES-2026-09-09,912,1192/MОЛ/24 YukaOriCats,OSH,Oriental Shorthair,VBO:0100184,exact,1,Russia (records with explicit foreign address excluded),active cattery-breed association,FARUS,1006,https://xn--80a6adhc.xn--p1ai/catteries/132/912.html,2026-09-09,Supply-side federation register; multi-breed catteries contribute once to each listed breed; no animal/litter counts; undated cards retained; unknown codes omitted
RU-FARUS-CATTERIES-2026-09-09,912,1192/MОЛ/24 YukaOriCats,SIA,Siamese,VBO:0100221,exact,1,Russia (records with explicit foreign address excluded),active cattery-breed association,FARUS,1006,https://xn--80a6adhc.xn--p1ai/catteries/132/912.html,2026-09-09,Supply-side federation register; multi-breed catteries contribute once to each listed breed; no animal/litter counts; undated cards retained; unknown codes omitted
RU-FARUS-CATTERIES-2026-09-09,913,1193/MОС/24 Taliffa Way,EXO,Exotic Shorthair,VBO:0100096,exact,1,Russia (records with explicit foreign address excluded),active cattery-breed association,FARUS,1006,https://xn--80a6adhc.xn--p1ai/catteries/95/913.html,2026-09-09,Supply-side federation register; multi-breed catteries contribute once to each listed breed; no animal/litter counts; undated cards retained; unknown codes omitted
RU-FARUS-CATTERIES-2026-09-09,913,1193/MОС/24 Taliffa Way,PER,Persian,VBO:0100188,exact,1,Russia (records with explicit foreign address excluded),active cattery-breed association,FARUS,1006,https://xn--80a6adhc.xn--p1ai/catteries/95/913.html,2026-09-09,Supply-side federation register; multi-breed catteries contribute once to each listed breed; no animal/litter counts; undated cards retained; unknown codes omitted
RU-FARUS-CATTERIES-2026-09-09,914,1194/ТМ/24 SANTA-DE-LYAMUR,ELF,Elf,VBO:0100091,exact,1,Russia (records with explicit foreign address excluded),active cattery-breed association,FARUS,1006,https://xn--80a6adhc.xn--p1ai/catteries/95/914.html,2026-09-09,Supply-side federation register; multi-breed catteries contribute once to each listed breed; no animal/litter counts; undated cards retained; unknown codes omitted
RU-FARUS-CATTERIES-2026-09-09,915,1195/Ор/24 BURMistik Orel,BUR,Burmese,VBO:0100053,exact,1,Russia (records with explicit foreign address excluded),active cattery-breed association,FARUS,1006,https://xn--80a6adhc.xn--p1ai/catteries/97/915.html,2026-09-09,Supply-side federation register; multi-breed catteries contribute once to each listed breed; no animal/litter counts; undated cards retained; unknown codes omitted
RU-FARUS-CATTERIES-2026-09-09,917,1197/С-П/24 NEVSKY STYLE,SCS,Scottish Straight,VBO:0100213,exact,1,Russia (records with explicit foreign address excluded),active cattery-breed association,FARUS,1006,https://xn--80a6adhc.xn--p1ai/catteries/100/917.html,2026-09-09,Supply-side federation register; multi-breed catteries contribute once to each listed breed; no animal/litter counts; undated cards retained; unknown codes omitted
RU-FARUS-CATTERIES-2026-09-09,917,1197/С-П/24 NEVSKY STYLE,SFS,Scottish Fold,VBO:0100209,exact,1,Russia (records with explicit foreign address excluded),active cattery-breed association,FARUS,1006,https://xn--80a6adhc.xn--p1ai/catteries/100/917.html,2026-09-09,Supply-side federation register; multi-breed catteries contribute once to each listed breed; no animal/litter counts; undated cards retained; unknown codes omitted
RU-FARUS-CATTERIES-2026-09-09,918,1198/С-П/24 ERMI MUR,BEN,Bengal,VBO:0100040,exact,1,Russia (records with explicit foreign address excluded),active cattery-breed association,FARUS,1006,https://xn--80a6adhc.xn--p1ai/catteries/100/918.html,2026-09-09,Supply-side federation register; multi-breed catteries contribute once to each listed breed; no animal/litter counts; undated cards retained; unknown codes omitted
RU-FARUS-CATTERIES-2026-09-09,919,1199/ЛОВ/24 Klycheva is a Bengal Cat,BEN,Bengal,VBO:0100040,exact,1,Russia (records with explicit foreign address excluded),active cattery-breed association,FARUS,1006,https://xn--80a6adhc.xn--p1ai/catteries/100/919.html,2026-09-09,Supply-side federation register; multi-breed catteries contribute once to each listed breed; no animal/litter counts; undated cards retained; unknown codes omitted
RU-FARUS-CATTERIES-2026-09-09,920,1200/Ом/24 Sunny life,SCL,Scottish Straight Longhair,VBO:0100214,exact,1,Russia (records with explicit foreign address excluded),active cattery-breed association,FARUS,1006,https://xn--80a6adhc.xn--p1ai/catteries/126/920.html,2026-09-09,Supply-side federation register; multi-breed catteries contribute once to each listed breed; no animal/litter counts; undated cards retained; unknown codes omitted
RU-FARUS-CATTERIES-2026-09-09,920,1200/Ом/24 Sunny life,SCS,Scottish Straight,VBO:0100213,exact,1,Russia (records with explicit foreign address excluded),active cattery-breed association,FARUS,1006,https://xn--80a6adhc.xn--p1ai/catteries/126/920.html,2026-09-09,Supply-side federation register; multi-breed catteries contribute once to each listed breed; no animal/litter counts; undated cards retained; unknown codes omitted
RU-FARUS-CATTERIES-2026-09-09,920,1200/Ом/24 Sunny life,SFL,Scottish Fold Longhair,VBO:0100210,exact,1,Russia (records with explicit foreign address excluded),active cattery-breed association,FARUS,1006,https://xn--80a6adhc.xn--p1ai/catteries/126/920.html,2026-09-09,Supply-side federation register; multi-breed catteries contribute once to each listed breed; no animal/litter counts; undated cards retained; unknown codes omitted
RU-FARUS-CATTERIES-2026-09-09,920,1200/Ом/24 Sunny life,SFS,Scottish Fold,VBO:0100209,exact,1,Russia (records with explicit foreign address excluded),active cattery-breed association,FARUS,1006,https://xn--80a6adhc.xn--p1ai/catteries/126/920.html,2026-09-09,Supply-side federation register; multi-breed catteries contribute once to each listed breed; no animal/litter counts; undated cards retained; unknown codes omitted
RU-FARUS-CATTERIES-2026-09-09,921,1201/Н/24 Our tails,OSH,Oriental Shorthair,VBO:0100184,exact,1,Russia (records with explicit foreign address excluded),active cattery-breed association,FARUS,1006,https://xn--80a6adhc.xn--p1ai/catteries/107/921.html,2026-09-09,Supply-side federation register; multi-breed catteries contribute once to each listed breed; no animal/litter counts; undated cards retained; unknown codes omitted
RU-FARUS-CATTERIES-2026-09-09,922,1202/СК/24 Shilanna,DSX,Donskoy,VBO:0100086,exact,1,Russia (records with explicit foreign address excluded),active cattery-breed association,FARUS,1006,https://xn--80a6adhc.xn--p1ai/catteries/120/922.html,2026-09-09,Supply-side federation register; multi-breed catteries contribute once to each listed breed; no animal/litter counts; undated cards retained; unknown codes omitted
RU-FARUS-CATTERIES-2026-09-09,922,1202/СК/24 Shilanna,SPH,Sphynx,VBO:0100230,exact,1,Russia (records with explicit foreign address excluded),active cattery-breed association,FARUS,1006,https://xn--80a6adhc.xn--p1ai/catteries/120/922.html,2026-09-09,Supply-side federation register; multi-breed catteries contribute once to each listed breed; no animal/litter counts; undated cards retained; unknown codes omitted
RU-FARUS-CATTERIES-2026-09-09,923,1203/СЕ/24 DJEDKARA,SPH,Sphynx,VBO:0100230,exact,1,Russia (records with explicit foreign address excluded),active cattery-breed association,FARUS,1006,https://xn--80a6adhc.xn--p1ai/catteries/120/923.html,2026-09-09,Supply-side federation register; multi-breed catteries contribute once to each listed breed; no animal/litter counts; undated cards retained; unknown codes omitted
RU-FARUS-CATTERIES-2026-09-09,924,1204/ЛОМ/24 MANEKINEKO_CIM,BRI,British Shorthair,VBO:0100052,exact,1,Russia (records with explicit foreign address excluded),active cattery-breed association,FARUS,1006,https://xn--80a6adhc.xn--p1ai/catteries/102/924.html,2026-09-09,Supply-side federation register; multi-breed catteries contribute once to each listed breed; no animal/litter counts; undated cards retained; unknown codes omitted
RU-FARUS-CATTERIES-2026-09-09,924,1204/ЛОМ/24 MANEKINEKO_CIM,DRX,Devon Rex,VBO:0100084,exact,1,Russia (records with explicit foreign address excluded),active cattery-breed association,FARUS,1006,https://xn--80a6adhc.xn--p1ai/catteries/102/924.html,2026-09-09,Supply-side federation register; multi-breed catteries contribute once to each listed breed; no animal/litter counts; undated cards retained; unknown codes omitted
RU-FARUS-CATTERIES-2026-09-09,924,1204/ЛОМ/24 MANEKINEKO_CIM,SCS,Scottish Straight,VBO:0100213,exact,1,Russia (records with explicit foreign address excluded),active cattery-breed association,FARUS,1006,https://xn--80a6adhc.xn--p1ai/catteries/102/924.html,2026-09-09,Supply-side federation register; multi-breed catteries contribute once to each listed breed; no animal/litter counts; undated cards retained; unknown codes omitted
RU-FARUS-CATTERIES-2026-09-09,924,1204/ЛОМ/24 MANEKINEKO_CIM,SFS,Scottish Fold,VBO:0100209,exact,1,Russia (records with explicit foreign address excluded),active cattery-breed association,FARUS,1006,https://xn--80a6adhc.xn--p1ai/catteries/102/924.html,2026-09-09,Supply-side federation register; multi-breed catteries contribute once to each listed breed; no animal/litter counts; undated cards retained; unknown codes omitted
RU-FARUS-CATTERIES-2026-09-09,925,1205/С-П/24 Felimirs,OSH,Oriental Shorthair,VBO:0100184,exact,1,Russia (records with explicit foreign address excluded),active cattery-breed association,FARUS,1006,https://xn--80a6adhc.xn--p1ai/catteries/102/925.html,2026-09-09,Supply-side federation register; multi-breed catteries contribute once to each listed breed; no animal/litter counts; undated cards retained; unknown codes omitted
RU-FARUS-CATTERIES-2026-09-09,925,1205/С-П/24 Felimirs,SCS,Scottish Straight,VBO:0100213,exact,1,Russia (records with explicit foreign address excluded),active cattery-breed association,FARUS,1006,https://xn--80a6adhc.xn--p1ai/catteries/102/925.html,2026-09-09,Supply-side federation register; multi-breed catteries contribute once to each listed breed; no animal/litter counts; undated cards retained; unknown codes omitted
RU-FARUS-CATTERIES-2026-09-09,925,1205/С-П/24 Felimirs,SFS,Scottish Fold,VBO:0100209,exact,1,Russia (records with explicit foreign address excluded),active cattery-breed association,FARUS,1006,https://xn--80a6adhc.xn--p1ai/catteries/102/925.html,2026-09-09,Supply-side federation register; multi-breed catteries contribute once to each listed breed; no animal/litter counts; undated cards retained; unknown codes omitted
RU-FARUS-CATTERIES-2026-09-09,926,1206/SA/24 Platonic,SKS,Selkirk Rex Shorthair,VBO:0100217,exact,1,Russia (records with explicit foreign address excluded),active cattery-breed association,FARUS,1006,https://xn--80a6adhc.xn--p1ai/catteries/106/926.html,2026-09-09,Supply-side federation register; multi-breed catteries contribute once to each listed breed; no animal/litter counts; undated cards retained; unknown codes omitted
RU-FARUS-CATTERIES-2026-09-09,927,1207/ЛОК/24 LeVadis,BLH,British Longhair,VBO:0100051,exact,1,Russia (records with explicit foreign address excluded),active cattery-breed association,FARUS,1006,https://xn--80a6adhc.xn--p1ai/catteries/108/927.html,2026-09-09,Supply-side federation register; multi-breed catteries contribute once to each listed breed; no animal/litter counts; undated cards retained; unknown codes omitted
RU-FARUS-CATTERIES-2026-09-09,927,1207/ЛОК/24 LeVadis,BRI,British Shorthair,VBO:0100052,exact,1,Russia (records with explicit foreign address excluded),active cattery-breed association,FARUS,1006,https://xn--80a6adhc.xn--p1ai/catteries/108/927.html,2026-09-09,Supply-side federation register; multi-breed catteries contribute once to each listed breed; no animal/litter counts; undated cards retained; unknown codes omitted
RU-FARUS-CATTERIES-2026-09-09,927,1207/ЛОК/24 LeVadis,SCL,Scottish Straight Longhair,VBO:0100214,exact,1,Russia (records with explicit foreign address excluded),active cattery-breed association,FARUS,1006,https://xn--80a6adhc.xn--p1ai/catteries/108/927.html,2026-09-09,Supply-side federation register; multi-breed catteries contribute once to each listed breed; no animal/litter counts; undated cards retained; unknown codes omitted
RU-FARUS-CATTERIES-2026-09-09,927,1207/ЛОК/24 LeVadis,SCS,Scottish Straight,VBO:0100213,exact,1,Russia (records with explicit foreign address excluded),active cattery-breed association,FARUS,1006,https://xn--80a6adhc.xn--p1ai/catteries/108/927.html,2026-09-09,Supply-side federation register; multi-breed catteries contribute once to each listed breed; no animal/litter counts; undated cards retained; unknown codes omitted
RU-FARUS-CATTERIES-2026-09-09,927,1207/ЛОК/24 LeVadis,SFL,Scottish Fold Longhair,VBO:0100210,exact,1,Russia (records with explicit foreign address excluded),active cattery-breed association,FARUS,1006,https://xn--80a6adhc.xn--p1ai/catteries/108/927.html,2026-09-09,Supply-side federation register; multi-breed catteries contribute once to each listed breed; no animal/litter counts; undated cards retained; unknown codes omitted
RU-FARUS-CATTERIES-2026-09-09,927,1207/ЛОК/24 LeVadis,SFS,Scottish Fold,VBO:0100209,exact,1,Russia (records with explicit foreign address excluded),active cattery-breed association,FARUS,1006,https://xn--80a6adhc.xn--p1ai/catteries/108/927.html,2026-09-09,Supply-side federation register; multi-breed catteries contribute once to each listed breed; no animal/litter counts; undated cards retained; unknown codes omitted
RU-FARUS-CATTERIES-2026-09-09,928,1208/MОЭ/24 Cats-in-boots,SCS,Scottish Straight,VBO:0100213,exact,1,Russia (records with explicit foreign address excluded),active cattery-breed association,FARUS,1006,https://xn--80a6adhc.xn--p1ai/catteries/95/928.html,2026-09-09,Supply-side federation register; multi-breed catteries contribute once to each listed breed; no animal/litter counts; undated cards retained; unknown codes omitted
RU-FARUS-CATTERIES-2026-09-09,928,1208/MОЭ/24 Cats-in-boots,SFS,Scottish Fold,VBO:0100209,exact,1,Russia (records with explicit foreign address excluded),active cattery-breed association,FARUS,1006,https://xn--80a6adhc.xn--p1ai/catteries/95/928.html,2026-09-09,Supply-side federation register; multi-breed catteries contribute once to each listed breed; no animal/litter counts; undated cards retained; unknown codes omitted
RU-FARUS-CATTERIES-2026-09-09,929,1209/ЧШ/24 Lion Heart,MCO,Maine Coon,VBO:0100154,exact,1,Russia (records with explicit foreign address excluded),active cattery-breed association,FARUS,1006,https://xn--80a6adhc.xn--p1ai/catteries/95/929.html,2026-09-09,Supply-side federation register; multi-breed catteries contribute once to each listed breed; no animal/litter counts; undated cards retained; unknown codes omitted
RU-FARUS-CATTERIES-2026-09-09,930,1210/С-П/24 Grace Emily,BRI,British Shorthair,VBO:0100052,exact,1,Russia (records with explicit foreign address excluded),active cattery-breed association,FARUS,1006,https://xn--80a6adhc.xn--p1ai/catteries/102/930.html,2026-09-09,Supply-side federation register; multi-breed catteries contribute once to each listed breed; no animal/litter counts; undated cards retained; unknown codes omitted
RU-FARUS-CATTERIES-2026-09-09,930,1210/С-П/24 Grace Emily,SCS,Scottish Straight,VBO:0100213,exact,1,Russia (records with explicit foreign address excluded),active cattery-breed association,FARUS,1006,https://xn--80a6adhc.xn--p1ai/catteries/102/930.html,2026-09-09,Supply-side federation register; multi-breed catteries contribute once to each listed breed; no animal/litter counts; undated cards retained; unknown codes omitted
RU-FARUS-CATTERIES-2026-09-09,930,1210/С-П/24 Grace Emily,SFS,Scottish Fold,VBO:0100209,exact,1,Russia (records with explicit foreign address excluded),active cattery-breed association,FARUS,1006,https://xn--80a6adhc.xn--p1ai/catteries/102/930.html,2026-09-09,Supply-side federation register; multi-breed catteries contribute once to each listed breed; no animal/litter counts; undated cards retained; unknown codes omitted
RU-FARUS-CATTERIES-2026-09-09,931,1211/ЛОО/24 Koto Grand Coon,MCO,Maine Coon,VBO:0100154,exact,1,Russia (records with explicit foreign address excluded),active cattery-breed association,FARUS,1006,https://xn--80a6adhc.xn--p1ai/catteries/100/931.html,2026-09-09,Supply-side federation register; multi-breed catteries contribute once to each listed breed; no animal/litter counts; undated cards retained; unknown codes omitted
RU-FARUS-CATTERIES-2026-09-09,931,1211/ЛОО/24 Koto Grand Coon,MCP,Maine Coon Polydactyl,VBO:0100155,exact,1,Russia (records with explicit foreign address excluded),active cattery-breed association,FARUS,1006,https://xn--80a6adhc.xn--p1ai/catteries/100/931.html,2026-09-09,Supply-side federation register; multi-breed catteries contribute once to each listed breed; no animal/litter counts; undated cards retained; unknown codes omitted
RU-FARUS-CATTERIES-2026-09-09,933,942/С-П/22 RUNA FURTUNA,BUR,Burmese,VBO:0100053,exact,1,Russia (records with explicit foreign address excluded),active cattery-breed association,FARUS,1006,https://xn--80a6adhc.xn--p1ai/catteries/102/933.html,2026-09-09,Supply-side federation register; multi-breed catteries contribute once to each listed breed; no animal/litter counts; undated cards retained; unknown codes omitted
RU-FARUS-CATTERIES-2026-09-09,934,1216/K/24 MilkaMax,SCL,Scottish Straight Longhair,VBO:0100214,exact,1,Russia (records with explicit foreign address excluded),active cattery-breed association,FARUS,1006,https://xn--80a6adhc.xn--p1ai/catteries/112/934.html,2026-09-09,Supply-side federation register; multi-breed catteries contribute once to each listed breed; no animal/litter counts; undated cards retained; unknown codes omitted
RU-FARUS-CATTERIES-2026-09-09,934,1216/K/24 MilkaMax,SCS,Scottish Straight,VBO:0100213,exact,1,Russia (records with explicit foreign address excluded),active cattery-breed association,FARUS,1006,https://xn--80a6adhc.xn--p1ai/catteries/112/934.html,2026-09-09,Supply-side federation register; multi-breed catteries contribute once to each listed breed; no animal/litter counts; undated cards retained; unknown codes omitted
RU-FARUS-CATTERIES-2026-09-09,934,1216/K/24 MilkaMax,SFL,Scottish Fold Longhair,VBO:0100210,exact,1,Russia (records with explicit foreign address excluded),active cattery-breed association,FARUS,1006,https://xn--80a6adhc.xn--p1ai/catteries/112/934.html,2026-09-09,Supply-side federation register; multi-breed catteries contribute once to each listed breed; no animal/litter counts; undated cards retained; unknown codes omitted
RU-FARUS-CATTERIES-2026-09-09,934,1216/K/24 MilkaMax,SFS,Scottish Fold,VBO:0100209,exact,1,Russia (records with explicit foreign address excluded),active cattery-breed association,FARUS,1006,https://xn--80a6adhc.xn--p1ai/catteries/112/934.html,2026-09-09,Supply-side federation register; multi-breed catteries contribute once to each listed breed; no animal/litter counts; undated cards retained; unknown codes omitted
RU-FARUS-CATTERIES-2026-09-09,939,632/М/24 CRISTY`S Pride,BRI,British Shorthair,VBO:0100052,exact,1,Russia (records with explicit foreign address excluded),active cattery-breed association,FARUS,1006,https://xn--80a6adhc.xn--p1ai/catteries/95/939.html,2026-09-09,Supply-side federation register; multi-breed catteries contribute once to each listed breed; no animal/litter counts; undated cards retained; unknown codes omitted
RU-FARUS-CATTERIES-2026-09-09,939,632/М/24 CRISTY`S Pride,DRX,Devon Rex,VBO:0100084,exact,1,Russia (records with explicit foreign address excluded),active cattery-breed association,FARUS,1006,https://xn--80a6adhc.xn--p1ai/catteries/95/939.html,2026-09-09,Supply-side federation register; multi-breed catteries contribute once to each listed breed; no animal/litter counts; undated cards retained; unknown codes omitted
RU-FARUS-CATTERIES-2026-09-09,940,1217/СТ/24 Demiren,MNC,Munchkin,VBO:0100169,exact,1,Russia (records with explicit foreign address excluded),active cattery-breed association,FARUS,1006,https://xn--80a6adhc.xn--p1ai/catteries/95/940.html,2026-09-09,Supply-side federation register; multi-breed catteries contribute once to each listed breed; no animal/litter counts; undated cards retained; unknown codes omitted
RU-FARUS-CATTERIES-2026-09-09,940,1217/СТ/24 Demiren,SKS,Selkirk Rex Shorthair,VBO:0100217,exact,1,Russia (records with explicit foreign address excluded),active cattery-breed association,FARUS,1006,https://xn--80a6adhc.xn--p1ai/catteries/95/940.html,2026-09-09,Supply-side federation register; multi-breed catteries contribute once to each listed breed; no animal/litter counts; undated cards retained; unknown codes omitted
RU-FARUS-CATTERIES-2026-09-09,941,1218/СП/24 CloverOST,SCL,Scottish Straight Longhair,VBO:0100214,exact,1,Russia (records with explicit foreign address excluded),active cattery-breed association,FARUS,1006,https://xn--80a6adhc.xn--p1ai/catteries/95/941.html,2026-09-09,Supply-side federation register; multi-breed catteries contribute once to each listed breed; no animal/litter counts; undated cards retained; unknown codes omitted
RU-FARUS-CATTERIES-2026-09-09,941,1218/СП/24 CloverOST,SCS,Scottish Straight,VBO:0100213,exact,1,Russia (records with explicit foreign address excluded),active cattery-breed association,FARUS,1006,https://xn--80a6adhc.xn--p1ai/catteries/95/941.html,2026-09-09,Supply-side federation register; multi-breed catteries contribute once to each listed breed; no animal/litter counts; undated cards retained; unknown codes omitted
RU-FARUS-CATTERIES-2026-09-09,941,1218/СП/24 CloverOST,SFL,Scottish Fold Longhair,VBO:0100210,exact,1,Russia (records with explicit foreign address excluded),active cattery-breed association,FARUS,1006,https://xn--80a6adhc.xn--p1ai/catteries/95/941.html,2026-09-09,Supply-side federation register; multi-breed catteries contribute once to each listed breed; no animal/litter counts; undated cards retained; unknown codes omitted
RU-FARUS-CATTERIES-2026-09-09,941,1218/СП/24 CloverOST,SFS,Scottish Fold,VBO:0100209,exact,1,Russia (records with explicit foreign address excluded),active cattery-breed association,FARUS,1006,https://xn--80a6adhc.xn--p1ai/catteries/95/941.html,2026-09-09,Supply-side federation register; multi-breed catteries contribute once to each listed breed; no animal/litter counts; undated cards retained; unknown codes omitted
RU-FARUS-CATTERIES-2026-09-09,942,1219/МОБ /24 Ishulands,MCO,Maine Coon,VBO:0100154,exact,1,Russia (records with explicit foreign address excluded),active cattery-breed association,FARUS,1006,https://xn--80a6adhc.xn--p1ai/catteries/95/942.html,2026-09-09,Supply-side federation register; multi-breed catteries contribute once to each listed breed; no animal/litter counts; undated cards retained; unknown codes omitted
RU-FARUS-CATTERIES-2026-09-09,943,1220/М/24 De Jen Valentino,DRX,Devon Rex,VBO:0100084,exact,1,Russia (records with explicit foreign address excluded),active cattery-breed association,FARUS,1006,https://xn--80a6adhc.xn--p1ai/catteries/95/943.html,2026-09-09,Supply-side federation register; multi-breed catteries contribute once to each listed breed; no animal/litter counts; undated cards retained; unknown codes omitted
RU-FARUS-CATTERIES-2026-09-09,944,1221/М/24 Цветок Итурупа,KBL,Kurilian Bobtail Longhair,VBO:0100147,exact,1,Russia (records with explicit foreign address excluded),active cattery-breed association,FARUS,1006,https://xn--80a6adhc.xn--p1ai/catteries/95/944.html,2026-09-09,Supply-side federation register; multi-breed catteries contribute once to each listed breed; no animal/litter counts; undated cards retained; unknown codes omitted
RU-FARUS-CATTERIES-2026-09-09,945,1222/М/24 Cherrycat,BRI,British Shorthair,VBO:0100052,exact,1,Russia (records with explicit foreign address excluded),active cattery-breed association,FARUS,1006,https://xn--80a6adhc.xn--p1ai/catteries/95/945.html,2026-09-09,Supply-side federation register; multi-breed catteries contribute once to each listed breed; no animal/litter counts; undated cards retained; unknown codes omitted
RU-FARUS-CATTERIES-2026-09-09,946,1223/М/24 STAR HOUSE ALEX*RU,OSH,Oriental Shorthair,VBO:0100184,exact,1,Russia (records with explicit foreign address excluded),active cattery-breed association,FARUS,1006,https://xn--80a6adhc.xn--p1ai/catteries/95/946.html,2026-09-09,Supply-side federation register; multi-breed catteries contribute once to each listed breed; no animal/litter counts; undated cards retained; unknown codes omitted
RU-FARUS-CATTERIES-2026-09-09,946,1223/М/24 STAR HOUSE ALEX*RU,SIA,Siamese,VBO:0100221,exact,1,Russia (records with explicit foreign address excluded),active cattery-breed association,FARUS,1006,https://xn--80a6adhc.xn--p1ai/catteries/95/946.html,2026-09-09,Supply-side federation register; multi-breed catteries contribute once to each listed breed; no animal/litter counts; undated cards retained; unknown codes omitted
RU-FARUS-CATTERIES-2026-09-09,947,1224/Т/24 STAR DYNASTY,BRI,British Shorthair,VBO:0100052,exact,1,Russia (records with explicit foreign address excluded),active cattery-breed association,FARUS,1006,https://xn--80a6adhc.xn--p1ai/catteries/95/947.html,2026-09-09,Supply-side federation register; multi-breed catteries contribute once to each listed breed; no animal/litter counts; undated cards retained; unknown codes omitted
RU-FARUS-CATTERIES-2026-09-09,947,1224/Т/24 STAR DYNASTY,SKS,Selkirk Rex Shorthair,VBO:0100217,exact,1,Russia (records with explicit foreign address excluded),active cattery-breed association,FARUS,1006,https://xn--80a6adhc.xn--p1ai/catteries/95/947.html,2026-09-09,Supply-side federation register; multi-breed catteries contribute once to each listed breed; no animal/litter counts; undated cards retained; unknown codes omitted
RU-FARUS-CATTERIES-2026-09-09,948,1225/С-П/24 Pretty Bengal,BEN,Bengal,VBO:0100040,exact,1,Russia (records with explicit foreign address excluded),active cattery-breed association,FARUS,1006,https://xn--80a6adhc.xn--p1ai/catteries/102/948.html,2026-09-09,Supply-side federation register; multi-breed catteries contribute once to each listed breed; no animal/litter counts; undated cards retained; unknown codes omitted
RU-FARUS-CATTERIES-2026-09-09,949,1226/С-П/24 Runa Premium,BUR,Burmese,VBO:0100053,exact,1,Russia (records with explicit foreign address excluded),active cattery-breed association,FARUS,1006,https://xn--80a6adhc.xn--p1ai/catteries/102/949.html,2026-09-09,Supply-side federation register; multi-breed catteries contribute once to each listed breed; no animal/litter counts; undated cards retained; unknown codes omitted
RU-FARUS-CATTERIES-2026-09-09,950,1227/СЕ/24 OriSia_Mikas,OSH,Oriental Shorthair,VBO:0100184,exact,1,Russia (records with explicit foreign address excluded),active cattery-breed association,FARUS,1006,https://xn--80a6adhc.xn--p1ai/catteries/98/950.html,2026-09-09,Supply-side federation register; multi-breed catteries contribute once to each listed breed; no animal/litter counts; undated cards retained; unknown codes omitted
RU-FARUS-CATTERIES-2026-09-09,950,1227/СЕ/24 OriSia_Mikas,PBD,Peterbald,VBO:0100189,exact,1,Russia (records with explicit foreign address excluded),active cattery-breed association,FARUS,1006,https://xn--80a6adhc.xn--p1ai/catteries/98/950.html,2026-09-09,Supply-side federation register; multi-breed catteries contribute once to each listed breed; no animal/litter counts; undated cards retained; unknown codes omitted
RU-FARUS-CATTERIES-2026-09-09,950,1227/СЕ/24 OriSia_Mikas,SIA,Siamese,VBO:0100221,exact,1,Russia (records with explicit foreign address excluded),active cattery-breed association,FARUS,1006,https://xn--80a6adhc.xn--p1ai/catteries/98/950.html,2026-09-09,Supply-side federation register; multi-breed catteries contribute once to each listed breed; no animal/litter counts; undated cards retained; unknown codes omitted
RU-FARUS-CATTERIES-2026-09-09,951,1228/КМ/24 Black Sea`s Lions,MCO,Maine Coon,VBO:0100154,exact,1,Russia (records with explicit foreign address excluded),active cattery-breed association,FARUS,1006,https://xn--80a6adhc.xn--p1ai/catteries/109/951.html,2026-09-09,Supply-side federation register; multi-breed catteries contribute once to each listed breed; no animal/litter counts; undated cards retained; unknown codes omitted
RU-FARUS-CATTERIES-2026-09-09,952,1229/Т/24 Faerun,BLH,British Longhair,VBO:0100051,exact,1,Russia (records with explicit foreign address excluded),active cattery-breed association,FARUS,1006,https://xn--80a6adhc.xn--p1ai/catteries/126/952.html,2026-09-09,Supply-side federation register; multi-breed catteries contribute once to each listed breed; no animal/litter counts; undated cards retained; unknown codes omitted
RU-FARUS-CATTERIES-2026-09-09,952,1229/Т/24 Faerun,BRI,British Shorthair,VBO:0100052,exact,1,Russia (records with explicit foreign address excluded),active cattery-breed association,FARUS,1006,https://xn--80a6adhc.xn--p1ai/catteries/126/952.html,2026-09-09,Supply-side federation register; multi-breed catteries contribute once to each listed breed; no animal/litter counts; undated cards retained; unknown codes omitted
RU-FARUS-CATTERIES-2026-09-09,953,1230/Ор/24 Matroskin cat 57,MCO,Maine Coon,VBO:0100154,exact,1,Russia (records with explicit foreign address excluded),active cattery-breed association,FARUS,1006,https://xn--80a6adhc.xn--p1ai/catteries/97/953.html,2026-09-09,Supply-side federation register; multi-breed catteries contribute once to each listed breed; no animal/litter counts; undated cards retained; unknown codes omitted
RU-FARUS-CATTERIES-2026-09-09,954,1231/Ор/24 ORI-57-NIKA,OSH,Oriental Shorthair,VBO:0100184,exact,1,Russia (records with explicit foreign address excluded),active cattery-breed association,FARUS,1006,https://xn--80a6adhc.xn--p1ai/catteries/97/954.html,2026-09-09,Supply-side federation register; multi-breed catteries contribute once to each listed breed; no animal/litter counts; undated cards retained; unknown codes omitted
RU-FARUS-CATTERIES-2026-09-09,955,1232/С-П/24 AN-KOR,MCO,Maine Coon,VBO:0100154,exact,1,Russia (records with explicit foreign address excluded),active cattery-breed association,FARUS,1006,https://xn--80a6adhc.xn--p1ai/catteries/100/955.html,2026-09-09,Supply-side federation register; multi-breed catteries contribute once to each listed breed; no animal/litter counts; undated cards retained; unknown codes omitted
RU-FARUS-CATTERIES-2026-09-09,955,1232/С-П/24 AN-KOR,MCP,Maine Coon Polydactyl,VBO:0100155,exact,1,Russia (records with explicit foreign address excluded),active cattery-breed association,FARUS,1006,https://xn--80a6adhc.xn--p1ai/catteries/100/955.html,2026-09-09,Supply-side federation register; multi-breed catteries contribute once to each listed breed; no animal/litter counts; undated cards retained; unknown codes omitted
RU-FARUS-CATTERIES-2026-09-09,956,1233/ЛОУ/24 The Star of the little Bear,SCS,Scottish Straight,VBO:0100213,exact,1,Russia (records with explicit foreign address excluded),active cattery-breed association,FARUS,1006,https://xn--80a6adhc.xn--p1ai/catteries/100/956.html,2026-09-09,Supply-side federation register; multi-breed catteries contribute once to each listed breed; no animal/litter counts; undated cards retained; unknown codes omitted
RU-FARUS-CATTERIES-2026-09-09,956,1233/ЛОУ/24 The Star of the little Bear,SFS,Scottish Fold,VBO:0100209,exact,1,Russia (records with explicit foreign address excluded),active cattery-breed association,FARUS,1006,https://xn--80a6adhc.xn--p1ai/catteries/100/956.html,2026-09-09,Supply-side federation register; multi-breed catteries contribute once to each listed breed; no animal/litter counts; undated cards retained; unknown codes omitted
RU-FARUS-CATTERIES-2026-09-09,967,179/M/22 Tommy Banks,THA,Thai,VBO:0100235,exact,1,Russia (records with explicit foreign address excluded),active cattery-breed association,FARUS,1006,https://xn--80a6adhc.xn--p1ai/catteries/95/967.html,2026-09-09,Supply-side federation register; multi-breed catteries contribute once to each listed breed; no animal/litter counts; undated cards retained; unknown codes omitted
RU-FARUS-CATTERIES-2026-09-09,969,1236/КГ/24 Vyatka bengal 43,BEN,Bengal,VBO:0100040,exact,1,Russia (records with explicit foreign address excluded),active cattery-breed association,FARUS,1006,https://xn--80a6adhc.xn--p1ai/catteries/98/969.html,2026-09-09,Supply-side federation register; multi-breed catteries contribute once to each listed breed; no animal/litter counts; undated cards retained; unknown codes omitted
RU-FARUS-CATTERIES-2026-09-09,970,1237/В/24 SunFurShine,BRI,British Shorthair,VBO:0100052,exact,1,Russia (records with explicit foreign address excluded),active cattery-breed association,FARUS,1006,https://xn--80a6adhc.xn--p1ai/catteries/95/970.html,2026-09-09,Supply-side federation register; multi-breed catteries contribute once to each listed breed; no animal/litter counts; undated cards retained; unknown codes omitted
RU-FARUS-CATTERIES-2026-09-09,970,1237/В/24 SunFurShine,SCS,Scottish Straight,VBO:0100213,exact,1,Russia (records with explicit foreign address excluded),active cattery-breed association,FARUS,1006,https://xn--80a6adhc.xn--p1ai/catteries/95/970.html,2026-09-09,Supply-side federation register; multi-breed catteries contribute once to each listed breed; no animal/litter counts; undated cards retained; unknown codes omitted
RU-FARUS-CATTERIES-2026-09-09,970,1237/В/24 SunFurShine,SFS,Scottish Fold,VBO:0100209,exact,1,Russia (records with explicit foreign address excluded),active cattery-breed association,FARUS,1006,https://xn--80a6adhc.xn--p1ai/catteries/95/970.html,2026-09-09,Supply-side federation register; multi-breed catteries contribute once to each listed breed; no animal/litter counts; undated cards retained; unknown codes omitted
RU-FARUS-CATTERIES-2026-09-09,971,1238/М/24 CHERRY AMBER*RU,OSH,Oriental Shorthair,VBO:0100184,exact,1,Russia (records with explicit foreign address excluded),active cattery-breed association,FARUS,1006,https://xn--80a6adhc.xn--p1ai/catteries/95/971.html,2026-09-09,Supply-side federation register; multi-breed catteries contribute once to each listed breed; no animal/litter counts; undated cards retained; unknown codes omitted
RU-FARUS-CATTERIES-2026-09-09,971,1238/М/24 CHERRY AMBER*RU,SIA,Siamese,VBO:0100221,exact,1,Russia (records with explicit foreign address excluded),active cattery-breed association,FARUS,1006,https://xn--80a6adhc.xn--p1ai/catteries/95/971.html,2026-09-09,Supply-side federation register; multi-breed catteries contribute once to each listed breed; no animal/litter counts; undated cards retained; unknown codes omitted
RU-FARUS-CATTERIES-2026-09-09,972,1239/МОК/24 Amore Mio,BRI,British Shorthair,VBO:0100052,exact,1,Russia (records with explicit foreign address excluded),active cattery-breed association,FARUS,1006,https://xn--80a6adhc.xn--p1ai/catteries/95/972.html,2026-09-09,Supply-side federation register; multi-breed catteries contribute once to each listed breed; no animal/litter counts; undated cards retained; unknown codes omitted
RU-FARUS-CATTERIES-2026-09-09,972,1239/МОК/24 Amore Mio,SCS,Scottish Straight,VBO:0100213,exact,1,Russia (records with explicit foreign address excluded),active cattery-breed association,FARUS,1006,https://xn--80a6adhc.xn--p1ai/catteries/95/972.html,2026-09-09,Supply-side federation register; multi-breed catteries contribute once to each listed breed; no animal/litter counts; undated cards retained; unknown codes omitted
RU-FARUS-CATTERIES-2026-09-09,972,1239/МОК/24 Amore Mio,SFS,Scottish Fold,VBO:0100209,exact,1,Russia (records with explicit foreign address excluded),active cattery-breed association,FARUS,1006,https://xn--80a6adhc.xn--p1ai/catteries/95/972.html,2026-09-09,Supply-side federation register; multi-breed catteries contribute once to each listed breed; no animal/litter counts; undated cards retained; unknown codes omitted
RU-FARUS-CATTERIES-2026-09-09,973,1240/КШ/24 Silveri fameli,SCS,Scottish Straight,VBO:0100213,exact,1,Russia (records with explicit foreign address excluded),active cattery-breed association,FARUS,1006,https://xn--80a6adhc.xn--p1ai/catteries/95/973.html,2026-09-09,Supply-side federation register; multi-breed catteries contribute once to each listed breed; no animal/litter counts; undated cards retained; unknown codes omitted
RU-FARUS-CATTERIES-2026-09-09,973,1240/КШ/24 Silveri fameli,SFS,Scottish Fold,VBO:0100209,exact,1,Russia (records with explicit foreign address excluded),active cattery-breed association,FARUS,1006,https://xn--80a6adhc.xn--p1ai/catteries/95/973.html,2026-09-09,Supply-side federation register; multi-breed catteries contribute once to each listed breed; no animal/litter counts; undated cards retained; unknown codes omitted
RU-FARUS-CATTERIES-2026-09-09,973,1240/КШ/24 Silveri fameli,SKS,Selkirk Rex Shorthair,VBO:0100217,exact,1,Russia (records with explicit foreign address excluded),active cattery-breed association,FARUS,1006,https://xn--80a6adhc.xn--p1ai/catteries/95/973.html,2026-09-09,Supply-side federation register; multi-breed catteries contribute once to each listed breed; no animal/litter counts; undated cards retained; unknown codes omitted
RU-FARUS-CATTERIES-2026-09-09,974,1241/КВ/24 Pearl Bead,BEN,Bengal,VBO:0100040,exact,1,Russia (records with explicit foreign address excluded),active cattery-breed association,FARUS,1006,https://xn--80a6adhc.xn--p1ai/catteries/95/974.html,2026-09-09,Supply-side federation register; multi-breed catteries contribute once to each listed breed; no animal/litter counts; undated cards retained; unknown codes omitted
RU-FARUS-CATTERIES-2026-09-09,975,1242/КГ/24 Ot Solokhinoy,BAM,Bambino,VBO:0100037,exact,1,Russia (records with explicit foreign address excluded),active cattery-breed association,FARUS,1006,https://xn--80a6adhc.xn--p1ai/catteries/95/975.html,2026-09-09,Supply-side federation register; multi-breed catteries contribute once to each listed breed; no animal/litter counts; undated cards retained; unknown codes omitted
RU-FARUS-CATTERIES-2026-09-09,975,1242/КГ/24 Ot Solokhinoy,CHS,Chausie,VBO:0100068,exact,1,Russia (records with explicit foreign address excluded),active cattery-breed association,FARUS,1006,https://xn--80a6adhc.xn--p1ai/catteries/95/975.html,2026-09-09,Supply-side federation register; multi-breed catteries contribute once to each listed breed; no animal/litter counts; undated cards retained; unknown codes omitted
RU-FARUS-CATTERIES-2026-09-09,975,1242/КГ/24 Ot Solokhinoy,DRX,Devon Rex,VBO:0100084,exact,1,Russia (records with explicit foreign address excluded),active cattery-breed association,FARUS,1006,https://xn--80a6adhc.xn--p1ai/catteries/95/975.html,2026-09-09,Supply-side federation register; multi-breed catteries contribute once to each listed breed; no animal/litter counts; undated cards retained; unknown codes omitted
RU-FARUS-CATTERIES-2026-09-09,975,1242/КГ/24 Ot Solokhinoy,MCO,Maine Coon,VBO:0100154,exact,1,Russia (records with explicit foreign address excluded),active cattery-breed association,FARUS,1006,https://xn--80a6adhc.xn--p1ai/catteries/95/975.html,2026-09-09,Supply-side federation register; multi-breed catteries contribute once to each listed breed; no animal/litter counts; undated cards retained; unknown codes omitted
RU-FARUS-CATTERIES-2026-09-09,975,1242/КГ/24 Ot Solokhinoy,SCS,Scottish Straight,VBO:0100213,exact,1,Russia (records with explicit foreign address excluded),active cattery-breed association,FARUS,1006,https://xn--80a6adhc.xn--p1ai/catteries/95/975.html,2026-09-09,Supply-side federation register; multi-breed catteries contribute once to each listed breed; no animal/litter counts; undated cards retained; unknown codes omitted
RU-FARUS-CATTERIES-2026-09-09,975,1242/КГ/24 Ot Solokhinoy,SFS,Scottish Fold,VBO:0100209,exact,1,Russia (records with explicit foreign address excluded),active cattery-breed association,FARUS,1006,https://xn--80a6adhc.xn--p1ai/catteries/95/975.html,2026-09-09,Supply-side federation register; multi-breed catteries contribute once to each listed breed; no animal/litter counts; undated cards retained; unknown codes omitted
RU-FARUS-CATTERIES-2026-09-09,975,1242/КГ/24 Ot Solokhinoy,SPH,Sphynx,VBO:0100230,exact,1,Russia (records with explicit foreign address excluded),active cattery-breed association,FARUS,1006,https://xn--80a6adhc.xn--p1ai/catteries/95/975.html,2026-09-09,Supply-side federation register; multi-breed catteries contribute once to each listed breed; no animal/litter counts; undated cards retained; unknown codes omitted
RU-FARUS-CATTERIES-2026-09-09,976,1243/ОТ/24 Love in every house,OSH,Oriental Shorthair,VBO:0100184,exact,1,Russia (records with explicit foreign address excluded),active cattery-breed association,FARUS,1006,https://xn--80a6adhc.xn--p1ai/catteries/126/976.html,2026-09-09,Supply-side federation register; multi-breed catteries contribute once to each listed breed; no animal/litter counts; undated cards retained; unknown codes omitted
RU-FARUS-CATTERIES-2026-09-09,976,1243/ОТ/24 Love in every house,SIA,Siamese,VBO:0100221,exact,1,Russia (records with explicit foreign address excluded),active cattery-breed association,FARUS,1006,https://xn--80a6adhc.xn--p1ai/catteries/126/976.html,2026-09-09,Supply-side federation register; multi-breed catteries contribute once to each listed breed; no animal/litter counts; undated cards retained; unknown codes omitted
RU-FARUS-CATTERIES-2026-09-09,977,1244/Л/24 Gratefulcat,URS,Ural Rex,VBO:0100253,exact,1,Russia (records with explicit foreign address excluded),active cattery-breed association,FARUS,1006,https://xn--80a6adhc.xn--p1ai/catteries/113/977.html,2026-09-09,Supply-side federation register; multi-breed catteries contribute once to each listed breed; no animal/litter counts; undated cards retained; unknown codes omitted
RU-FARUS-CATTERIES-2026-09-09,978,1245/Л/24 Heavenly Castle,MCO,Maine Coon,VBO:0100154,exact,1,Russia (records with explicit foreign address excluded),active cattery-breed association,FARUS,1006,https://xn--80a6adhc.xn--p1ai/catteries/113/978.html,2026-09-09,Supply-side federation register; multi-breed catteries contribute once to each listed breed; no animal/litter counts; undated cards retained; unknown codes omitted
RU-FARUS-CATTERIES-2026-09-09,978,1245/Л/24 Heavenly Castle,SCS,Scottish Straight,VBO:0100213,exact,1,Russia (records with explicit foreign address excluded),active cattery-breed association,FARUS,1006,https://xn--80a6adhc.xn--p1ai/catteries/113/978.html,2026-09-09,Supply-side federation register; multi-breed catteries contribute once to each listed breed; no animal/litter counts; undated cards retained; unknown codes omitted
RU-FARUS-CATTERIES-2026-09-09,978,1245/Л/24 Heavenly Castle,SFS,Scottish Fold,VBO:0100209,exact,1,Russia (records with explicit foreign address excluded),active cattery-breed association,FARUS,1006,https://xn--80a6adhc.xn--p1ai/catteries/113/978.html,2026-09-09,Supply-side federation register; multi-breed catteries contribute once to each listed breed; no animal/litter counts; undated cards retained; unknown codes omitted
RU-FARUS-CATTERIES-2026-09-09,979,1246/Л/24 Leader Forever,KBS,Kurilian Bobtail Shorthair,VBO:0100148,exact,1,Russia (records with explicit foreign address excluded),active cattery-breed association,FARUS,1006,https://xn--80a6adhc.xn--p1ai/catteries/113/979.html,2026-09-09,Supply-side federation register; multi-breed catteries contribute once to each listed breed; no animal/litter counts; undated cards retained; unknown codes omitted
RU-FARUS-CATTERIES-2026-09-09,979,1246/Л/24 Leader Forever,MCO,Maine Coon,VBO:0100154,exact,1,Russia (records with explicit foreign address excluded),active cattery-breed association,FARUS,1006,https://xn--80a6adhc.xn--p1ai/catteries/113/979.html,2026-09-09,Supply-side federation register; multi-breed catteries contribute once to each listed breed; no animal/litter counts; undated cards retained; unknown codes omitted
RU-FARUS-CATTERIES-2026-09-09,979,1246/Л/24 Leader Forever,ULV,Ukrainian Levkoy,VBO:0100252,exact,1,Russia (records with explicit foreign address excluded),active cattery-breed association,FARUS,1006,https://xn--80a6adhc.xn--p1ai/catteries/113/979.html,2026-09-09,Supply-side federation register; multi-breed catteries contribute once to each listed breed; no animal/litter counts; undated cards retained; unknown codes omitted
RU-FARUS-CATTERIES-2026-09-09,980,1247/Л/24 ShatoDeCoon,MCO,Maine Coon,VBO:0100154,exact,1,Russia (records with explicit foreign address excluded),active cattery-breed association,FARUS,1006,https://xn--80a6adhc.xn--p1ai/catteries/113/980.html,2026-09-09,Supply-side federation register; multi-breed catteries contribute once to each listed breed; no animal/litter counts; undated cards retained; unknown codes omitted
RU-FARUS-CATTERIES-2026-09-09,981,1248/Л/24 Ontario,BRI,British Shorthair,VBO:0100052,exact,1,Russia (records with explicit foreign address excluded),active cattery-breed association,FARUS,1006,https://xn--80a6adhc.xn--p1ai/catteries/113/981.html,2026-09-09,Supply-side federation register; multi-breed catteries contribute once to each listed breed; no animal/litter counts; undated cards retained; unknown codes omitted
RU-FARUS-CATTERIES-2026-09-09,982,1249/Л/24 Statacat,OSH,Oriental Shorthair,VBO:0100184,exact,1,Russia (records with explicit foreign address excluded),active cattery-breed association,FARUS,1006,https://xn--80a6adhc.xn--p1ai/catteries/113/982.html,2026-09-09,Supply-side federation register; multi-breed catteries contribute once to each listed breed; no animal/litter counts; undated cards retained; unknown codes omitted
RU-FARUS-CATTERIES-2026-09-09,982,1249/Л/24 Statacat,PBD,Peterbald,VBO:0100189,exact,1,Russia (records with explicit foreign address excluded),active cattery-breed association,FARUS,1006,https://xn--80a6adhc.xn--p1ai/catteries/113/982.html,2026-09-09,Supply-side federation register; multi-breed catteries contribute once to each listed breed; no animal/litter counts; undated cards retained; unknown codes omitted
RU-FARUS-CATTERIES-2026-09-09,983,1250/Л/24 From Avalanche,BLH,British Longhair,VBO:0100051,exact,1,Russia (records with explicit foreign address excluded),active cattery-breed association,FARUS,1006,https://xn--80a6adhc.xn--p1ai/catteries/113/983.html,2026-09-09,Supply-side federation register; multi-breed catteries contribute once to each listed breed; no animal/litter counts; undated cards retained; unknown codes omitted
RU-FARUS-CATTERIES-2026-09-09,983,1250/Л/24 From Avalanche,BRI,British Shorthair,VBO:0100052,exact,1,Russia (records with explicit foreign address excluded),active cattery-breed association,FARUS,1006,https://xn--80a6adhc.xn--p1ai/catteries/113/983.html,2026-09-09,Supply-side federation register; multi-breed catteries contribute once to each listed breed; no animal/litter counts; undated cards retained; unknown codes omitted
RU-FARUS-CATTERIES-2026-09-09,984,1251/В/24 NELLA FIADA,BUR,Burmese,VBO:0100053,exact,1,Russia (records with explicit foreign address excluded),active cattery-breed association,FARUS,1006,https://xn--80a6adhc.xn--p1ai/catteries/113/984.html,2026-09-09,Supply-side federation register; multi-breed catteries contribute once to each listed breed; no animal/litter counts; undated cards retained; unknown codes omitted
RU-FARUS-CATTERIES-2026-09-09,984,1251/В/24 NELLA FIADA,SCS,Scottish Straight,VBO:0100213,exact,1,Russia (records with explicit foreign address excluded),active cattery-breed association,FARUS,1006,https://xn--80a6adhc.xn--p1ai/catteries/113/984.html,2026-09-09,Supply-side federation register; multi-breed catteries contribute once to each listed breed; no animal/litter counts; undated cards retained; unknown codes omitted
RU-FARUS-CATTERIES-2026-09-09,984,1251/В/24 NELLA FIADA,SFS,Scottish Fold,VBO:0100209,exact,1,Russia (records with explicit foreign address excluded),active cattery-breed association,FARUS,1006,https://xn--80a6adhc.xn--p1ai/catteries/113/984.html,2026-09-09,Supply-side federation register; multi-breed catteries contribute once to each listed breed; no animal/litter counts; undated cards retained; unknown codes omitted
RU-FARUS-CATTERIES-2026-09-09,985,1252/ЛГ/24 Tayna Hamurappi,DSX,Donskoy,VBO:0100086,exact,1,Russia (records with explicit foreign address excluded),active cattery-breed association,FARUS,1006,https://xn--80a6adhc.xn--p1ai/catteries/113/985.html,2026-09-09,Supply-side federation register; multi-breed catteries contribute once to each listed breed; no animal/litter counts; undated cards retained; unknown codes omitted
RU-FARUS-CATTERIES-2026-09-09,986,1253/ЛД/24 Glamur Bast Amur,ABY,Abyssinian,VBO:0100000,exact,1,Russia (records with explicit foreign address excluded),active cattery-breed association,FARUS,1006,https://xn--80a6adhc.xn--p1ai/catteries/113/986.html,2026-09-09,Supply-side federation register; multi-breed catteries contribute once to each listed breed; no animal/litter counts; undated cards retained; unknown codes omitted
RU-FARUS-CATTERIES-2026-09-09,987,1254/Т/24 MagicMainCoon,MCO,Maine Coon,VBO:0100154,exact,1,Russia (records with explicit foreign address excluded),active cattery-breed association,FARUS,1006,https://xn--80a6adhc.xn--p1ai/catteries/113/987.html,2026-09-09,Supply-side federation register; multi-breed catteries contribute once to each listed breed; no animal/litter counts; undated cards retained; unknown codes omitted
RU-FARUS-CATTERIES-2026-09-09,989,1256/SA/24 Al Gory MGD,SKS,Selkirk Rex Shorthair,VBO:0100217,exact,1,Russia (records with explicit foreign address excluded),active cattery-breed association,FARUS,1006,https://xn--80a6adhc.xn--p1ai/catteries/106/989.html,2026-09-09,Supply-side federation register; multi-breed catteries contribute once to each listed breed; no animal/litter counts; undated cards retained; unknown codes omitted
RU-FARUS-CATTERIES-2026-09-09,990,1257/С-П/24 Ursa Minor,SCL,Scottish Straight Longhair,VBO:0100214,exact,1,Russia (records with explicit foreign address excluded),active cattery-breed association,FARUS,1006,https://xn--80a6adhc.xn--p1ai/catteries/102/990.html,2026-09-09,Supply-side federation register; multi-breed catteries contribute once to each listed breed; no animal/litter counts; undated cards retained; unknown codes omitted
RU-FARUS-CATTERIES-2026-09-09,990,1257/С-П/24 Ursa Minor,SCS,Scottish Straight,VBO:0100213,exact,1,Russia (records with explicit foreign address excluded),active cattery-breed association,FARUS,1006,https://xn--80a6adhc.xn--p1ai/catteries/102/990.html,2026-09-09,Supply-side federation register; multi-breed catteries contribute once to each listed breed; no animal/litter counts; undated cards retained; unknown codes omitted
RU-FARUS-CATTERIES-2026-09-09,990,1257/С-П/24 Ursa Minor,SFL,Scottish Fold Longhair,VBO:0100210,exact,1,Russia (records with explicit foreign address excluded),active cattery-breed association,FARUS,1006,https://xn--80a6adhc.xn--p1ai/catteries/102/990.html,2026-09-09,Supply-side federation register; multi-breed catteries contribute once to each listed breed; no animal/litter counts; undated cards retained; unknown codes omitted
RU-FARUS-CATTERIES-2026-09-09,990,1257/С-П/24 Ursa Minor,SFS,Scottish Fold,VBO:0100209,exact,1,Russia (records with explicit foreign address excluded),active cattery-breed association,FARUS,1006,https://xn--80a6adhc.xn--p1ai/catteries/102/990.html,2026-09-09,Supply-side federation register; multi-breed catteries contribute once to each listed breed; no animal/litter counts; undated cards retained; unknown codes omitted
RU-FARUS-CATTERIES-2026-09-09,991,1258/ЛОК/24 Grafskaia Usad`ba,MCO,Maine Coon,VBO:0100154,exact,1,Russia (records with explicit foreign address excluded),active cattery-breed association,FARUS,1006,https://xn--80a6adhc.xn--p1ai/catteries/102/991.html,2026-09-09,Supply-side federation register; multi-breed catteries contribute once to each listed breed; no animal/litter counts; undated cards retained; unknown codes omitted
RU-FARUS-CATTERIES-2026-09-09,993,MyLittleFluffy,SCL,Scottish Straight Longhair,VBO:0100214,exact,1,Russia (records with explicit foreign address excluded),active cattery-breed association,FARUS,1006,https://xn--80a6adhc.xn--p1ai/catteries/83/993.html,2026-09-09,Supply-side federation register; multi-breed catteries contribute once to each listed breed; no animal/litter counts; undated cards retained; unknown codes omitted
RU-FARUS-CATTERIES-2026-09-09,993,MyLittleFluffy,SCS,Scottish Straight,VBO:0100213,exact,1,Russia (records with explicit foreign address excluded),active cattery-breed association,FARUS,1006,https://xn--80a6adhc.xn--p1ai/catteries/83/993.html,2026-09-09,Supply-side federation register; multi-breed catteries contribute once to each listed breed; no animal/litter counts; undated cards retained; unknown codes omitted
RU-FARUS-CATTERIES-2026-09-09,993,MyLittleFluffy,SFL,Scottish Fold Longhair,VBO:0100210,exact,1,Russia (records with explicit foreign address excluded),active cattery-breed association,FARUS,1006,https://xn--80a6adhc.xn--p1ai/catteries/83/993.html,2026-09-09,Supply-side federation register; multi-breed catteries contribute once to each listed breed; no animal/litter counts; undated cards retained; unknown codes omitted
RU-FARUS-CATTERIES-2026-09-09,993,MyLittleFluffy,SFS,Scottish Fold,VBO:0100209,exact,1,Russia (records with explicit foreign address excluded),active cattery-breed association,FARUS,1006,https://xn--80a6adhc.xn--p1ai/catteries/83/993.html,2026-09-09,Supply-side federation register; multi-breed catteries contribute once to each listed breed; no animal/litter counts; undated cards retained; unknown codes omitted
RU-FARUS-CATTERIES-2026-09-09,998,470/Кр/25 Bengalissi,BEN,Bengal,VBO:0100040,exact,1,Russia (records with explicit foreign address excluded),active cattery-breed association,FARUS,1006,https://xn--80a6adhc.xn--p1ai/catteries/119/998.html,2026-09-09,Supply-side federation register; multi-breed catteries contribute once to each listed breed; no animal/litter counts; undated cards retained; unknown codes omitted
RU-FARUS-CATTERIES-2026-09-09,999,636/КрЗ/25 Yanson*RU,MCO,Maine Coon,VBO:0100154,exact,1,Russia (records with explicit foreign address excluded),active cattery-breed association,FARUS,1006,https://xn--80a6adhc.xn--p1ai/catteries/119/999.html,2026-09-09,Supply-side federation register; multi-breed catteries contribute once to each listed breed; no animal/litter counts; undated cards retained; unknown codes omitted
RU-FELIS-RUSSICA-CATTERIES-2026-09-09,abysorrel*ru,Abysorrel*RU,абиссинская,Abyssinian,VBO:0100000,exact,1,Russia,listed cattery-breed association,Felis Russica (FIFe member),195,https://felis-russica.com/pitomniki-felis-russica.html,2026-09-09,Supply-side federation webpage updated in place; no complete publication date or activity date per cattery; deleted entries excluded when marked; free-text breeds normalized conservatively; no animal/litter counts
RU-FELIS-RUSSICA-CATTERIES-2026-09-09,acanit*ru,Acanit*RU,мейн-кун,Maine Coon,VBO:0100154,exact,1,Russia,listed cattery-breed association,Felis Russica (FIFe member),195,https://felis-russica.com/pitomniki-felis-russica.html,2026-09-09,Supply-side federation webpage updated in place; no complete publication date or activity date per cattery; deleted entries excluded when marked; free-text breeds normalized conservatively; no animal/litter counts
RU-FELIS-RUSSICA-CATTERIES-2026-09-09,adiamoor*ru,Adiamoor*RU,абиссинская,Abyssinian,VBO:0100000,exact,1,Russia,listed cattery-breed association,Felis Russica (FIFe member),195,https://felis-russica.com/pitomniki-felis-russica.html,2026-09-09,Supply-side federation webpage updated in place; no complete publication date or activity date per cattery; deleted entries excluded when marked; free-text breeds normalized conservatively; no animal/litter counts
RU-FELIS-RUSSICA-CATTERIES-2026-09-09,aisalin*ru,Aisalin*RU,персидская,Persian,VBO:0100188,exact,1,Russia,listed cattery-breed association,Felis Russica (FIFe member),195,https://felis-russica.com/pitomniki-felis-russica.html,2026-09-09,Supply-side federation webpage updated in place; no complete publication date or activity date per cattery; deleted entries excluded when marked; free-text breeds normalized conservatively; no animal/litter counts
RU-FELIS-RUSSICA-CATTERIES-2026-09-09,aisalin*ru,Aisalin*RU,экзотическая,Exotic Shorthair,VBO:0100096,aggregate,1,Russia,listed cattery-breed association,Felis Russica (FIFe member),195,https://felis-russica.com/pitomniki-felis-russica.html,2026-09-09,Supply-side federation webpage updated in place; no complete publication date or activity date per cattery; deleted entries excluded when marked; free-text breeds normalized conservatively; no animal/litter counts
RU-FELIS-RUSSICA-CATTERIES-2026-09-09,aishite*ru,Aishite*RU,восточные,Siamese / Oriental group,VBO:0100221|VBO:0100184,aggregate,1,Russia,listed cattery-breed association,Felis Russica (FIFe member),195,https://felis-russica.com/pitomniki-felis-russica.html,2026-09-09,Supply-side federation webpage updated in place; no complete publication date or activity date per cattery; deleted entries excluded when marked; free-text breeds normalized conservatively; no animal/litter counts
RU-FELIS-RUSSICA-CATTERIES-2026-09-09,alaska star*ru,Alaska Star*RU,мейн-кун,Maine Coon,VBO:0100154,exact,1,Russia,listed cattery-breed association,Felis Russica (FIFe member),195,https://felis-russica.com/pitomniki-felis-russica.html,2026-09-09,Supply-side federation webpage updated in place; no complete publication date or activity date per cattery; deleted entries excluded when marked; free-text breeds normalized conservatively; no animal/litter counts
RU-FELIS-RUSSICA-CATTERIES-2026-09-09,albus angelus*ru,Albus Angelus*RU,рэгдолл,Ragdoll,VBO:0100196,exact,1,Russia,listed cattery-breed association,Felis Russica (FIFe member),195,https://felis-russica.com/pitomniki-felis-russica.html,2026-09-09,Supply-side federation webpage updated in place; no complete publication date or activity date per cattery; deleted entries excluded when marked; free-text breeds normalized conservatively; no animal/litter counts
RU-FELIS-RUSSICA-CATTERIES-2026-09-09,amadeiсoon*ru,AmadeiСoon*RU,мейн-кун,Maine Coon,VBO:0100154,exact,1,Russia,listed cattery-breed association,Felis Russica (FIFe member),195,https://felis-russica.com/pitomniki-felis-russica.html,2026-09-09,Supply-side federation webpage updated in place; no complete publication date or activity date per cattery; deleted entries excluded when marked; free-text breeds normalized conservatively; no animal/litter counts
RU-FELIS-RUSSICA-CATTERIES-2026-09-09,amagitsune*ru,Amagitsune*RU,абиссинская,Abyssinian,VBO:0100000,exact,1,Russia,listed cattery-breed association,Felis Russica (FIFe member),195,https://felis-russica.com/pitomniki-felis-russica.html,2026-09-09,Supply-side federation webpage updated in place; no complete publication date or activity date per cattery; deleted entries excluded when marked; free-text breeds normalized conservatively; no animal/litter counts
RU-FELIS-RUSSICA-CATTERIES-2026-09-09,amagitsune*ru,Amagitsune*RU,осикет,Ocicat,VBO:0100179,exact,1,Russia,listed cattery-breed association,Felis Russica (FIFe member),195,https://felis-russica.com/pitomniki-felis-russica.html,2026-09-09,Supply-side federation webpage updated in place; no complete publication date or activity date per cattery; deleted entries excluded when marked; free-text breeds normalized conservatively; no animal/litter counts
RU-FELIS-RUSSICA-CATTERIES-2026-09-09,amagitsune*ru,Amagitsune*RU,сомали,Somali,VBO:0100229,exact,1,Russia,listed cattery-breed association,Felis Russica (FIFe member),195,https://felis-russica.com/pitomniki-felis-russica.html,2026-09-09,Supply-side federation webpage updated in place; no complete publication date or activity date per cattery; deleted entries excluded when marked; free-text breeds normalized conservatively; no animal/litter counts
RU-FELIS-RUSSICA-CATTERIES-2026-09-09,amazing lotus*ru,Amazing Lotus*RU,тайская,Thai,VBO:0100235,exact,1,Russia,listed cattery-breed association,Felis Russica (FIFe member),195,https://felis-russica.com/pitomniki-felis-russica.html,2026-09-09,Supply-side federation webpage updated in place; no complete publication date or activity date per cattery; deleted entries excluded when marked; free-text breeds normalized conservatively; no animal/litter counts
RU-FELIS-RUSSICA-CATTERIES-2026-09-09,amikoshi*ru,Amikoshi*RU,восточные,Siamese / Oriental group,VBO:0100221|VBO:0100184,aggregate,1,Russia,listed cattery-breed association,Felis Russica (FIFe member),195,https://felis-russica.com/pitomniki-felis-russica.html,2026-09-09,Supply-side federation webpage updated in place; no complete publication date or activity date per cattery; deleted entries excluded when marked; free-text breeds normalized conservatively; no animal/litter counts
RU-FELIS-RUSSICA-CATTERIES-2026-09-09,amirani*ru,Amirani*RU,персидская,Persian,VBO:0100188,exact,1,Russia,listed cattery-breed association,Felis Russica (FIFe member),195,https://felis-russica.com/pitomniki-felis-russica.html,2026-09-09,Supply-side federation webpage updated in place; no complete publication date or activity date per cattery; deleted entries excluded when marked; free-text breeds normalized conservatively; no animal/litter counts
RU-FELIS-RUSSICA-CATTERIES-2026-09-09,amirani*ru,Amirani*RU,экзотическая,Exotic Shorthair,VBO:0100096,aggregate,1,Russia,listed cattery-breed association,Felis Russica (FIFe member),195,https://felis-russica.com/pitomniki-felis-russica.html,2026-09-09,Supply-side federation webpage updated in place; no complete publication date or activity date per cattery; deleted entries excluded when marked; free-text breeds normalized conservatively; no animal/litter counts
RU-FELIS-RUSSICA-CATTERIES-2026-09-09,angelic silk*ru,Angelic Silk*RU,бурманская,Burmese,VBO:0100053,exact,1,Russia,listed cattery-breed association,Felis Russica (FIFe member),195,https://felis-russica.com/pitomniki-felis-russica.html,2026-09-09,Supply-side federation webpage updated in place; no complete publication date or activity date per cattery; deleted entries excluded when marked; free-text breeds normalized conservatively; no animal/litter counts
RU-FELIS-RUSSICA-CATTERIES-2026-09-09,antipov style*ru,Antipov Style*RU,мейн-кун,Maine Coon,VBO:0100154,exact,1,Russia,listed cattery-breed association,Felis Russica (FIFe member),195,https://felis-russica.com/pitomniki-felis-russica.html,2026-09-09,Supply-side federation webpage updated in place; no complete publication date or activity date per cattery; deleted entries excluded when marked; free-text breeds normalized conservatively; no animal/litter counts
RU-FELIS-RUSSICA-CATTERIES-2026-09-09,arce deos*ru,Arce Deos*RU,мейн-кун,Maine Coon,VBO:0100154,exact,1,Russia,listed cattery-breed association,Felis Russica (FIFe member),195,https://felis-russica.com/pitomniki-felis-russica.html,2026-09-09,Supply-side federation webpage updated in place; no complete publication date or activity date per cattery; deleted entries excluded when marked; free-text breeds normalized conservatively; no animal/litter counts
RU-FELIS-RUSSICA-CATTERIES-2026-09-09,argento pride*ru,Argento Pride*RU,мейн-кун,Maine Coon,VBO:0100154,exact,1,Russia,listed cattery-breed association,Felis Russica (FIFe member),195,https://felis-russica.com/pitomniki-felis-russica.html,2026-09-09,Supply-side federation webpage updated in place; no complete publication date or activity date per cattery; deleted entries excluded when marked; free-text breeds normalized conservatively; no animal/litter counts
RU-FELIS-RUSSICA-CATTERIES-2026-09-09,arkenstone*ru,Arkenstone*RU,ориентальная,Oriental Shorthair,VBO:0100184,exact,1,Russia,listed cattery-breed association,Felis Russica (FIFe member),195,https://felis-russica.com/pitomniki-felis-russica.html,2026-09-09,Supply-side federation webpage updated in place; no complete publication date or activity date per cattery; deleted entries excluded when marked; free-text breeds normalized conservatively; no animal/litter counts
RU-FELIS-RUSSICA-CATTERIES-2026-09-09,arkenstone*ru,Arkenstone*RU,сиамская,Siamese,VBO:0100221,exact,1,Russia,listed cattery-breed association,Felis Russica (FIFe member),195,https://felis-russica.com/pitomniki-felis-russica.html,2026-09-09,Supply-side federation webpage updated in place; no complete publication date or activity date per cattery; deleted entries excluded when marked; free-text breeds normalized conservatively; no animal/litter counts
RU-FELIS-RUSSICA-CATTERIES-2026-09-09,asfjord*ru,Asfjord*RU,мейн-кун,Maine Coon,VBO:0100154,exact,1,Russia,listed cattery-breed association,Felis Russica (FIFe member),195,https://felis-russica.com/pitomniki-felis-russica.html,2026-09-09,Supply-side federation webpage updated in place; no complete publication date or activity date per cattery; deleted entries excluded when marked; free-text breeds normalized conservatively; no animal/litter counts
RU-FELIS-RUSSICA-CATTERIES-2026-09-09,avantage*ru,Avantage*RU,сибирская традиционная,Siberian,VBO:0100223,exact,1,Russia,listed cattery-breed association,Felis Russica (FIFe member),195,https://felis-russica.com/pitomniki-felis-russica.html,2026-09-09,Supply-side federation webpage updated in place; no complete publication date or activity date per cattery; deleted entries excluded when marked; free-text breeds normalized conservatively; no animal/litter counts
RU-FELIS-RUSSICA-CATTERIES-2026-09-09,avantiori*ru,Avantiori*RU,восточные,Siamese / Oriental group,VBO:0100221|VBO:0100184,aggregate,1,Russia,listed cattery-breed association,Felis Russica (FIFe member),195,https://felis-russica.com/pitomniki-felis-russica.html,2026-09-09,Supply-side federation webpage updated in place; no complete publication date or activity date per cattery; deleted entries excluded when marked; free-text breeds normalized conservatively; no animal/litter counts
RU-FELIS-RUSSICA-CATTERIES-2026-09-09,ayashi*ru,Ayashi*RU,бурманская,Burmese,VBO:0100053,exact,1,Russia,listed cattery-breed association,Felis Russica (FIFe member),195,https://felis-russica.com/pitomniki-felis-russica.html,2026-09-09,Supply-side federation webpage updated in place; no complete publication date or activity date per cattery; deleted entries excluded when marked; free-text breeds normalized conservatively; no animal/litter counts
RU-FELIS-RUSSICA-CATTERIES-2026-09-09,baraj*ru,Baraj*RU,невская маскарадная,Neva Masquerade,VBO:0100173,exact,1,Russia,listed cattery-breed association,Felis Russica (FIFe member),195,https://felis-russica.com/pitomniki-felis-russica.html,2026-09-09,Supply-side federation webpage updated in place; no complete publication date or activity date per cattery; deleted entries excluded when marked; free-text breeds normalized conservatively; no animal/litter counts
RU-FELIS-RUSSICA-CATTERIES-2026-09-09,baraj*ru,Baraj*RU,сибирская,Siberian,VBO:0100223,exact,1,Russia,listed cattery-breed association,Felis Russica (FIFe member),195,https://felis-russica.com/pitomniki-felis-russica.html,2026-09-09,Supply-side federation webpage updated in place; no complete publication date or activity date per cattery; deleted entries excluded when marked; free-text breeds normalized conservatively; no animal/litter counts
RU-FELIS-RUSSICA-CATTERIES-2026-09-09,barbaricarius*ru,Barbaricarius*RU,британская,British Shorthair,VBO:0100052,aggregate,1,Russia,listed cattery-breed association,Felis Russica (FIFe member),195,https://felis-russica.com/pitomniki-felis-russica.html,2026-09-09,Supply-side federation webpage updated in place; no complete publication date or activity date per cattery; deleted entries excluded when marked; free-text breeds normalized conservatively; no animal/litter counts
RU-FELIS-RUSSICA-CATTERIES-2026-09-09,barguzin*ru,Barguzin*RU,сибирская,Siberian,VBO:0100223,exact,1,Russia,listed cattery-breed association,Felis Russica (FIFe member),195,https://felis-russica.com/pitomniki-felis-russica.html,2026-09-09,Supply-side federation webpage updated in place; no complete publication date or activity date per cattery; deleted entries excluded when marked; free-text breeds normalized conservatively; no animal/litter counts
RU-FELIS-RUSSICA-CATTERIES-2026-09-09,bary pride's*ru,Bary Pride's*RU,регдолл,Ragdoll,VBO:0100196,exact,1,Russia,listed cattery-breed association,Felis Russica (FIFe member),195,https://felis-russica.com/pitomniki-felis-russica.html,2026-09-09,Supply-side federation webpage updated in place; no complete publication date or activity date per cattery; deleted entries excluded when marked; free-text breeds normalized conservatively; no animal/litter counts
RU-FELIS-RUSSICA-CATTERIES-2026-09-09,bastata*ru,Bastata*RU,мейн кун,Maine Coon,VBO:0100154,exact,1,Russia,listed cattery-breed association,Felis Russica (FIFe member),195,https://felis-russica.com/pitomniki-felis-russica.html,2026-09-09,Supply-side federation webpage updated in place; no complete publication date or activity date per cattery; deleted entries excluded when marked; free-text breeds normalized conservatively; no animal/litter counts
RU-FELIS-RUSSICA-CATTERIES-2026-09-09,bearlion*ru,Bearlion*RU,мейн кун,Maine Coon,VBO:0100154,exact,1,Russia,listed cattery-breed association,Felis Russica (FIFe member),195,https://felis-russica.com/pitomniki-felis-russica.html,2026-09-09,Supply-side federation webpage updated in place; no complete publication date or activity date per cattery; deleted entries excluded when marked; free-text breeds normalized conservatively; no animal/litter counts
RU-FELIS-RUSSICA-CATTERIES-2026-09-09,bella bambolina*ru,Bella Bambolina*RU,регдолл,Ragdoll,VBO:0100196,exact,1,Russia,listed cattery-breed association,Felis Russica (FIFe member),195,https://felis-russica.com/pitomniki-felis-russica.html,2026-09-09,Supply-side federation webpage updated in place; no complete publication date or activity date per cattery; deleted entries excluded when marked; free-text breeds normalized conservatively; no animal/litter counts
RU-FELIS-RUSSICA-CATTERIES-2026-09-09,belye lapky*ru,Belye Lapky*RU,священная бирма,Sacred Birman,VBO:0100204,exact,1,Russia,listed cattery-breed association,Felis Russica (FIFe member),195,https://felis-russica.com/pitomniki-felis-russica.html,2026-09-09,Supply-side federation webpage updated in place; no complete publication date or activity date per cattery; deleted entries excluded when marked; free-text breeds normalized conservatively; no animal/litter counts
RU-FELIS-RUSSICA-CATTERIES-2026-09-09,berry moor*ru,Berry Moor*RU,ориентальная,Oriental Shorthair,VBO:0100184,exact,1,Russia,listed cattery-breed association,Felis Russica (FIFe member),195,https://felis-russica.com/pitomniki-felis-russica.html,2026-09-09,Supply-side federation webpage updated in place; no complete publication date or activity date per cattery; deleted entries excluded when marked; free-text breeds normalized conservatively; no animal/litter counts
RU-FELIS-RUSSICA-CATTERIES-2026-09-09,berry moor*ru,Berry Moor*RU,сиамская,Siamese,VBO:0100221,exact,1,Russia,listed cattery-breed association,Felis Russica (FIFe member),195,https://felis-russica.com/pitomniki-felis-russica.html,2026-09-09,Supply-side federation webpage updated in place; no complete publication date or activity date per cattery; deleted entries excluded when marked; free-text breeds normalized conservatively; no animal/litter counts
RU-FELIS-RUSSICA-CATTERIES-2026-09-09,best breed*ru,Best Breed*RU,мейн-кун,Maine Coon,VBO:0100154,exact,1,Russia,listed cattery-breed association,Felis Russica (FIFe member),195,https://felis-russica.com/pitomniki-felis-russica.html,2026-09-09,Supply-side federation webpage updated in place; no complete publication date or activity date per cattery; deleted entries excluded when marked; free-text breeds normalized conservatively; no animal/litter counts
RU-FELIS-RUSSICA-CATTERIES-2026-09-09,best show*ru,Best Show*RU,девон рекс,Devon Rex,VBO:0100084,exact,1,Russia,listed cattery-breed association,Felis Russica (FIFe member),195,https://felis-russica.com/pitomniki-felis-russica.html,2026-09-09,Supply-side federation webpage updated in place; no complete publication date or activity date per cattery; deleted entries excluded when marked; free-text breeds normalized conservatively; no animal/litter counts
RU-FELIS-RUSSICA-CATTERIES-2026-09-09,best show*ru,Best Show*RU,канадский сфинкс,Sphynx,VBO:0100230,exact,1,Russia,listed cattery-breed association,Felis Russica (FIFe member),195,https://felis-russica.com/pitomniki-felis-russica.html,2026-09-09,Supply-side federation webpage updated in place; no complete publication date or activity date per cattery; deleted entries excluded when marked; free-text breeds normalized conservatively; no animal/litter counts
RU-FELIS-RUSSICA-CATTERIES-2026-09-09,big diamond*ru,Big Diamond*RU,абиссинская,Abyssinian,VBO:0100000,exact,1,Russia,listed cattery-breed association,Felis Russica (FIFe member),195,https://felis-russica.com/pitomniki-felis-russica.html,2026-09-09,Supply-side federation webpage updated in place; no complete publication date or activity date per cattery; deleted entries excluded when marked; free-text breeds normalized conservatively; no animal/litter counts
RU-FELIS-RUSSICA-CATTERIES-2026-09-09,big diamond*ru,Big Diamond*RU,девон рекс,Devon Rex,VBO:0100084,exact,1,Russia,listed cattery-breed association,Felis Russica (FIFe member),195,https://felis-russica.com/pitomniki-felis-russica.html,2026-09-09,Supply-side federation webpage updated in place; no complete publication date or activity date per cattery; deleted entries excluded when marked; free-text breeds normalized conservatively; no animal/litter counts
RU-FELIS-RUSSICA-CATTERIES-2026-09-09,bingolain*ru,Bingolain*RU,бенгальская,Bengal,VBO:0100040,exact,1,Russia,listed cattery-breed association,Felis Russica (FIFe member),195,https://felis-russica.com/pitomniki-felis-russica.html,2026-09-09,Supply-side federation webpage updated in place; no complete publication date or activity date per cattery; deleted entries excluded when marked; free-text breeds normalized conservatively; no animal/litter counts
RU-FELIS-RUSSICA-CATTERIES-2026-09-09,black fluffy*ru,Black Fluffy*RU,мейн-кун,Maine Coon,VBO:0100154,exact,1,Russia,listed cattery-breed association,Felis Russica (FIFe member),195,https://felis-russica.com/pitomniki-felis-russica.html,2026-09-09,Supply-side federation webpage updated in place; no complete publication date or activity date per cattery; deleted entries excluded when marked; free-text breeds normalized conservatively; no animal/litter counts
RU-FELIS-RUSSICA-CATTERIES-2026-09-09,black lions*ru,Black Lions*RU,мейн-кун,Maine Coon,VBO:0100154,exact,1,Russia,listed cattery-breed association,Felis Russica (FIFe member),195,https://felis-russica.com/pitomniki-felis-russica.html,2026-09-09,Supply-side federation webpage updated in place; no complete publication date or activity date per cattery; deleted entries excluded when marked; free-text breeds normalized conservatively; no animal/litter counts
RU-FELIS-RUSSICA-CATTERIES-2026-09-09,blue ridge*ru,Blue Ridge*RU,мейн-кун,Maine Coon,VBO:0100154,exact,1,Russia,listed cattery-breed association,Felis Russica (FIFe member),195,https://felis-russica.com/pitomniki-felis-russica.html,2026-09-09,Supply-side federation webpage updated in place; no complete publication date or activity date per cattery; deleted entries excluded when marked; free-text breeds normalized conservatively; no animal/litter counts
RU-FELIS-RUSSICA-CATTERIES-2026-09-09,blueeyes raggie*ru,Blueeyes Raggie*RU,регдолл,Ragdoll,VBO:0100196,exact,1,Russia,listed cattery-breed association,Felis Russica (FIFe member),195,https://felis-russica.com/pitomniki-felis-russica.html,2026-09-09,Supply-side federation webpage updated in place; no complete publication date or activity date per cattery; deleted entries excluded when marked; free-text breeds normalized conservatively; no animal/litter counts
RU-FELIS-RUSSICA-CATTERIES-2026-09-09,bourimea*ru,Bourimea*RU,бурманская,Burmese,VBO:0100053,exact,1,Russia,listed cattery-breed association,Felis Russica (FIFe member),195,https://felis-russica.com/pitomniki-felis-russica.html,2026-09-09,Supply-side federation webpage updated in place; no complete publication date or activity date per cattery; deleted entries excluded when marked; free-text breeds normalized conservatively; no animal/litter counts
RU-FELIS-RUSSICA-CATTERIES-2026-09-09,breeding*ru,Breeding*RU,мейн-кун,Maine Coon,VBO:0100154,exact,1,Russia,listed cattery-breed association,Felis Russica (FIFe member),195,https://felis-russica.com/pitomniki-felis-russica.html,2026-09-09,Supply-side federation webpage updated in place; no complete publication date or activity date per cattery; deleted entries excluded when marked; free-text breeds normalized conservatively; no animal/litter counts
RU-FELIS-RUSSICA-CATTERIES-2026-09-09,britney shache*ru,Britney Shache*RU,британская короткошерстная,British Shorthair,VBO:0100052,exact,1,Russia,listed cattery-breed association,Felis Russica (FIFe member),195,https://felis-russica.com/pitomniki-felis-russica.html,2026-09-09,Supply-side federation webpage updated in place; no complete publication date or activity date per cattery; deleted entries excluded when marked; free-text breeds normalized conservatively; no animal/litter counts
RU-FELIS-RUSSICA-CATTERIES-2026-09-09,bronze breeza*ru,Bronze Breeza*RU,абиссинская,Abyssinian,VBO:0100000,exact,1,Russia,listed cattery-breed association,Felis Russica (FIFe member),195,https://felis-russica.com/pitomniki-felis-russica.html,2026-09-09,Supply-side federation webpage updated in place; no complete publication date or activity date per cattery; deleted entries excluded when marked; free-text breeds normalized conservatively; no animal/litter counts
RU-FELIS-RUSSICA-CATTERIES-2026-09-09,burmister*ru,Burmister*RU,бурманская,Burmese,VBO:0100053,exact,1,Russia,listed cattery-breed association,Felis Russica (FIFe member),195,https://felis-russica.com/pitomniki-felis-russica.html,2026-09-09,Supply-side federation webpage updated in place; no complete publication date or activity date per cattery; deleted entries excluded when marked; free-text breeds normalized conservatively; no animal/litter counts
RU-FELIS-RUSSICA-CATTERIES-2026-09-09,burmstyle*ru,Burmstyle*RU,бурманская,Burmese,VBO:0100053,exact,1,Russia,listed cattery-breed association,Felis Russica (FIFe member),195,https://felis-russica.com/pitomniki-felis-russica.html,2026-09-09,Supply-side federation webpage updated in place; no complete publication date or activity date per cattery; deleted entries excluded when marked; free-text breeds normalized conservatively; no animal/litter counts
RU-FELIS-RUSSICA-CATTERIES-2026-09-09,capriz-tati*ru,Capriz-Tati*RU,персидская,Persian,VBO:0100188,exact,1,Russia,listed cattery-breed association,Felis Russica (FIFe member),195,https://felis-russica.com/pitomniki-felis-russica.html,2026-09-09,Supply-side federation webpage updated in place; no complete publication date or activity date per cattery; deleted entries excluded when marked; free-text breeds normalized conservatively; no animal/litter counts
RU-FELIS-RUSSICA-CATTERIES-2026-09-09,capriz-tati*ru,Capriz-Tati*RU,экзотическая короткошерстная,Exotic Shorthair,VBO:0100096,exact,1,Russia,listed cattery-breed association,Felis Russica (FIFe member),195,https://felis-russica.com/pitomniki-felis-russica.html,2026-09-09,Supply-side federation webpage updated in place; no complete publication date or activity date per cattery; deleted entries excluded when marked; free-text breeds normalized conservatively; no animal/litter counts
RU-FELIS-RUSSICA-CATTERIES-2026-09-09,chanelcoon*ru,CHANELCOON*RU,мейн-кун,Maine Coon,VBO:0100154,exact,1,Russia,listed cattery-breed association,Felis Russica (FIFe member),195,https://felis-russica.com/pitomniki-felis-russica.html,2026-09-09,Supply-side federation webpage updated in place; no complete publication date or activity date per cattery; deleted entries excluded when marked; free-text breeds normalized conservatively; no animal/litter counts
RU-FELIS-RUSSICA-CATTERIES-2026-09-09,charming image*ru,Charming Image*RU,русская голубая,Russian Blue,VBO:0100200,exact,1,Russia,listed cattery-breed association,Felis Russica (FIFe member),195,https://felis-russica.com/pitomniki-felis-russica.html,2026-09-09,Supply-side federation webpage updated in place; no complete publication date or activity date per cattery; deleted entries excluded when marked; free-text breeds normalized conservatively; no animal/litter counts
RU-FELIS-RUSSICA-CATTERIES-2026-09-09,dar kata-lei*ru,Dar Kata-lei*RU,мейн-кун,Maine Coon,VBO:0100154,exact,1,Russia,listed cattery-breed association,Felis Russica (FIFe member),195,https://felis-russica.com/pitomniki-felis-russica.html,2026-09-09,Supply-side federation webpage updated in place; no complete publication date or activity date per cattery; deleted entries excluded when marked; free-text breeds normalized conservatively; no animal/litter counts
RU-FELIS-RUSSICA-CATTERIES-2026-09-09,darin's style*ru,Darin's Style*RU,британская,British Shorthair,VBO:0100052,aggregate,1,Russia,listed cattery-breed association,Felis Russica (FIFe member),195,https://felis-russica.com/pitomniki-felis-russica.html,2026-09-09,Supply-side federation webpage updated in place; no complete publication date or activity date per cattery; deleted entries excluded when marked; free-text breeds normalized conservatively; no animal/litter counts
RU-FELIS-RUSSICA-CATTERIES-2026-09-09,de beers*ru,De Beers*RU,бурманская,Burmese,VBO:0100053,exact,1,Russia,listed cattery-breed association,Felis Russica (FIFe member),195,https://felis-russica.com/pitomniki-felis-russica.html,2026-09-09,Supply-side federation webpage updated in place; no complete publication date or activity date per cattery; deleted entries excluded when marked; free-text breeds normalized conservatively; no animal/litter counts
RU-FELIS-RUSSICA-CATTERIES-2026-09-09,destiny present*ru,Destiny Present*RU,мейн-кун,Maine Coon,VBO:0100154,exact,1,Russia,listed cattery-breed association,Felis Russica (FIFe member),195,https://felis-russica.com/pitomniki-felis-russica.html,2026-09-09,Supply-side federation webpage updated in place; no complete publication date or activity date per cattery; deleted entries excluded when marked; free-text breeds normalized conservatively; no animal/litter counts
RU-FELIS-RUSSICA-CATTERIES-2026-09-09,devonshir*ru,Devonshir*RU,девон рекс,Devon Rex,VBO:0100084,exact,1,Russia,listed cattery-breed association,Felis Russica (FIFe member),195,https://felis-russica.com/pitomniki-felis-russica.html,2026-09-09,Supply-side federation webpage updated in place; no complete publication date or activity date per cattery; deleted entries excluded when marked; free-text breeds normalized conservatively; no animal/litter counts
RU-FELIS-RUSSICA-CATTERIES-2026-09-09,doll home tais*ru,Doll Home Tais*RU,регдолл,Ragdoll,VBO:0100196,exact,1,Russia,listed cattery-breed association,Felis Russica (FIFe member),195,https://felis-russica.com/pitomniki-felis-russica.html,2026-09-09,Supply-side federation webpage updated in place; no complete publication date or activity date per cattery; deleted entries excluded when marked; free-text breeds normalized conservatively; no animal/litter counts
RU-FELIS-RUSSICA-CATTERIES-2026-09-09,dorozhe zlata*ru,Dorozhe Zlata*RU,мейн-кун,Maine Coon,VBO:0100154,exact,1,Russia,listed cattery-breed association,Felis Russica (FIFe member),195,https://felis-russica.com/pitomniki-felis-russica.html,2026-09-09,Supply-side federation webpage updated in place; no complete publication date or activity date per cattery; deleted entries excluded when marked; free-text breeds normalized conservatively; no animal/litter counts
RU-FELIS-RUSSICA-CATTERIES-2026-09-09,dyer brook*ru,Dyer Brook*RU,мейн-кун,Maine Coon,VBO:0100154,exact,1,Russia,listed cattery-breed association,Felis Russica (FIFe member),195,https://felis-russica.com/pitomniki-felis-russica.html,2026-09-09,Supply-side federation webpage updated in place; no complete publication date or activity date per cattery; deleted entries excluded when marked; free-text breeds normalized conservatively; no animal/litter counts
RU-FELIS-RUSSICA-CATTERIES-2026-09-09,east wind*ru,East Wind*RU,ориентальная,Oriental Shorthair,VBO:0100184,exact,1,Russia,listed cattery-breed association,Felis Russica (FIFe member),195,https://felis-russica.com/pitomniki-felis-russica.html,2026-09-09,Supply-side federation webpage updated in place; no complete publication date or activity date per cattery; deleted entries excluded when marked; free-text breeds normalized conservatively; no animal/litter counts
RU-FELIS-RUSSICA-CATTERIES-2026-09-09,east wind*ru,East Wind*RU,сиамская,Siamese,VBO:0100221,exact,1,Russia,listed cattery-breed association,Felis Russica (FIFe member),195,https://felis-russica.com/pitomniki-felis-russica.html,2026-09-09,Supply-side federation webpage updated in place; no complete publication date or activity date per cattery; deleted entries excluded when marked; free-text breeds normalized conservatively; no animal/litter counts
RU-FELIS-RUSSICA-CATTERIES-2026-09-09,effetacoon*ru,Effetacoon*RU,мейн-кун,Maine Coon,VBO:0100154,exact,1,Russia,listed cattery-breed association,Felis Russica (FIFe member),195,https://felis-russica.com/pitomniki-felis-russica.html,2026-09-09,Supply-side federation webpage updated in place; no complete publication date or activity date per cattery; deleted entries excluded when marked; free-text breeds normalized conservatively; no animal/litter counts
RU-FELIS-RUSSICA-CATTERIES-2026-09-09,elegant meow*ru,Elegant meow*RU,ориентальная,Oriental Shorthair,VBO:0100184,exact,1,Russia,listed cattery-breed association,Felis Russica (FIFe member),195,https://felis-russica.com/pitomniki-felis-russica.html,2026-09-09,Supply-side federation webpage updated in place; no complete publication date or activity date per cattery; deleted entries excluded when marked; free-text breeds normalized conservatively; no animal/litter counts
RU-FELIS-RUSSICA-CATTERIES-2026-09-09,elegant meow*ru,Elegant meow*RU,сиамская,Siamese,VBO:0100221,exact,1,Russia,listed cattery-breed association,Felis Russica (FIFe member),195,https://felis-russica.com/pitomniki-felis-russica.html,2026-09-09,Supply-side federation webpage updated in place; no complete publication date or activity date per cattery; deleted entries excluded when marked; free-text breeds normalized conservatively; no animal/litter counts
RU-FELIS-RUSSICA-CATTERIES-2026-09-09,emibell*ru,Emibell*RU,осикет,Ocicat,VBO:0100179,exact,1,Russia,listed cattery-breed association,Felis Russica (FIFe member),195,https://felis-russica.com/pitomniki-felis-russica.html,2026-09-09,Supply-side federation webpage updated in place; no complete publication date or activity date per cattery; deleted entries excluded when marked; free-text breeds normalized conservatively; no animal/litter counts
RU-FELIS-RUSSICA-CATTERIES-2026-09-09,empire of cat*ru,Empire of cat*RU,британская короткошерстная,British Shorthair,VBO:0100052,exact,1,Russia,listed cattery-breed association,Felis Russica (FIFe member),195,https://felis-russica.com/pitomniki-felis-russica.html,2026-09-09,Supply-side federation webpage updated in place; no complete publication date or activity date per cattery; deleted entries excluded when marked; free-text breeds normalized conservatively; no animal/litter counts
RU-FELIS-RUSSICA-CATTERIES-2026-09-09,enter*ru,Enter*RU,мейн-кун,Maine Coon,VBO:0100154,exact,1,Russia,listed cattery-breed association,Felis Russica (FIFe member),195,https://felis-russica.com/pitomniki-felis-russica.html,2026-09-09,Supply-side federation webpage updated in place; no complete publication date or activity date per cattery; deleted entries excluded when marked; free-text breeds normalized conservatively; no animal/litter counts
RU-FELIS-RUSSICA-CATTERIES-2026-09-09,evgenika*ru,Evgenika*RU,восточные,Siamese / Oriental group,VBO:0100221|VBO:0100184,aggregate,1,Russia,listed cattery-breed association,Felis Russica (FIFe member),195,https://felis-russica.com/pitomniki-felis-russica.html,2026-09-09,Supply-side federation webpage updated in place; no complete publication date or activity date per cattery; deleted entries excluded when marked; free-text breeds normalized conservatively; no animal/litter counts
RU-FELIS-RUSSICA-CATTERIES-2026-09-09,fairy marvel*ru,Fairy Marvel*RU,бурмилла,Burmilla,VBO:0100056,exact,1,Russia,listed cattery-breed association,Felis Russica (FIFe member),195,https://felis-russica.com/pitomniki-felis-russica.html,2026-09-09,Supply-side federation webpage updated in place; no complete publication date or activity date per cattery; deleted entries excluded when marked; free-text breeds normalized conservatively; no animal/litter counts
RU-FELIS-RUSSICA-CATTERIES-2026-09-09,felinika*ru,Felinika*RU,мейн-кун,Maine Coon,VBO:0100154,exact,1,Russia,listed cattery-breed association,Felis Russica (FIFe member),195,https://felis-russica.com/pitomniki-felis-russica.html,2026-09-09,Supply-side federation webpage updated in place; no complete publication date or activity date per cattery; deleted entries excluded when marked; free-text breeds normalized conservatively; no animal/litter counts
RU-FELIS-RUSSICA-CATTERIES-2026-09-09,floransys*ru,Floransys*RU,бурманская,Burmese,VBO:0100053,exact,1,Russia,listed cattery-breed association,Felis Russica (FIFe member),195,https://felis-russica.com/pitomniki-felis-russica.html,2026-09-09,Supply-side federation webpage updated in place; no complete publication date or activity date per cattery; deleted entries excluded when marked; free-text breeds normalized conservatively; no animal/litter counts
RU-FELIS-RUSSICA-CATTERIES-2026-09-09,freya way*ru,Freya Way*RU,бурманская,Burmese,VBO:0100053,exact,1,Russia,listed cattery-breed association,Felis Russica (FIFe member),195,https://felis-russica.com/pitomniki-felis-russica.html,2026-09-09,Supply-side federation webpage updated in place; no complete publication date or activity date per cattery; deleted entries excluded when marked; free-text breeds normalized conservatively; no animal/litter counts
RU-FELIS-RUSSICA-CATTERIES-2026-09-09,freya’s lynx*ru,Freya’s Lynx*RU,норвежская лесная,Norwegian Forest Cat,VBO:0100178,exact,1,Russia,listed cattery-breed association,Felis Russica (FIFe member),195,https://felis-russica.com/pitomniki-felis-russica.html,2026-09-09,Supply-side federation webpage updated in place; no complete publication date or activity date per cattery; deleted entries excluded when marked; free-text breeds normalized conservatively; no animal/litter counts
RU-FELIS-RUSSICA-CATTERIES-2026-09-09,golden mile*ru,Golden Mile*RU,мейн-кун,Maine Coon,VBO:0100154,exact,1,Russia,listed cattery-breed association,Felis Russica (FIFe member),195,https://felis-russica.com/pitomniki-felis-russica.html,2026-09-09,Supply-side federation webpage updated in place; no complete publication date or activity date per cattery; deleted entries excluded when marked; free-text breeds normalized conservatively; no animal/litter counts
RU-FELIS-RUSSICA-CATTERIES-2026-09-09,grand aristos*ru,Grand Aristos*RU,восточные,Siamese / Oriental group,VBO:0100221|VBO:0100184,aggregate,1,Russia,listed cattery-breed association,Felis Russica (FIFe member),195,https://felis-russica.com/pitomniki-felis-russica.html,2026-09-09,Supply-side federation webpage updated in place; no complete publication date or activity date per cattery; deleted entries excluded when marked; free-text breeds normalized conservatively; no animal/litter counts
RU-FELIS-RUSSICA-CATTERIES-2026-09-09,grand pompon*ru,Grand Pompon*RU,курильский бобтейл,Kurilian Bobtail,VBO:0100146,aggregate,1,Russia,listed cattery-breed association,Felis Russica (FIFe member),195,https://felis-russica.com/pitomniki-felis-russica.html,2026-09-09,Supply-side federation webpage updated in place; no complete publication date or activity date per cattery; deleted entries excluded when marked; free-text breeds normalized conservatively; no animal/litter counts
RU-FELIS-RUSSICA-CATTERIES-2026-09-09,grandia*ru,Grandia*RU,бурманская,Burmese,VBO:0100053,exact,1,Russia,listed cattery-breed association,Felis Russica (FIFe member),195,https://felis-russica.com/pitomniki-felis-russica.html,2026-09-09,Supply-side federation webpage updated in place; no complete publication date or activity date per cattery; deleted entries excluded when marked; free-text breeds normalized conservatively; no animal/litter counts
RU-FELIS-RUSSICA-CATTERIES-2026-09-09,high class*ru,High Class*RU,британская короткошерстная,British Shorthair,VBO:0100052,exact,1,Russia,listed cattery-breed association,Felis Russica (FIFe member),195,https://felis-russica.com/pitomniki-felis-russica.html,2026-09-09,Supply-side federation webpage updated in place; no complete publication date or activity date per cattery; deleted entries excluded when marked; free-text breeds normalized conservatively; no animal/litter counts
RU-FELIS-RUSSICA-CATTERIES-2026-09-09,himalayan star*ru,Himalayan Star*RU,персы и экзоты,Persian / Exotic group,VBO:0100188|VBO:0100096,aggregate,1,Russia,listed cattery-breed association,Felis Russica (FIFe member),195,https://felis-russica.com/pitomniki-felis-russica.html,2026-09-09,Supply-side federation webpage updated in place; no complete publication date or activity date per cattery; deleted entries excluded when marked; free-text breeds normalized conservatively; no animal/litter counts
RU-FELIS-RUSSICA-CATTERIES-2026-09-09,home giant*ru,Home Giant*RU,мейн-кун,Maine Coon,VBO:0100154,exact,1,Russia,listed cattery-breed association,Felis Russica (FIFe member),195,https://felis-russica.com/pitomniki-felis-russica.html,2026-09-09,Supply-side federation webpage updated in place; no complete publication date or activity date per cattery; deleted entries excluded when marked; free-text breeds normalized conservatively; no animal/litter counts
RU-FELIS-RUSSICA-CATTERIES-2026-09-09,housemouse*ru,Housemouse*RU,мейн-кун,Maine Coon,VBO:0100154,exact,1,Russia,listed cattery-breed association,Felis Russica (FIFe member),195,https://felis-russica.com/pitomniki-felis-russica.html,2026-09-09,Supply-side federation webpage updated in place; no complete publication date or activity date per cattery; deleted entries excluded when marked; free-text breeds normalized conservatively; no animal/litter counts
RU-FELIS-RUSSICA-CATTERIES-2026-09-09,inkunabula*ru,Inkunabula*RU,бурманская,Burmese,VBO:0100053,exact,1,Russia,listed cattery-breed association,Felis Russica (FIFe member),195,https://felis-russica.com/pitomniki-felis-russica.html,2026-09-09,Supply-side federation webpage updated in place; no complete publication date or activity date per cattery; deleted entries excluded when marked; free-text breeds normalized conservatively; no animal/litter counts
RU-FELIS-RUSSICA-CATTERIES-2026-09-09,iridils line*ru,Iridils Line*RU,мейн кун,Maine Coon,VBO:0100154,exact,1,Russia,listed cattery-breed association,Felis Russica (FIFe member),195,https://felis-russica.com/pitomniki-felis-russica.html,2026-09-09,Supply-side federation webpage updated in place; no complete publication date or activity date per cattery; deleted entries excluded when marked; free-text breeds normalized conservatively; no animal/litter counts
RU-FELIS-RUSSICA-CATTERIES-2026-09-09,julius*ru,JULIUS*RU,бурманская,Burmese,VBO:0100053,exact,1,Russia,listed cattery-breed association,Felis Russica (FIFe member),195,https://felis-russica.com/pitomniki-felis-russica.html,2026-09-09,Supply-side federation webpage updated in place; no complete publication date or activity date per cattery; deleted entries excluded when marked; free-text breeds normalized conservatively; no animal/litter counts
RU-FELIS-RUSSICA-CATTERIES-2026-09-09,kalanta solo*ru,Kalanta Solo*RU,корниш рекс,Cornish Rex,VBO:0100077,exact,1,Russia,listed cattery-breed association,Felis Russica (FIFe member),195,https://felis-russica.com/pitomniki-felis-russica.html,2026-09-09,Supply-side federation webpage updated in place; no complete publication date or activity date per cattery; deleted entries excluded when marked; free-text breeds normalized conservatively; no animal/litter counts
RU-FELIS-RUSSICA-CATTERIES-2026-09-09,katrin style*ru,Katrin Style*RU,мейн-кун,Maine Coon,VBO:0100154,exact,1,Russia,listed cattery-breed association,Felis Russica (FIFe member),195,https://felis-russica.com/pitomniki-felis-russica.html,2026-09-09,Supply-side federation webpage updated in place; no complete publication date or activity date per cattery; deleted entries excluded when marked; free-text breeds normalized conservatively; no animal/litter counts
RU-FELIS-RUSSICA-CATTERIES-2026-09-09,katrin's tails*ru,Katrin's Tails*RU,мейн-кун,Maine Coon,VBO:0100154,exact,1,Russia,listed cattery-breed association,Felis Russica (FIFe member),195,https://felis-russica.com/pitomniki-felis-russica.html,2026-09-09,Supply-side federation webpage updated in place; no complete publication date or activity date per cattery; deleted entries excluded when marked; free-text breeds normalized conservatively; no animal/litter counts
RU-FELIS-RUSSICA-CATTERIES-2026-09-09,korvel*ru,Korvel*RU,бурманская,Burmese,VBO:0100053,exact,1,Russia,listed cattery-breed association,Felis Russica (FIFe member),195,https://felis-russica.com/pitomniki-felis-russica.html,2026-09-09,Supply-side federation webpage updated in place; no complete publication date or activity date per cattery; deleted entries excluded when marked; free-text breeds normalized conservatively; no animal/litter counts
RU-FELIS-RUSSICA-CATTERIES-2026-09-09,krasa kubani*ru,Krasa Kubani*RU,мейн-кун,Maine Coon,VBO:0100154,exact,1,Russia,listed cattery-breed association,Felis Russica (FIFe member),195,https://felis-russica.com/pitomniki-felis-russica.html,2026-09-09,Supply-side federation webpage updated in place; no complete publication date or activity date per cattery; deleted entries excluded when marked; free-text breeds normalized conservatively; no animal/litter counts
RU-FELIS-RUSSICA-CATTERIES-2026-09-09,krasnyi dar*ru,Krasnyi Dar*RU,мейн-кун,Maine Coon,VBO:0100154,exact,1,Russia,listed cattery-breed association,Felis Russica (FIFe member),195,https://felis-russica.com/pitomniki-felis-russica.html,2026-09-09,Supply-side federation webpage updated in place; no complete publication date or activity date per cattery; deleted entries excluded when marked; free-text breeds normalized conservatively; no animal/litter counts
RU-FELIS-RUSSICA-CATTERIES-2026-09-09,kuban*ru,Kuban*RU,мейн-кун,Maine Coon,VBO:0100154,exact,1,Russia,listed cattery-breed association,Felis Russica (FIFe member),195,https://felis-russica.com/pitomniki-felis-russica.html,2026-09-09,Supply-side federation webpage updated in place; no complete publication date or activity date per cattery; deleted entries excluded when marked; free-text breeds normalized conservatively; no animal/litter counts
RU-FELIS-RUSSICA-CATTERIES-2026-09-09,kuril kotan*ru,Kuril Kotan*RU,курильский бобтейл,Kurilian Bobtail,VBO:0100146,aggregate,1,Russia,listed cattery-breed association,Felis Russica (FIFe member),195,https://felis-russica.com/pitomniki-felis-russica.html,2026-09-09,Supply-side federation webpage updated in place; no complete publication date or activity date per cattery; deleted entries excluded when marked; free-text breeds normalized conservatively; no animal/litter counts
RU-FELIS-RUSSICA-CATTERIES-2026-09-09,laurel angel*ru,Laurel Angel*RU,мейн-кун,Maine Coon,VBO:0100154,exact,1,Russia,listed cattery-breed association,Felis Russica (FIFe member),195,https://felis-russica.com/pitomniki-felis-russica.html,2026-09-09,Supply-side federation webpage updated in place; no complete publication date or activity date per cattery; deleted entries excluded when marked; free-text breeds normalized conservatively; no animal/litter counts
RU-FELIS-RUSSICA-CATTERIES-2026-09-09,le monti rey*ru,Le Monti Rey*RU,канадский сфинкс,Sphynx,VBO:0100230,exact,1,Russia,listed cattery-breed association,Felis Russica (FIFe member),195,https://felis-russica.com/pitomniki-felis-russica.html,2026-09-09,Supply-side federation webpage updated in place; no complete publication date or activity date per cattery; deleted entries excluded when marked; free-text breeds normalized conservatively; no animal/litter counts
RU-FELIS-RUSSICA-CATTERIES-2026-09-09,le semi*ru,Le Semi*RU,ориентальная,Oriental Shorthair,VBO:0100184,exact,1,Russia,listed cattery-breed association,Felis Russica (FIFe member),195,https://felis-russica.com/pitomniki-felis-russica.html,2026-09-09,Supply-side federation webpage updated in place; no complete publication date or activity date per cattery; deleted entries excluded when marked; free-text breeds normalized conservatively; no animal/litter counts
RU-FELIS-RUSSICA-CATTERIES-2026-09-09,le semi*ru,Le Semi*RU,сиамская,Siamese,VBO:0100221,exact,1,Russia,listed cattery-breed association,Felis Russica (FIFe member),195,https://felis-russica.com/pitomniki-felis-russica.html,2026-09-09,Supply-side federation webpage updated in place; no complete publication date or activity date per cattery; deleted entries excluded when marked; free-text breeds normalized conservatively; no animal/litter counts
RU-FELIS-RUSSICA-CATTERIES-2026-09-09,legendavostoka*ru,LegendaVostoka*RU,священная бирма,Sacred Birman,VBO:0100204,exact,1,Russia,listed cattery-breed association,Felis Russica (FIFe member),195,https://felis-russica.com/pitomniki-felis-russica.html,2026-09-09,Supply-side federation webpage updated in place; no complete publication date or activity date per cattery; deleted entries excluded when marked; free-text breeds normalized conservatively; no animal/litter counts
RU-FELIS-RUSSICA-CATTERIES-2026-09-09,lenabear*ru,Lenabear*RU,сибирская,Siberian,VBO:0100223,exact,1,Russia,listed cattery-breed association,Felis Russica (FIFe member),195,https://felis-russica.com/pitomniki-felis-russica.html,2026-09-09,Supply-side federation webpage updated in place; no complete publication date or activity date per cattery; deleted entries excluded when marked; free-text breeds normalized conservatively; no animal/litter counts
RU-FELIS-RUSSICA-CATTERIES-2026-09-09,lenori*ru,Lenori*RU,ориентальная,Oriental Shorthair,VBO:0100184,exact,1,Russia,listed cattery-breed association,Felis Russica (FIFe member),195,https://felis-russica.com/pitomniki-felis-russica.html,2026-09-09,Supply-side federation webpage updated in place; no complete publication date or activity date per cattery; deleted entries excluded when marked; free-text breeds normalized conservatively; no animal/litter counts
RU-FELIS-RUSSICA-CATTERIES-2026-09-09,lenori*ru,Lenori*RU,сиамская,Siamese,VBO:0100221,exact,1,Russia,listed cattery-breed association,Felis Russica (FIFe member),195,https://felis-russica.com/pitomniki-felis-russica.html,2026-09-09,Supply-side federation webpage updated in place; no complete publication date or activity date per cattery; deleted entries excluded when marked; free-text breeds normalized conservatively; no animal/litter counts
RU-FELIS-RUSSICA-CATTERIES-2026-09-09,leoland*ru,Leoland*RU,мейн-кун,Maine Coon,VBO:0100154,exact,1,Russia,listed cattery-breed association,Felis Russica (FIFe member),195,https://felis-russica.com/pitomniki-felis-russica.html,2026-09-09,Supply-side federation webpage updated in place; no complete publication date or activity date per cattery; deleted entries excluded when marked; free-text breeds normalized conservatively; no animal/litter counts
RU-FELIS-RUSSICA-CATTERIES-2026-09-09,leominor*ru,Leominor*RU,мейн-кун,Maine Coon,VBO:0100154,exact,1,Russia,listed cattery-breed association,Felis Russica (FIFe member),195,https://felis-russica.com/pitomniki-felis-russica.html,2026-09-09,Supply-side federation webpage updated in place; no complete publication date or activity date per cattery; deleted entries excluded when marked; free-text breeds normalized conservatively; no animal/litter counts
RU-FELIS-RUSSICA-CATTERIES-2026-09-09,leonilacoon*ru,LeonilaCoon*RU,мейн-кун,Maine Coon,VBO:0100154,exact,1,Russia,listed cattery-breed association,Felis Russica (FIFe member),195,https://felis-russica.com/pitomniki-felis-russica.html,2026-09-09,Supply-side federation webpage updated in place; no complete publication date or activity date per cattery; deleted entries excluded when marked; free-text breeds normalized conservatively; no animal/litter counts
RU-FELIS-RUSSICA-CATTERIES-2026-09-09,leopardesque*ru,Leopardesque*RU,бенгальская,Bengal,VBO:0100040,exact,1,Russia,listed cattery-breed association,Felis Russica (FIFe member),195,https://felis-russica.com/pitomniki-felis-russica.html,2026-09-09,Supply-side federation webpage updated in place; no complete publication date or activity date per cattery; deleted entries excluded when marked; free-text breeds normalized conservatively; no animal/litter counts
RU-FELIS-RUSSICA-CATTERIES-2026-09-09,leven dee*ru,Leven Dee*RU,британская,British Shorthair,VBO:0100052,aggregate,1,Russia,listed cattery-breed association,Felis Russica (FIFe member),195,https://felis-russica.com/pitomniki-felis-russica.html,2026-09-09,Supply-side federation webpage updated in place; no complete publication date or activity date per cattery; deleted entries excluded when marked; free-text breeds normalized conservatively; no animal/litter counts
RU-FELIS-RUSSICA-CATTERIES-2026-09-09,long meadow*ru,Long Meadow*RU,мейн-кун,Maine Coon,VBO:0100154,exact,1,Russia,listed cattery-breed association,Felis Russica (FIFe member),195,https://felis-russica.com/pitomniki-felis-russica.html,2026-09-09,Supply-side federation webpage updated in place; no complete publication date or activity date per cattery; deleted entries excluded when marked; free-text breeds normalized conservatively; no animal/litter counts
RU-FELIS-RUSSICA-CATTERIES-2026-09-09,magic neko*ru,Magic Neko*RU,бурманская,Burmese,VBO:0100053,exact,1,Russia,listed cattery-breed association,Felis Russica (FIFe member),195,https://felis-russica.com/pitomniki-felis-russica.html,2026-09-09,Supply-side federation webpage updated in place; no complete publication date or activity date per cattery; deleted entries excluded when marked; free-text breeds normalized conservatively; no animal/litter counts
RU-FELIS-RUSSICA-CATTERIES-2026-09-09,magic valley*ru,Magic Valley*RU,бурма,Burmese,VBO:0100053,exact,1,Russia,listed cattery-breed association,Felis Russica (FIFe member),195,https://felis-russica.com/pitomniki-felis-russica.html,2026-09-09,Supply-side federation webpage updated in place; no complete publication date or activity date per cattery; deleted entries excluded when marked; free-text breeds normalized conservatively; no animal/litter counts
RU-FELIS-RUSSICA-CATTERIES-2026-09-09,magired*ru,Magired*RU,бурманская,Burmese,VBO:0100053,exact,1,Russia,listed cattery-breed association,Felis Russica (FIFe member),195,https://felis-russica.com/pitomniki-felis-russica.html,2026-09-09,Supply-side federation webpage updated in place; no complete publication date or activity date per cattery; deleted entries excluded when marked; free-text breeds normalized conservatively; no animal/litter counts
RU-FELIS-RUSSICA-CATTERIES-2026-09-09,magnate*ru,Magnate*RU,мейн кун,Maine Coon,VBO:0100154,exact,1,Russia,listed cattery-breed association,Felis Russica (FIFe member),195,https://felis-russica.com/pitomniki-felis-russica.html,2026-09-09,Supply-side federation webpage updated in place; no complete publication date or activity date per cattery; deleted entries excluded when marked; free-text breeds normalized conservatively; no animal/litter counts
RU-FELIS-RUSSICA-CATTERIES-2026-09-09,maine guey*ru,Maine Guey*RU,мейн-кун,Maine Coon,VBO:0100154,exact,1,Russia,listed cattery-breed association,Felis Russica (FIFe member),195,https://felis-russica.com/pitomniki-felis-russica.html,2026-09-09,Supply-side federation webpage updated in place; no complete publication date or activity date per cattery; deleted entries excluded when marked; free-text breeds normalized conservatively; no animal/litter counts
RU-FELIS-RUSSICA-CATTERIES-2026-09-09,majestic grace*ru,Majestic Grace*RU,абиссинская,Abyssinian,VBO:0100000,exact,1,Russia,listed cattery-breed association,Felis Russica (FIFe member),195,https://felis-russica.com/pitomniki-felis-russica.html,2026-09-09,Supply-side federation webpage updated in place; no complete publication date or activity date per cattery; deleted entries excluded when marked; free-text breeds normalized conservatively; no animal/litter counts
RU-FELIS-RUSSICA-CATTERIES-2026-09-09,majoris*ru,Majoris*RU,бурманская,Burmese,VBO:0100053,exact,1,Russia,listed cattery-breed association,Felis Russica (FIFe member),195,https://felis-russica.com/pitomniki-felis-russica.html,2026-09-09,Supply-side federation webpage updated in place; no complete publication date or activity date per cattery; deleted entries excluded when marked; free-text breeds normalized conservatively; no animal/litter counts
RU-FELIS-RUSSICA-CATTERIES-2026-09-09,manor in paradise*ru,Manor in Paradise*RU,бурманская,Burmese,VBO:0100053,exact,1,Russia,listed cattery-breed association,Felis Russica (FIFe member),195,https://felis-russica.com/pitomniki-felis-russica.html,2026-09-09,Supply-side federation webpage updated in place; no complete publication date or activity date per cattery; deleted entries excluded when marked; free-text breeds normalized conservatively; no animal/litter counts
RU-FELIS-RUSSICA-CATTERIES-2026-09-09,marine moor*ru,Marine Moor*RU,абиссинская,Abyssinian,VBO:0100000,exact,1,Russia,listed cattery-breed association,Felis Russica (FIFe member),195,https://felis-russica.com/pitomniki-felis-russica.html,2026-09-09,Supply-side federation webpage updated in place; no complete publication date or activity date per cattery; deleted entries excluded when marked; free-text breeds normalized conservatively; no animal/litter counts
RU-FELIS-RUSSICA-CATTERIES-2026-09-09,marvevous lord*ru,Marvevous Lord*RU,британская короткошерстная,British Shorthair,VBO:0100052,exact,1,Russia,listed cattery-breed association,Felis Russica (FIFe member),195,https://felis-russica.com/pitomniki-felis-russica.html,2026-09-09,Supply-side federation webpage updated in place; no complete publication date or activity date per cattery; deleted entries excluded when marked; free-text breeds normalized conservatively; no animal/litter counts
RU-FELIS-RUSSICA-CATTERIES-2026-09-09,mcline*ru,McLine*RU,мейн-кун,Maine Coon,VBO:0100154,exact,1,Russia,listed cattery-breed association,Felis Russica (FIFe member),195,https://felis-russica.com/pitomniki-felis-russica.html,2026-09-09,Supply-side federation webpage updated in place; no complete publication date or activity date per cattery; deleted entries excluded when marked; free-text breeds normalized conservatively; no animal/litter counts
RU-FELIS-RUSSICA-CATTERIES-2026-09-09,meow mur*ru,Meow Mur*RU,мейн-кун,Maine Coon,VBO:0100154,exact,1,Russia,listed cattery-breed association,Felis Russica (FIFe member),195,https://felis-russica.com/pitomniki-felis-russica.html,2026-09-09,Supply-side federation webpage updated in place; no complete publication date or activity date per cattery; deleted entries excluded when marked; free-text breeds normalized conservatively; no animal/litter counts
RU-FELIS-RUSSICA-CATTERIES-2026-09-09,merrydoll*ru,Merrydoll*RU,регдолл,Ragdoll,VBO:0100196,exact,1,Russia,listed cattery-breed association,Felis Russica (FIFe member),195,https://felis-russica.com/pitomniki-felis-russica.html,2026-09-09,Supply-side federation webpage updated in place; no complete publication date or activity date per cattery; deleted entries excluded when marked; free-text breeds normalized conservatively; no animal/litter counts
RU-FELIS-RUSSICA-CATTERIES-2026-09-09,mifezo*ru,Mifezo*RU,мейн-кун,Maine Coon,VBO:0100154,exact,1,Russia,listed cattery-breed association,Felis Russica (FIFe member),195,https://felis-russica.com/pitomniki-felis-russica.html,2026-09-09,Supply-side federation webpage updated in place; no complete publication date or activity date per cattery; deleted entries excluded when marked; free-text breeds normalized conservatively; no animal/litter counts
RU-FELIS-RUSSICA-CATTERIES-2026-09-09,millesine*ru,Millesine*RU,мейн-кун,Maine Coon,VBO:0100154,exact,1,Russia,listed cattery-breed association,Felis Russica (FIFe member),195,https://felis-russica.com/pitomniki-felis-russica.html,2026-09-09,Supply-side federation webpage updated in place; no complete publication date or activity date per cattery; deleted entries excluded when marked; free-text breeds normalized conservatively; no animal/litter counts
RU-FELIS-RUSSICA-CATTERIES-2026-09-09,milvago kyn*ru,Milvago Kyn*RU,мейн-кун,Maine Coon,VBO:0100154,exact,1,Russia,listed cattery-breed association,Felis Russica (FIFe member),195,https://felis-russica.com/pitomniki-felis-russica.html,2026-09-09,Supply-side federation webpage updated in place; no complete publication date or activity date per cattery; deleted entries excluded when marked; free-text breeds normalized conservatively; no animal/litter counts
RU-FELIS-RUSSICA-CATTERIES-2026-09-09,milvago kyn*ru,Milvago Kyn*RU,ориентальная,Oriental Shorthair,VBO:0100184,exact,1,Russia,listed cattery-breed association,Felis Russica (FIFe member),195,https://felis-russica.com/pitomniki-felis-russica.html,2026-09-09,Supply-side federation webpage updated in place; no complete publication date or activity date per cattery; deleted entries excluded when marked; free-text breeds normalized conservatively; no animal/litter counts
RU-FELIS-RUSSICA-CATTERIES-2026-09-09,milvago kyn*ru,Milvago Kyn*RU,сиамская,Siamese,VBO:0100221,exact,1,Russia,listed cattery-breed association,Felis Russica (FIFe member),195,https://felis-russica.com/pitomniki-felis-russica.html,2026-09-09,Supply-side federation webpage updated in place; no complete publication date or activity date per cattery; deleted entries excluded when marked; free-text breeds normalized conservatively; no animal/litter counts
RU-FELIS-RUSSICA-CATTERIES-2026-09-09,miphril*ru,Miphril*RU,ориентальная,Oriental Shorthair,VBO:0100184,exact,1,Russia,listed cattery-breed association,Felis Russica (FIFe member),195,https://felis-russica.com/pitomniki-felis-russica.html,2026-09-09,Supply-side federation webpage updated in place; no complete publication date or activity date per cattery; deleted entries excluded when marked; free-text breeds normalized conservatively; no animal/litter counts
RU-FELIS-RUSSICA-CATTERIES-2026-09-09,miphril*ru,Miphril*RU,сиамская,Siamese,VBO:0100221,exact,1,Russia,listed cattery-breed association,Felis Russica (FIFe member),195,https://felis-russica.com/pitomniki-felis-russica.html,2026-09-09,Supply-side federation webpage updated in place; no complete publication date or activity date per cattery; deleted entries excluded when marked; free-text breeds normalized conservatively; no animal/litter counts
RU-FELIS-RUSSICA-CATTERIES-2026-09-09,mumillo*ru,Mumillo*RU,ориентальная,Oriental Shorthair,VBO:0100184,exact,1,Russia,listed cattery-breed association,Felis Russica (FIFe member),195,https://felis-russica.com/pitomniki-felis-russica.html,2026-09-09,Supply-side federation webpage updated in place; no complete publication date or activity date per cattery; deleted entries excluded when marked; free-text breeds normalized conservatively; no animal/litter counts
RU-FELIS-RUSSICA-CATTERIES-2026-09-09,mumillo*ru,Mumillo*RU,сиамская,Siamese,VBO:0100221,exact,1,Russia,listed cattery-breed association,Felis Russica (FIFe member),195,https://felis-russica.com/pitomniki-felis-russica.html,2026-09-09,Supply-side federation webpage updated in place; no complete publication date or activity date per cattery; deleted entries excluded when marked; free-text breeds normalized conservatively; no animal/litter counts
RU-FELIS-RUSSICA-CATTERIES-2026-09-09,mysterious elf*ru,Mysterious Elf*RU,девон рекс,Devon Rex,VBO:0100084,exact,1,Russia,listed cattery-breed association,Felis Russica (FIFe member),195,https://felis-russica.com/pitomniki-felis-russica.html,2026-09-09,Supply-side federation webpage updated in place; no complete publication date or activity date per cattery; deleted entries excluded when marked; free-text breeds normalized conservatively; no animal/litter counts
RU-FELIS-RUSSICA-CATTERIES-2026-09-09,mysterious land*ru,Mysterious Land*RU,бурманская,Burmese,VBO:0100053,exact,1,Russia,listed cattery-breed association,Felis Russica (FIFe member),195,https://felis-russica.com/pitomniki-felis-russica.html,2026-09-09,Supply-side federation webpage updated in place; no complete publication date or activity date per cattery; deleted entries excluded when marked; free-text breeds normalized conservatively; no animal/litter counts
RU-FELIS-RUSSICA-CATTERIES-2026-09-09,nastalis*ru,Nastalis*RU,русская голубая,Russian Blue,VBO:0100200,exact,1,Russia,listed cattery-breed association,Felis Russica (FIFe member),195,https://felis-russica.com/pitomniki-felis-russica.html,2026-09-09,Supply-side federation webpage updated in place; no complete publication date or activity date per cattery; deleted entries excluded when marked; free-text breeds normalized conservatively; no animal/litter counts
RU-FELIS-RUSSICA-CATTERIES-2026-09-09,natline*ru,Natline*RU,мейн-кун,Maine Coon,VBO:0100154,exact,1,Russia,listed cattery-breed association,Felis Russica (FIFe member),195,https://felis-russica.com/pitomniki-felis-russica.html,2026-09-09,Supply-side federation webpage updated in place; no complete publication date or activity date per cattery; deleted entries excluded when marked; free-text breeds normalized conservatively; no animal/litter counts
RU-FELIS-RUSSICA-CATTERIES-2026-09-09,nekogami*ru,Nekogami*RU,восточные,Siamese / Oriental group,VBO:0100221|VBO:0100184,aggregate,1,Russia,listed cattery-breed association,Felis Russica (FIFe member),195,https://felis-russica.com/pitomniki-felis-russica.html,2026-09-09,Supply-side federation webpage updated in place; no complete publication date or activity date per cattery; deleted entries excluded when marked; free-text breeds normalized conservatively; no animal/litter counts
RU-FELIS-RUSSICA-CATTERIES-2026-09-09,nervus rerum*ru,Nervus Rerum*RU,мейн-кун,Maine Coon,VBO:0100154,exact,1,Russia,listed cattery-breed association,Felis Russica (FIFe member),195,https://felis-russica.com/pitomniki-felis-russica.html,2026-09-09,Supply-side federation webpage updated in place; no complete publication date or activity date per cattery; deleted entries excluded when marked; free-text breeds normalized conservatively; no animal/litter counts
RU-FELIS-RUSSICA-CATTERIES-2026-09-09,neva valse*ru,Neva Valse*RU,невская маскарадная,Neva Masquerade,VBO:0100173,exact,1,Russia,listed cattery-breed association,Felis Russica (FIFe member),195,https://felis-russica.com/pitomniki-felis-russica.html,2026-09-09,Supply-side federation webpage updated in place; no complete publication date or activity date per cattery; deleted entries excluded when marked; free-text breeds normalized conservatively; no animal/litter counts
RU-FELIS-RUSSICA-CATTERIES-2026-09-09,nibirustar*ru,Nibirustar*RU,сфинкс,Sphynx,VBO:0100230,exact,1,Russia,listed cattery-breed association,Felis Russica (FIFe member),195,https://felis-russica.com/pitomniki-felis-russica.html,2026-09-09,Supply-side federation webpage updated in place; no complete publication date or activity date per cattery; deleted entries excluded when marked; free-text breeds normalized conservatively; no animal/litter counts
RU-FELIS-RUSSICA-CATTERIES-2026-09-09,noble marvel*ru,Noble Marvel*RU,менй-кун,Maine Coon,VBO:0100154,exact,1,Russia,listed cattery-breed association,Felis Russica (FIFe member),195,https://felis-russica.com/pitomniki-felis-russica.html,2026-09-09,Supply-side federation webpage updated in place; no complete publication date or activity date per cattery; deleted entries excluded when marked; free-text breeds normalized conservatively; no animal/litter counts
RU-FELIS-RUSSICA-CATTERIES-2026-09-09,north cape*ru,North Cape*RU,норвежская лесная,Norwegian Forest Cat,VBO:0100178,exact,1,Russia,listed cattery-breed association,Felis Russica (FIFe member),195,https://felis-russica.com/pitomniki-felis-russica.html,2026-09-09,Supply-side federation webpage updated in place; no complete publication date or activity date per cattery; deleted entries excluded when marked; free-text breeds normalized conservatively; no animal/litter counts
RU-FELIS-RUSSICA-CATTERIES-2026-09-09,nyan*ru,NYAN*RU,мейн-кун,Maine Coon,VBO:0100154,exact,1,Russia,listed cattery-breed association,Felis Russica (FIFe member),195,https://felis-russica.com/pitomniki-felis-russica.html,2026-09-09,Supply-side federation webpage updated in place; no complete publication date or activity date per cattery; deleted entries excluded when marked; free-text breeds normalized conservatively; no animal/litter counts
RU-FELIS-RUSSICA-CATTERIES-2026-09-09,o'rpuni*ru,O'Rpuni*RU,ориентальная,Oriental Shorthair,VBO:0100184,exact,1,Russia,listed cattery-breed association,Felis Russica (FIFe member),195,https://felis-russica.com/pitomniki-felis-russica.html,2026-09-09,Supply-side federation webpage updated in place; no complete publication date or activity date per cattery; deleted entries excluded when marked; free-text breeds normalized conservatively; no animal/litter counts
RU-FELIS-RUSSICA-CATTERIES-2026-09-09,o'rpuni*ru,O'Rpuni*RU,сиамская,Siamese,VBO:0100221,exact,1,Russia,listed cattery-breed association,Felis Russica (FIFe member),195,https://felis-russica.com/pitomniki-felis-russica.html,2026-09-09,Supply-side federation webpage updated in place; no complete publication date or activity date per cattery; deleted entries excluded when marked; free-text breeds normalized conservatively; no animal/litter counts
RU-FELIS-RUSSICA-CATTERIES-2026-09-09,obatur*ru,Obatur*RU,мейн-кун,Maine Coon,VBO:0100154,exact,1,Russia,listed cattery-breed association,Felis Russica (FIFe member),195,https://felis-russica.com/pitomniki-felis-russica.html,2026-09-09,Supply-side federation webpage updated in place; no complete publication date or activity date per cattery; deleted entries excluded when marked; free-text breeds normalized conservatively; no animal/litter counts
RU-FELIS-RUSSICA-CATTERIES-2026-09-09,oka coon*ru,Oka Coon*RU,мейн кун,Maine Coon,VBO:0100154,exact,1,Russia,listed cattery-breed association,Felis Russica (FIFe member),195,https://felis-russica.com/pitomniki-felis-russica.html,2026-09-09,Supply-side federation webpage updated in place; no complete publication date or activity date per cattery; deleted entries excluded when marked; free-text breeds normalized conservatively; no animal/litter counts
RU-FELIS-RUSSICA-CATTERIES-2026-09-09,olimpian*ru,Olimpian*RU,мейн-кун,Maine Coon,VBO:0100154,exact,1,Russia,listed cattery-breed association,Felis Russica (FIFe member),195,https://felis-russica.com/pitomniki-felis-russica.html,2026-09-09,Supply-side federation webpage updated in place; no complete publication date or activity date per cattery; deleted entries excluded when marked; free-text breeds normalized conservatively; no animal/litter counts
RU-FELIS-RUSSICA-CATTERIES-2026-09-09,orange sun*ru,Orange Sun*RU,мейн-кун,Maine Coon,VBO:0100154,exact,1,Russia,listed cattery-breed association,Felis Russica (FIFe member),195,https://felis-russica.com/pitomniki-felis-russica.html,2026-09-09,Supply-side federation webpage updated in place; no complete publication date or activity date per cattery; deleted entries excluded when marked; free-text breeds normalized conservatively; no animal/litter counts
RU-FELIS-RUSSICA-CATTERIES-2026-09-09,orient movement *ru,Orient Movement *RU,ориентальная,Oriental Shorthair,VBO:0100184,exact,1,Russia,listed cattery-breed association,Felis Russica (FIFe member),195,https://felis-russica.com/pitomniki-felis-russica.html,2026-09-09,Supply-side federation webpage updated in place; no complete publication date or activity date per cattery; deleted entries excluded when marked; free-text breeds normalized conservatively; no animal/litter counts
RU-FELIS-RUSSICA-CATTERIES-2026-09-09,pierre club*ru,Pierre Club*RU,канадский сфинкс,Sphynx,VBO:0100230,exact,1,Russia,listed cattery-breed association,Felis Russica (FIFe member),195,https://felis-russica.com/pitomniki-felis-russica.html,2026-09-09,Supply-side federation webpage updated in place; no complete publication date or activity date per cattery; deleted entries excluded when marked; free-text breeds normalized conservatively; no animal/litter counts
RU-FELIS-RUSSICA-CATTERIES-2026-09-09,plush doll*ru,Plush Doll*RU,регдолл,Ragdoll,VBO:0100196,exact,1,Russia,listed cattery-breed association,Felis Russica (FIFe member),195,https://felis-russica.com/pitomniki-felis-russica.html,2026-09-09,Supply-side federation webpage updated in place; no complete publication date or activity date per cattery; deleted entries excluded when marked; free-text breeds normalized conservatively; no animal/litter counts
RU-FELIS-RUSSICA-CATTERIES-2026-09-09,pride of palace*ru,Pride of Palace*RU,мейн-кун,Maine Coon,VBO:0100154,exact,1,Russia,listed cattery-breed association,Felis Russica (FIFe member),195,https://felis-russica.com/pitomniki-felis-russica.html,2026-09-09,Supply-side federation webpage updated in place; no complete publication date or activity date per cattery; deleted entries excluded when marked; free-text breeds normalized conservatively; no animal/litter counts
RU-FELIS-RUSSICA-CATTERIES-2026-09-09,probonoastra*ru,ProbonoAstra*RU,мэйн-кун,Maine Coon,VBO:0100154,exact,1,Russia,listed cattery-breed association,Felis Russica (FIFe member),195,https://felis-russica.com/pitomniki-felis-russica.html,2026-09-09,Supply-side federation webpage updated in place; no complete publication date or activity date per cattery; deleted entries excluded when marked; free-text breeds normalized conservatively; no animal/litter counts
RU-FELIS-RUSSICA-CATTERIES-2026-09-09,ragbaum*ru,Ragbaum*RU,регдолл,Ragdoll,VBO:0100196,exact,1,Russia,listed cattery-breed association,Felis Russica (FIFe member),195,https://felis-russica.com/pitomniki-felis-russica.html,2026-09-09,Supply-side federation webpage updated in place; no complete publication date or activity date per cattery; deleted entries excluded when marked; free-text breeds normalized conservatively; no animal/litter counts
RU-FELIS-RUSSICA-CATTERIES-2026-09-09,raksi line*ru,Raksi Line*RU,мейн-кун,Maine Coon,VBO:0100154,exact,1,Russia,listed cattery-breed association,Felis Russica (FIFe member),195,https://felis-russica.com/pitomniki-felis-russica.html,2026-09-09,Supply-side federation webpage updated in place; no complete publication date or activity date per cattery; deleted entries excluded when marked; free-text breeds normalized conservatively; no animal/litter counts
RU-FELIS-RUSSICA-CATTERIES-2026-09-09,rauschen cattery*ru,RAUSCHEN CATTERY*RU,британская короткошерстная,British Shorthair,VBO:0100052,exact,1,Russia,listed cattery-breed association,Felis Russica (FIFe member),195,https://felis-russica.com/pitomniki-felis-russica.html,2026-09-09,Supply-side federation webpage updated in place; no complete publication date or activity date per cattery; deleted entries excluded when marked; free-text breeds normalized conservatively; no animal/litter counts
RU-FELIS-RUSSICA-CATTERIES-2026-09-09,real love*ru,REAL LOVE*RU,мейн-кун,Maine Coon,VBO:0100154,exact,1,Russia,listed cattery-breed association,Felis Russica (FIFe member),195,https://felis-russica.com/pitomniki-felis-russica.html,2026-09-09,Supply-side federation webpage updated in place; no complete publication date or activity date per cattery; deleted entries excluded when marked; free-text breeds normalized conservatively; no animal/litter counts
RU-FELIS-RUSSICA-CATTERIES-2026-09-09,renovatio*ru,Renovatio*RU,восточные,Siamese / Oriental group,VBO:0100221|VBO:0100184,aggregate,1,Russia,listed cattery-breed association,Felis Russica (FIFe member),195,https://felis-russica.com/pitomniki-felis-russica.html,2026-09-09,Supply-side federation webpage updated in place; no complete publication date or activity date per cattery; deleted entries excluded when marked; free-text breeds normalized conservatively; no animal/litter counts
RU-FELIS-RUSSICA-CATTERIES-2026-09-09,russian bars*ru,Russian Bars*RU,мейн-кун,Maine Coon,VBO:0100154,exact,1,Russia,listed cattery-breed association,Felis Russica (FIFe member),195,https://felis-russica.com/pitomniki-felis-russica.html,2026-09-09,Supply-side federation webpage updated in place; no complete publication date or activity date per cattery; deleted entries excluded when marked; free-text breeds normalized conservatively; no animal/litter counts
RU-FELIS-RUSSICA-CATTERIES-2026-09-09,russian stars*ru,Russian Stars*RU,бурманская,Burmese,VBO:0100053,exact,1,Russia,listed cattery-breed association,Felis Russica (FIFe member),195,https://felis-russica.com/pitomniki-felis-russica.html,2026-09-09,Supply-side federation webpage updated in place; no complete publication date or activity date per cattery; deleted entries excluded when marked; free-text breeds normalized conservatively; no animal/litter counts
RU-FELIS-RUSSICA-CATTERIES-2026-09-09,russian stars*ru,Russian Stars*RU,мейн-кун,Maine Coon,VBO:0100154,exact,1,Russia,listed cattery-breed association,Felis Russica (FIFe member),195,https://felis-russica.com/pitomniki-felis-russica.html,2026-09-09,Supply-side federation webpage updated in place; no complete publication date or activity date per cattery; deleted entries excluded when marked; free-text breeds normalized conservatively; no animal/litter counts
RU-FELIS-RUSSICA-CATTERIES-2026-09-09,russian stars*ru,Russian Stars*RU,ориентальная,Oriental Shorthair,VBO:0100184,exact,1,Russia,listed cattery-breed association,Felis Russica (FIFe member),195,https://felis-russica.com/pitomniki-felis-russica.html,2026-09-09,Supply-side federation webpage updated in place; no complete publication date or activity date per cattery; deleted entries excluded when marked; free-text breeds normalized conservatively; no animal/litter counts
RU-FELIS-RUSSICA-CATTERIES-2026-09-09,russian stars*ru,Russian Stars*RU,сиамская,Siamese,VBO:0100221,exact,1,Russia,listed cattery-breed association,Felis Russica (FIFe member),195,https://felis-russica.com/pitomniki-felis-russica.html,2026-09-09,Supply-side federation webpage updated in place; no complete publication date or activity date per cattery; deleted entries excluded when marked; free-text breeds normalized conservatively; no animal/litter counts
RU-FELIS-RUSSICA-CATTERIES-2026-09-09,russiancoon*ru,RUSSIANCOON*RU,мейн-кун,Maine Coon,VBO:0100154,exact,1,Russia,listed cattery-breed association,Felis Russica (FIFe member),195,https://felis-russica.com/pitomniki-felis-russica.html,2026-09-09,Supply-side federation webpage updated in place; no complete publication date or activity date per cattery; deleted entries excluded when marked; free-text breeds normalized conservatively; no animal/litter counts
RU-FELIS-RUSSICA-CATTERIES-2026-09-09,s&s dolls*ru,S&S Dolls*RU,регдолл,Ragdoll,VBO:0100196,exact,1,Russia,listed cattery-breed association,Felis Russica (FIFe member),195,https://felis-russica.com/pitomniki-felis-russica.html,2026-09-09,Supply-side federation webpage updated in place; no complete publication date or activity date per cattery; deleted entries excluded when marked; free-text breeds normalized conservatively; no animal/litter counts
RU-FELIS-RUSSICA-CATTERIES-2026-09-09,sacred baby*ru,Sacred Baby*RU,священная бирма,Sacred Birman,VBO:0100204,exact,1,Russia,listed cattery-breed association,Felis Russica (FIFe member),195,https://felis-russica.com/pitomniki-felis-russica.html,2026-09-09,Supply-side federation webpage updated in place; no complete publication date or activity date per cattery; deleted entries excluded when marked; free-text breeds normalized conservatively; no animal/litter counts
RU-FELIS-RUSSICA-CATTERIES-2026-09-09,sacred charm*ru,Sacred Charm*RU,священная бирма,Sacred Birman,VBO:0100204,exact,1,Russia,listed cattery-breed association,Felis Russica (FIFe member),195,https://felis-russica.com/pitomniki-felis-russica.html,2026-09-09,Supply-side federation webpage updated in place; no complete publication date or activity date per cattery; deleted entries excluded when marked; free-text breeds normalized conservatively; no animal/litter counts
RU-FELIS-RUSSICA-CATTERIES-2026-09-09,sad lion*ru,Sad Lion*RU,мейн-кун,Maine Coon,VBO:0100154,exact,1,Russia,listed cattery-breed association,Felis Russica (FIFe member),195,https://felis-russica.com/pitomniki-felis-russica.html,2026-09-09,Supply-side federation webpage updated in place; no complete publication date or activity date per cattery; deleted entries excluded when marked; free-text breeds normalized conservatively; no animal/litter counts
RU-FELIS-RUSSICA-CATTERIES-2026-09-09,sakharoff*ru,Sakharoff*RU,ориенталы,Siamese / Oriental group,VBO:0100221|VBO:0100184,aggregate,1,Russia,listed cattery-breed association,Felis Russica (FIFe member),195,https://felis-russica.com/pitomniki-felis-russica.html,2026-09-09,Supply-side federation webpage updated in place; no complete publication date or activity date per cattery; deleted entries excluded when marked; free-text breeds normalized conservatively; no animal/litter counts
RU-FELIS-RUSSICA-CATTERIES-2026-09-09,sakharoff*ru,Sakharoff*RU,сиамы,,,unresolved,1,Russia,listed cattery-breed association,Felis Russica (FIFe member),195,https://felis-russica.com/pitomniki-felis-russica.html,2026-09-09,Supply-side federation webpage updated in place; no complete publication date or activity date per cattery; deleted entries excluded when marked; free-text breeds normalized conservatively; no animal/litter counts
RU-FELIS-RUSSICA-CATTERIES-2026-09-09,sakura-hana*ru,Sakura-Hana*RU,корниш рекс,Cornish Rex,VBO:0100077,exact,1,Russia,listed cattery-breed association,Felis Russica (FIFe member),195,https://felis-russica.com/pitomniki-felis-russica.html,2026-09-09,Supply-side federation webpage updated in place; no complete publication date or activity date per cattery; deleted entries excluded when marked; free-text breeds normalized conservatively; no animal/litter counts
RU-FELIS-RUSSICA-CATTERIES-2026-09-09,sapfir honeyelf*ru,Sapfir Honeyelf*RU,девон-рекс,Devon Rex,VBO:0100084,exact,1,Russia,listed cattery-breed association,Felis Russica (FIFe member),195,https://felis-russica.com/pitomniki-felis-russica.html,2026-09-09,Supply-side federation webpage updated in place; no complete publication date or activity date per cattery; deleted entries excluded when marked; free-text breeds normalized conservatively; no animal/litter counts
RU-FELIS-RUSSICA-CATTERIES-2026-09-09,sapfir honeyelf*ru,Sapfir Honeyelf*RU,регдолл,Ragdoll,VBO:0100196,exact,1,Russia,listed cattery-breed association,Felis Russica (FIFe member),195,https://felis-russica.com/pitomniki-felis-russica.html,2026-09-09,Supply-side federation webpage updated in place; no complete publication date or activity date per cattery; deleted entries excluded when marked; free-text breeds normalized conservatively; no animal/litter counts
RU-FELIS-RUSSICA-CATTERIES-2026-09-09,satari stars*ru,SaTari Stars*RU,регдолл,Ragdoll,VBO:0100196,exact,1,Russia,listed cattery-breed association,Felis Russica (FIFe member),195,https://felis-russica.com/pitomniki-felis-russica.html,2026-09-09,Supply-side federation webpage updated in place; no complete publication date or activity date per cattery; deleted entries excluded when marked; free-text breeds normalized conservatively; no animal/litter counts
RU-FELIS-RUSSICA-CATTERIES-2026-09-09,shaggy paw*ru,Shaggy Paw*RU,мейн-кун,Maine Coon,VBO:0100154,exact,1,Russia,listed cattery-breed association,Felis Russica (FIFe member),195,https://felis-russica.com/pitomniki-felis-russica.html,2026-09-09,Supply-side federation webpage updated in place; no complete publication date or activity date per cattery; deleted entries excluded when marked; free-text breeds normalized conservatively; no animal/litter counts
RU-FELIS-RUSSICA-CATTERIES-2026-09-09,sherl*ru,Sherl*RU,восточные,Siamese / Oriental group,VBO:0100221|VBO:0100184,aggregate,1,Russia,listed cattery-breed association,Felis Russica (FIFe member),195,https://felis-russica.com/pitomniki-felis-russica.html,2026-09-09,Supply-side federation webpage updated in place; no complete publication date or activity date per cattery; deleted entries excluded when marked; free-text breeds normalized conservatively; no animal/litter counts
RU-FELIS-RUSSICA-CATTERIES-2026-09-09,siberianpresent*ru,SiberianPresent*RU,невская маскарадная,Neva Masquerade,VBO:0100173,exact,1,Russia,listed cattery-breed association,Felis Russica (FIFe member),195,https://felis-russica.com/pitomniki-felis-russica.html,2026-09-09,Supply-side federation webpage updated in place; no complete publication date or activity date per cattery; deleted entries excluded when marked; free-text breeds normalized conservatively; no animal/litter counts
RU-FELIS-RUSSICA-CATTERIES-2026-09-09,siomar*ru,Siomar*RU,ориентальная,Oriental Shorthair,VBO:0100184,exact,1,Russia,listed cattery-breed association,Felis Russica (FIFe member),195,https://felis-russica.com/pitomniki-felis-russica.html,2026-09-09,Supply-side federation webpage updated in place; no complete publication date or activity date per cattery; deleted entries excluded when marked; free-text breeds normalized conservatively; no animal/litter counts
RU-FELIS-RUSSICA-CATTERIES-2026-09-09,siomar*ru,Siomar*RU,сиамская,Siamese,VBO:0100221,exact,1,Russia,listed cattery-breed association,Felis Russica (FIFe member),195,https://felis-russica.com/pitomniki-felis-russica.html,2026-09-09,Supply-side federation webpage updated in place; no complete publication date or activity date per cattery; deleted entries excluded when marked; free-text breeds normalized conservatively; no animal/litter counts
RU-FELIS-RUSSICA-CATTERIES-2026-09-09,smirnoffmur*ru,Smirnoffmur*RU,бурманская,Burmese,VBO:0100053,exact,1,Russia,listed cattery-breed association,Felis Russica (FIFe member),195,https://felis-russica.com/pitomniki-felis-russica.html,2026-09-09,Supply-side federation webpage updated in place; no complete publication date or activity date per cattery; deleted entries excluded when marked; free-text breeds normalized conservatively; no animal/litter counts
RU-FELIS-RUSSICA-CATTERIES-2026-09-09,soir de luna*ru,Soir de Luna*RU,мейн-кун,Maine Coon,VBO:0100154,exact,1,Russia,listed cattery-breed association,Felis Russica (FIFe member),195,https://felis-russica.com/pitomniki-felis-russica.html,2026-09-09,Supply-side federation webpage updated in place; no complete publication date or activity date per cattery; deleted entries excluded when marked; free-text breeds normalized conservatively; no animal/litter counts
RU-FELIS-RUSSICA-CATTERIES-2026-09-09,soom*ru,Soom*RU,абиссинская,Abyssinian,VBO:0100000,exact,1,Russia,listed cattery-breed association,Felis Russica (FIFe member),195,https://felis-russica.com/pitomniki-felis-russica.html,2026-09-09,Supply-side federation webpage updated in place; no complete publication date or activity date per cattery; deleted entries excluded when marked; free-text breeds normalized conservatively; no animal/litter counts
RU-FELIS-RUSSICA-CATTERIES-2026-09-09,sorbonne*ru,Sorbonne*RU,восточные,Siamese / Oriental group,VBO:0100221|VBO:0100184,aggregate,1,Russia,listed cattery-breed association,Felis Russica (FIFe member),195,https://felis-russica.com/pitomniki-felis-russica.html,2026-09-09,Supply-side federation webpage updated in place; no complete publication date or activity date per cattery; deleted entries excluded when marked; free-text breeds normalized conservatively; no animal/litter counts
RU-FELIS-RUSSICA-CATTERIES-2026-09-09,sotislux*ru,Sotislux*RU,мейн-кун,Maine Coon,VBO:0100154,exact,1,Russia,listed cattery-breed association,Felis Russica (FIFe member),195,https://felis-russica.com/pitomniki-felis-russica.html,2026-09-09,Supply-side federation webpage updated in place; no complete publication date or activity date per cattery; deleted entries excluded when marked; free-text breeds normalized conservatively; no animal/litter counts
RU-FELIS-RUSSICA-CATTERIES-2026-09-09,sotsby*ru,Sotsby*RU,персидская,Persian,VBO:0100188,exact,1,Russia,listed cattery-breed association,Felis Russica (FIFe member),195,https://felis-russica.com/pitomniki-felis-russica.html,2026-09-09,Supply-side federation webpage updated in place; no complete publication date or activity date per cattery; deleted entries excluded when marked; free-text breeds normalized conservatively; no animal/litter counts
RU-FELIS-RUSSICA-CATTERIES-2026-09-09,soul delight*ru,Soul Delight*RU,мейн-кун,Maine Coon,VBO:0100154,exact,1,Russia,listed cattery-breed association,Felis Russica (FIFe member),195,https://felis-russica.com/pitomniki-felis-russica.html,2026-09-09,Supply-side federation webpage updated in place; no complete publication date or activity date per cattery; deleted entries excluded when marked; free-text breeds normalized conservatively; no animal/litter counts
RU-FELIS-RUSSICA-CATTERIES-2026-09-09,sudjuk kale*ru,Sudjuk Kale*RU,мейн-кун,Maine Coon,VBO:0100154,exact,1,Russia,listed cattery-breed association,Felis Russica (FIFe member),195,https://felis-russica.com/pitomniki-felis-russica.html,2026-09-09,Supply-side federation webpage updated in place; no complete publication date or activity date per cattery; deleted entries excluded when marked; free-text breeds normalized conservatively; no animal/litter counts
RU-FELIS-RUSSICA-CATTERIES-2026-09-09,sunny honey*ru,Sunny Honey*RU,ориентальная,Oriental Shorthair,VBO:0100184,exact,1,Russia,listed cattery-breed association,Felis Russica (FIFe member),195,https://felis-russica.com/pitomniki-felis-russica.html,2026-09-09,Supply-side federation webpage updated in place; no complete publication date or activity date per cattery; deleted entries excluded when marked; free-text breeds normalized conservatively; no animal/litter counts
RU-FELIS-RUSSICA-CATTERIES-2026-09-09,sunny honey*ru,Sunny Honey*RU,сиамская,Siamese,VBO:0100221,exact,1,Russia,listed cattery-breed association,Felis Russica (FIFe member),195,https://felis-russica.com/pitomniki-felis-russica.html,2026-09-09,Supply-side federation webpage updated in place; no complete publication date or activity date per cattery; deleted entries excluded when marked; free-text breeds normalized conservatively; no animal/litter counts
RU-FELIS-RUSSICA-CATTERIES-2026-09-09,sweet relax*ru,Sweet Relax*RU,сибирская,Siberian,VBO:0100223,exact,1,Russia,listed cattery-breed association,Felis Russica (FIFe member),195,https://felis-russica.com/pitomniki-felis-russica.html,2026-09-09,Supply-side federation webpage updated in place; no complete publication date or activity date per cattery; deleted entries excluded when marked; free-text breeds normalized conservatively; no animal/litter counts
RU-FELIS-RUSSICA-CATTERIES-2026-09-09,tai ahnanerbe*ru,Tai Ahnanerbe*RU,тайская,Thai,VBO:0100235,exact,1,Russia,listed cattery-breed association,Felis Russica (FIFe member),195,https://felis-russica.com/pitomniki-felis-russica.html,2026-09-09,Supply-side federation webpage updated in place; no complete publication date or activity date per cattery; deleted entries excluded when marked; free-text breeds normalized conservatively; no animal/litter counts
RU-FELIS-RUSSICA-CATTERIES-2026-09-09,terra sky*ru,Terra Sky*RU,мейн-кун,Maine Coon,VBO:0100154,exact,1,Russia,listed cattery-breed association,Felis Russica (FIFe member),195,https://felis-russica.com/pitomniki-felis-russica.html,2026-09-09,Supply-side federation webpage updated in place; no complete publication date or activity date per cattery; deleted entries excluded when marked; free-text breeds normalized conservatively; no animal/litter counts
RU-FELIS-RUSSICA-CATTERIES-2026-09-09,top pick*ru,Top Pick*RU,ориентальная,Oriental Shorthair,VBO:0100184,exact,1,Russia,listed cattery-breed association,Felis Russica (FIFe member),195,https://felis-russica.com/pitomniki-felis-russica.html,2026-09-09,Supply-side federation webpage updated in place; no complete publication date or activity date per cattery; deleted entries excluded when marked; free-text breeds normalized conservatively; no animal/litter counts
RU-FELIS-RUSSICA-CATTERIES-2026-09-09,top pick*ru,Top Pick*RU,сиамская,Siamese,VBO:0100221,exact,1,Russia,listed cattery-breed association,Felis Russica (FIFe member),195,https://felis-russica.com/pitomniki-felis-russica.html,2026-09-09,Supply-side federation webpage updated in place; no complete publication date or activity date per cattery; deleted entries excluded when marked; free-text breeds normalized conservatively; no animal/litter counts
RU-FELIS-RUSSICA-CATTERIES-2026-09-09,twilight luxor*ru,Twilight Luxor*RU,восточные,Siamese / Oriental group,VBO:0100221|VBO:0100184,aggregate,1,Russia,listed cattery-breed association,Felis Russica (FIFe member),195,https://felis-russica.com/pitomniki-felis-russica.html,2026-09-09,Supply-side federation webpage updated in place; no complete publication date or activity date per cattery; deleted entries excluded when marked; free-text breeds normalized conservatively; no animal/litter counts
RU-FELIS-RUSSICA-CATTERIES-2026-09-09,umi naomi neko*ru,Umi Naomi Neko*RU,мейн-кун,Maine Coon,VBO:0100154,exact,1,Russia,listed cattery-breed association,Felis Russica (FIFe member),195,https://felis-russica.com/pitomniki-felis-russica.html,2026-09-09,Supply-side federation webpage updated in place; no complete publication date or activity date per cattery; deleted entries excluded when marked; free-text breeds normalized conservatively; no animal/litter counts
RU-FELIS-RUSSICA-CATTERIES-2026-09-09,unicum*ru,UNICUM*RU,мейн-кун,Maine Coon,VBO:0100154,exact,1,Russia,listed cattery-breed association,Felis Russica (FIFe member),195,https://felis-russica.com/pitomniki-felis-russica.html,2026-09-09,Supply-side federation webpage updated in place; no complete publication date or activity date per cattery; deleted entries excluded when marked; free-text breeds normalized conservatively; no animal/litter counts
RU-FELIS-RUSSICA-CATTERIES-2026-09-09,union snobs*ru,Union Snobs*RU,британская,British Shorthair,VBO:0100052,aggregate,1,Russia,listed cattery-breed association,Felis Russica (FIFe member),195,https://felis-russica.com/pitomniki-felis-russica.html,2026-09-09,Supply-side federation webpage updated in place; no complete publication date or activity date per cattery; deleted entries excluded when marked; free-text breeds normalized conservatively; no animal/litter counts
RU-FELIS-RUSSICA-CATTERIES-2026-09-09,vanila caramel*ru,Vanila Caramel*RU,бурманская,Burmese,VBO:0100053,exact,1,Russia,listed cattery-breed association,Felis Russica (FIFe member),195,https://felis-russica.com/pitomniki-felis-russica.html,2026-09-09,Supply-side federation webpage updated in place; no complete publication date or activity date per cattery; deleted entries excluded when marked; free-text breeds normalized conservatively; no animal/litter counts
RU-FELIS-RUSSICA-CATTERIES-2026-09-09,vetka sakury*ru,Vetka Sakury*RU,курильский бобтейл,Kurilian Bobtail,VBO:0100146,aggregate,1,Russia,listed cattery-breed association,Felis Russica (FIFe member),195,https://felis-russica.com/pitomniki-felis-russica.html,2026-09-09,Supply-side federation webpage updated in place; no complete publication date or activity date per cattery; deleted entries excluded when marked; free-text breeds normalized conservatively; no animal/litter counts
RU-FELIS-RUSSICA-CATTERIES-2026-09-09,victory dreams*ru,Victory Dreams*RU,мейн-кун,Maine Coon,VBO:0100154,exact,1,Russia,listed cattery-breed association,Felis Russica (FIFe member),195,https://felis-russica.com/pitomniki-felis-russica.html,2026-09-09,Supply-side federation webpage updated in place; no complete publication date or activity date per cattery; deleted entries excluded when marked; free-text breeds normalized conservatively; no animal/litter counts
RU-FELIS-RUSSICA-CATTERIES-2026-09-09,vikibast*ru,VikiBast*RU,восточные,Siamese / Oriental group,VBO:0100221|VBO:0100184,aggregate,1,Russia,listed cattery-breed association,Felis Russica (FIFe member),195,https://felis-russica.com/pitomniki-felis-russica.html,2026-09-09,Supply-side federation webpage updated in place; no complete publication date or activity date per cattery; deleted entries excluded when marked; free-text breeds normalized conservatively; no animal/litter counts
RU-FELIS-RUSSICA-CATTERIES-2026-09-09,viking heritage*ru,Viking Heritage*RU,норвежская лесная,Norwegian Forest Cat,VBO:0100178,exact,1,Russia,listed cattery-breed association,Felis Russica (FIFe member),195,https://felis-russica.com/pitomniki-felis-russica.html,2026-09-09,Supply-side federation webpage updated in place; no complete publication date or activity date per cattery; deleted entries excluded when marked; free-text breeds normalized conservatively; no animal/litter counts
RU-FELIS-RUSSICA-CATTERIES-2026-09-09,violle pride*ru,Violle Pride*RU,мейн-кун,Maine Coon,VBO:0100154,exact,1,Russia,listed cattery-breed association,Felis Russica (FIFe member),195,https://felis-russica.com/pitomniki-felis-russica.html,2026-09-09,Supply-side federation webpage updated in place; no complete publication date or activity date per cattery; deleted entries excluded when marked; free-text breeds normalized conservatively; no animal/litter counts
RU-FELIS-RUSSICA-CATTERIES-2026-09-09,vivalavita*ru,Vivalavita*RU,сибирская,Siberian,VBO:0100223,exact,1,Russia,listed cattery-breed association,Felis Russica (FIFe member),195,https://felis-russica.com/pitomniki-felis-russica.html,2026-09-09,Supply-side federation webpage updated in place; no complete publication date or activity date per cattery; deleted entries excluded when marked; free-text breeds normalized conservatively; no animal/litter counts
RU-FELIS-RUSSICA-CATTERIES-2026-09-09,vsevmurs*ru,Vsevmurs*RU,мейн-кун,Maine Coon,VBO:0100154,exact,1,Russia,listed cattery-breed association,Felis Russica (FIFe member),195,https://felis-russica.com/pitomniki-felis-russica.html,2026-09-09,Supply-side federation webpage updated in place; no complete publication date or activity date per cattery; deleted entries excluded when marked; free-text breeds normalized conservatively; no animal/litter counts
RU-FELIS-RUSSICA-CATTERIES-2026-09-09,wes bure*ru,Wes Bure*RU,норвежская лесная,Norwegian Forest Cat,VBO:0100178,exact,1,Russia,listed cattery-breed association,Felis Russica (FIFe member),195,https://felis-russica.com/pitomniki-felis-russica.html,2026-09-09,Supply-side federation webpage updated in place; no complete publication date or activity date per cattery; deleted entries excluded when marked; free-text breeds normalized conservatively; no animal/litter counts
RU-FELIS-RUSSICA-CATTERIES-2026-09-09,white chocolate*ru,White Chocolate*RU,священная бирма,Sacred Birman,VBO:0100204,exact,1,Russia,listed cattery-breed association,Felis Russica (FIFe member),195,https://felis-russica.com/pitomniki-felis-russica.html,2026-09-09,Supply-side federation webpage updated in place; no complete publication date or activity date per cattery; deleted entries excluded when marked; free-text breeds normalized conservatively; no animal/litter counts
RU-FELIS-RUSSICA-CATTERIES-2026-09-09,white sun*ru,White Sun*RU,мейн кун,Maine Coon,VBO:0100154,exact,1,Russia,listed cattery-breed association,Felis Russica (FIFe member),195,https://felis-russica.com/pitomniki-felis-russica.html,2026-09-09,Supply-side federation webpage updated in place; no complete publication date or activity date per cattery; deleted entries excluded when marked; free-text breeds normalized conservatively; no animal/litter counts
RU-FELIS-RUSSICA-CATTERIES-2026-09-09,white sun*ru,White Sun*RU,мейн-кун,Maine Coon,VBO:0100154,exact,1,Russia,listed cattery-breed association,Felis Russica (FIFe member),195,https://felis-russica.com/pitomniki-felis-russica.html,2026-09-09,Supply-side federation webpage updated in place; no complete publication date or activity date per cattery; deleted entries excluded when marked; free-text breeds normalized conservatively; no animal/litter counts
RU-FELIS-RUSSICA-CATTERIES-2026-09-09,wild nature*ru,Wild Nature*RU,мейн-кун,Maine Coon,VBO:0100154,exact,1,Russia,listed cattery-breed association,Felis Russica (FIFe member),195,https://felis-russica.com/pitomniki-felis-russica.html,2026-09-09,Supply-side federation webpage updated in place; no complete publication date or activity date per cattery; deleted entries excluded when marked; free-text breeds normalized conservatively; no animal/litter counts
RU-FELIS-RUSSICA-CATTERIES-2026-09-09,wild soul*ru,Wild Soul*RU,мейн-кун,Maine Coon,VBO:0100154,exact,1,Russia,listed cattery-breed association,Felis Russica (FIFe member),195,https://felis-russica.com/pitomniki-felis-russica.html,2026-09-09,Supply-side federation webpage updated in place; no complete publication date or activity date per cattery; deleted entries excluded when marked; free-text breeds normalized conservatively; no animal/litter counts
RU-FELIS-RUSSICA-CATTERIES-2026-09-09,yashmacoon*ru,YASHMACOON*RU,мейн-кун,Maine Coon,VBO:0100154,exact,1,Russia,listed cattery-breed association,Felis Russica (FIFe member),195,https://felis-russica.com/pitomniki-felis-russica.html,2026-09-09,Supply-side federation webpage updated in place; no complete publication date or activity date per cattery; deleted entries excluded when marked; free-text breeds normalized conservatively; no animal/litter counts
RU-FELIS-RUSSICA-CATTERIES-2026-09-09,yulgene*ru,Yulgene*RU,бурманская,Burmese,VBO:0100053,exact,1,Russia,listed cattery-breed association,Felis Russica (FIFe member),195,https://felis-russica.com/pitomniki-felis-russica.html,2026-09-09,Supply-side federation webpage updated in place; no complete publication date or activity date per cattery; deleted entries excluded when marked; free-text breeds normalized conservatively; no animal/litter counts
RU-FELIS-RUSSICA-CATTERIES-2026-09-09,zagorsky line*ru,Zagorsky Line*RU,мейн-кун,Maine Coon,VBO:0100154,exact,1,Russia,listed cattery-breed association,Felis Russica (FIFe member),195,https://felis-russica.com/pitomniki-felis-russica.html,2026-09-09,Supply-side federation webpage updated in place; no complete publication date or activity date per cattery; deleted entries excluded when marked; free-text breeds normalized conservatively; no animal/litter counts
RU-FELIS-RUSSICA-CATTERIES-2026-09-09,zemur*ru,Zemur*RU,ориентальная,Oriental Shorthair,VBO:0100184,exact,1,Russia,listed cattery-breed association,Felis Russica (FIFe member),195,https://felis-russica.com/pitomniki-felis-russica.html,2026-09-09,Supply-side federation webpage updated in place; no complete publication date or activity date per cattery; deleted entries excluded when marked; free-text breeds normalized conservatively; no animal/litter counts
RU-FELIS-RUSSICA-CATTERIES-2026-09-09,zemur*ru,Zemur*RU,сиамская,Siamese,VBO:0100221,exact,1,Russia,listed cattery-breed association,Felis Russica (FIFe member),195,https://felis-russica.com/pitomniki-felis-russica.html,2026-09-09,Supply-side federation webpage updated in place; no complete publication date or activity date per cattery; deleted entries excluded when marked; free-text breeds normalized conservatively; no animal/litter counts
RU-FELIS-RUSSICA-CATTERIES-2026-09-09,zimenok*ru,Zimenok*RU,мейн-кун,Maine Coon,VBO:0100154,exact,1,Russia,listed cattery-breed association,Felis Russica (FIFe member),195,https://felis-russica.com/pitomniki-felis-russica.html,2026-09-09,Supply-side federation webpage updated in place; no complete publication date or activity date per cattery; deleted entries excluded when marked; free-text breeds normalized conservatively; no animal/litter counts
RU-FELIS-RUSSICA-CATTERIES-2026-09-09,zinedin's family*ru,Zinedin's Family*RU,девон рекс,Devon Rex,VBO:0100084,exact,1,Russia,listed cattery-breed association,Felis Russica (FIFe member),195,https://felis-russica.com/pitomniki-felis-russica.html,2026-09-09,Supply-side federation webpage updated in place; no complete publication date or activity date per cattery; deleted entries excluded when marked; free-text breeds normalized conservatively; no animal/litter counts
RU-FELIS-RUSSICA-CATTERIES-2026-09-09,zlataaisling*ru,ZlataAisling*RU,мейн-кун,Maine Coon,VBO:0100154,exact,1,Russia,listed cattery-breed association,Felis Russica (FIFe member),195,https://felis-russica.com/pitomniki-felis-russica.html,2026-09-09,Supply-side federation webpage updated in place; no complete publication date or activity date per cattery; deleted entries excluded when marked; free-text breeds normalized conservatively; no animal/litter counts
RU-FELIS-RUSSICA-CATTERIES-2026-09-09,тамакy*ru,ТАМАКY*RU,британская короткошерстная,British Shorthair,VBO:0100052,exact,1,Russia,listed cattery-breed association,Felis Russica (FIFe member),195,https://felis-russica.com/pitomniki-felis-russica.html,2026-09-09,Supply-side federation webpage updated in place; no complete publication date or activity date per cattery; deleted entries excluded when marked; free-text breeds normalized conservatively; no animal/litter counts
